0.004912314662 0.6931907749 -0.2036404857 0.59532212 0.3531896091 -0.0614006445 -0.278294946 -1.650444418 0.7590724601 -0.4204873479 0.3721491555 1.485972919 -0.7983764471 1.854727612 0.6226310329 0.9630825414 0.301464348 0.1931134391 0.2314979497 -0.2897857449 -0.4932939694 0
0.1107293517 -0.07990259077 -0.2036404857 1.268942343 0.3962455685 -0.0614006445 -0.278294946 -1.710269883 0.7590724601 -0.4204873479 0.8827944671 1.485972919 -0.7983764471 1.854727612 0.278624569 0.9630825414 0.301464348 0.1292653519 0.09356344079 -0.2563854113 -0.4932939694 0
0.2165463887 -0.2724446568 -0.2036404857 1.050988365 0.148752525 -0.0614006445 -0.278294946 -1.710269883 1.106508926 -0.4204873479 2.516859464 1.14178027 -1.332930546 0.3146884955 2.342663352 -0.4882788852 0.06100204298 0.06541726467 0.02459618633 -0.2563854113 1.140017528 0
0.004912314662 0.727346047 -0.2036404857 1.212170766 -0.6835984744 -0.0614006445 -0.278294946 -1.710269883 1.106508926 -0.4204873479 1.989192642 1.14178027 -1.332930546 0.3146884955 1.654650424 -0.4882788852 0.06100204298 0.1931134391 0.09356344079 -0.3231860784 1.140017528 0
-0.1009047223 0.3635945119 1.32136618 1.02712032 0.1413585429 -0.0614006445 -0.278294946 -0.9923642996 -0.05161262623 -0.4204873479 0.7976869152 -0.2085139689 -0.08563764912 -0.5653338569 0.278624569 -0.4882788852 -0.05922910954 0.06541726467 0.02459618633 -0.4567874126 1.140017528 0
-0.1009047223 1.375314212 4.484914127 0.4805557527 -0.1918691861 -0.0614006445 -0.278294946 -0.9923642996 0.06419952896 -0.4204873479 -0.4789263638 0.3474895413 -0.6914656274 -0.3453282688 -0.7533948225 -0.4882788852 0.301464348 0.2569615263 0.3004652042 -0.356586412 1.140017528 0
-0.2067217594 0.5562925456 8.394663197 -0.1774076448 0.9429222483 -0.0614006445 1.104415979 -1.411142557 0.9906967705 -0.4204873479 -0.05338860412 0.8770166939 -0.834013387 0.5346940836 0.9666374967 -0.4882788852 0.4216955005 -0.5092155203 -0.1133383226 1.847835603 -0.4932939694 0
-0.2067217594 0.4887349094 7.812425925 -0.1745638426 0.6744783862 -0.0614006445 2.0307167 -1.530793487 0.9906967705 -0.4204873479 0.08278347897 0.8770166939 -0.834013387 0.5346940836 -0.4093883587 -0.4882788852 -0.1193446858 -0.3815193458 -0.2512728315 0.7456245953 -0.4932939694 0
-0.2067217594 0.6195296401 9.102202747 -0.03888693269 0.8005707366 -0.0614006445 -0.278294946 -1.231666161 0.7590724601 -0.4204873479 0.4572567075 1.353591131 -1.332930546 0.7546996716 0.278624569 -0.4882788852 0.4216955005 -0.3176712586 0.09356344079 1.647433601 1.140017528 0
-0.2067217594 -0.2005977079 9.302999355 0.3541120367 0.7034558312 -0.0614006445 2.079984295 -1.291491626 0.5274481497 -0.4204873479 0.09980498935 0.6652058328 -1.119108906 -0.3453282688 0.6226310329 -0.4882788852 -0.1794602621 -0.5730636075 -0.5271418494 0.5118222604 1.140017528 0
-0.2067217594 0.3581876838 9.68934974 0.1319782871 0.6855382537 -0.0614006445 1.118394479 -0.9325388343 0.2958238393 -0.4204873479 -0.07041011451 1.009398482 -0.9052872667 0.6996982746 0.6226310329 0.9630825414 -0.1794602621 -0.2538231714 -0.2512728315 0.2112192585 -0.4932939694 0
-0.4183558334 0.2653201998 8.756442538 -0.5429350626 0.3321298395 -0.0614006445 2.31212742 -1.11201523 0.2958238393 -0.4204873479 -0.2576467288 1.777212853 -1.190382786 1.854727612 1.654650424 -0.4882788852 -0.4199225671 -0.5092155203 -0.320240086 0.4450215933 -0.4932939694 0
0.004912314662 -0.9199884374 1.878982065 -1.635871141 3.268171254 -0.0614006445 -0.278294946 -1.11201523 5.275746513 -0.4204873479 -0.5470124053 1.830165568 -1.439841365 1.579720627 1.998656888 -0.4882788852 -0.1794602621 -1.275392567 -1.354748903 2.282039939 -0.4932939694 0
0.004912314662 -0.9199884374 2.064623675 -1.05248575 2.569443003 -0.0614006445 -0.278294946 -1.11201523 3.538564185 -0.4204873479 0.7296008737 1.989023714 -1.439841365 1.909729009 1.654650424 -0.4882788852 -0.1794602621 -0.8284559564 -0.7340436128 1.179828932 -0.4932939694 0
0.004912314662 -0.9199884374 2.155454861 -0.1497257598 3.920269222 -0.0614006445 -0.278294946 -1.351317091 6.318055909 -0.4204873479 -0.3257327703 1.989023714 -1.439841365 1.909729009 1.998656888 -0.4882788852 -0.7806160247 -1.339240654 -1.492683412 1.513832267 -0.4932939694 0
0.004912314662 -0.9199884374 1.66517266 -1.151467322 2.467691599 -0.0614006445 -0.278294946 -0.9325388343 1.685569702 -0.4204873479 1.172160144 1.856641926 -1.439841365 1.634722024 2.342663352 0.9630825414 -0.1794602621 -0.5730636075 -0.4581745949 0.4784219269 -0.4932939694 0
-1.264892129 0.9780871085 1.959123017 -1.344178428 -0.412511671 -0.0614006445 -0.278294946 -0.9923642996 2.264630478 -0.4204873479 2.295579829 1.380067489 -1.261656666 0.9197038627 3.03067628 -0.4882788852 -0.9008471772 -0.5730636075 -0.7340436128 0.1444185913 -0.4932939694 0
-1.264892129 1.382280236 1.587896242 -1.105158624 -0.1903768293 -0.0614006445 -0.278294946 -0.9923642996 2.033006167 -0.4204873479 0.7125793633 1.433020204 -1.332930546 0.9197038627 1.654650424 0.9630825414 -0.4199225671 -0.5092155203 -0.6650763583 0.1444185913 -0.4932939694 0
-1.264892129 0.6125318307 2.096273874 0.9076891968 -0.6835984744 -0.0614006445 -0.278294946 -1.052189765 2.612066943 -0.4204873479 2.721117589 1.856641926 -1.404204425 1.689723421 2.342663352 -0.4882788852 -0.6603848721 -0.5730636075 -0.7340436128 0.1110182578 -0.4932939694 0
-1.793977314 0.3453952514 1.46678661 0.1142850335 0.1296619032 -0.0614006445 -0.278294946 -1.291491626 2.264630478 -0.4204873479 1.801956028 1.485972919 -1.368567485 0.9747052597 1.654650424 -0.4882788852 -1.02107833 -1.083848305 -1.285781648 0.01081725713 -0.4932939694 0
-1.899794351 0.2328953392 -0.2036404857 -0.04131395027 0.3043439658 -0.0614006445 -0.278294946 -1.231666161 2.033006167 -0.4204873479 1.359396758 1.59187835 -1.368567485 1.194710848 1.310643961 -0.4882788852 -1.141309482 -1.147696392 -1.354748903 -0.05598340998 -0.4932939694 0
-1.793977314 0.6584500425 1.165014334 -0.3259851875 -0.2778143629 -0.0614006445 -0.278294946 -1.351317091 2.496254788 -0.4204873479 1.938128111 1.69778378 -1.439841365 1.304713642 1.310643961 -0.4882788852 -1.141309482 -1.020000218 -1.216814394 0.01081725713 -0.4932939694 0
-1.793977314 1.383445341 0.9486445414 0.1340658125 -0.6835984744 -0.0614006445 -0.278294946 -1.052189765 0.9906967705 -0.4204873479 0.7125793633 1.459496562 -1.332930546 0.9747052597 0.9666374967 -0.4882788852 -1.02107833 -0.8284559564 -1.14784714 -0.2229850778 -0.4932939694 0
-1.899794351 1.188984403 1.009617088 0.6976704601 -0.412511671 -0.0614006445 -0.278294946 -0.9923642996 0.8748846153 -0.4204873479 0.6785363425 0.6387294752 -1.261656666 -0.6203352539 0.9666374967 0.9630825414 -1.02107833 -0.8923040436 -1.14784714 -0.2563854113 -0.4932939694 0
-1.899794351 0.6148573367 0.7881030613 1.54840393 -0.6835984744 -0.0614006445 -0.278294946 -1.052189765 1.106508926 -0.4204873479 0.8998159775 1.433020204 -1.297293606 0.9747052597 0.6226310329 -0.4882788852 -1.02107833 -0.9561521308 -1.216814394 -0.2563854113 -0.4932939694 0
-1.688160277 -0.5362769876 0.5961526974 -0.04373362331 -0.6835984744 -0.0614006445 -0.278294946 -0.2744587158 0.1800116841 -0.3582470622 0.8657729567 0.5063476871 -1.261656666 -0.895342239 0.6226310329 -0.4882788852 -0.5401537196 -0.5730636075 -0.6650763583 -0.3899867455 1.140017528 0
-1.688160277 0.05632756704 0.04055891574 0.164589821 -0.6835984744 -0.0614006445 -0.278294946 -0.2744587158 0.4116359945 -0.3582470622 0.5423642594 1.803689211 -1.368567485 1.634722024 3.03067628 0.9630825414 -0.6603848721 -0.7007597819 -0.8030108672 -0.3899867455 -0.4932939694 0
-1.053258055 -0.9199884374 0.1757369898 -0.736797756 0.9875226673 -0.0614006445 -0.278294946 -1.351317091 3.422752029 -0.4204873479 1.189181654 2.015500072 -1.439841365 1.964730406 0.9666374967 -0.4882788852 -1.02107833 -1.275392567 -1.354748903 0.1110182578 -0.4932939694 0
-1.053258055 -0.9199884374 0.2210439405 -0.6294264216 1.187095404 -0.0614006445 -0.278294946 -1.411142557 3.770188495 -0.4204873479 1.274289206 2.015500072 -1.439841365 1.964730406 1.310643961 -0.4882788852 -1.201425058 -1.339240654 -1.354748903 0.07761792424 -0.4932939694 0
-1.053258055 -0.9199884374 -0.1048160406 1.096469055 0.3321298395 -0.0614006445 -0.278294946 -1.650444418 4.001812805 -0.4204873479 2.363665871 1.883118284 -1.332930546 1.854727612 3.03067628 -0.4882788852 -0.5401537196 -0.7007597819 -0.7340436128 0.1444185913 -0.4932939694 0
-1.053258055 -0.3555557422 -0.133051596 0.3158004128 0.04192176378 -0.0614006445 -0.278294946 -1.470968022 4.117624961 -0.4204873479 2.193450767 1.962547357 -1.439841365 1.854727612 2.342663352 -0.4882788852 -0.5401537196 -0.5730636075 -0.6650763583 0.244619592 -0.4932939694 0
-1.053258055 -0.1606315535 -0.07701857414 0.4646666655 1.268552037 -0.0614006445 -0.278294946 -1.351317091 6.433868064 -0.4204873479 1.427482799 1.989023714 -1.439841365 1.909729009 0.9666374967 -0.4882788852 -0.4199225671 -0.9561521308 -0.8719781217 1.814435269 -0.4932939694 0
2.756155277 0.3453952514 -0.2036404857 0.9893631384 -0.412511671 -0.0614006445 -0.278294946 -1.052189765 0.2958238393 -0.4204873479 1.138117123 1.221209343 -0.477643988 1.799726215 0.9666374967 -0.4882788852 2.04481606 2.23625223 2.300515584 -0.2229850778 1.140017528 0
2.756155277 0.4431697489 -0.2036404857 1.192211445 -0.6835984744 -0.0614006445 -0.278294946 -0.9325388343 -0.1674247814 -0.4204873479 0.7806654048 -0.4997539028 1.838757105 1.799726215 -0.06538189482 -0.4882788852 2.04481606 2.427796492 2.438450093 -0.3899867455 -0.4932939694 0
2.544521203 -0.9199884374 -0.2036404857 2.577858329 1.763939637 -0.0614006445 -0.278294946 -0.09498231986 3.075315564 -0.4204873479 2.380687381 2.015500072 -1.439841365 1.964730406 0.9666374967 0.9630825414 0.9026201106 0.5762019624 1.059105003 1.714234268 1.140017528 0
1.486350833 -0.9199884374 -0.2036404857 0.5130661419 -0.6835984744 -0.0614006445 -0.278294946 -0.3342841811 -0.7464855574 1.944643508 -0.4619048534 -1.479379135 2.052578745 0.09468290738 -1.097401286 -0.4882788852 1.082966839 1.406227096 1.334974021 -0.657189414 -0.4932939694 0
1.697984907 -0.9199884374 -0.2036404857 0.1762508719 -0.6835984744 -0.0614006445 -0.278294946 -0.2146332505 -0.7464855574 1.384480937 -0.3087112599 -1.42642642 1.874394045 -0.07032128369 -1.097401286 -0.4882788852 1.082966839 1.278530922 1.197039512 -0.6905897475 -0.4932939694 0
1.274716759 1.139179668 -0.2036404857 0.6425623846 -0.6835984744 -0.0614006445 -0.278294946 -0.693236973 -0.3990490918 -0.4204873479 -0.3427542807 0.6916821905 -0.4420070481 0.7546996716 0.278624569 -0.4882788852 0.7823889581 1.214682835 1.059105003 -0.4233870791 1.140017528 0
1.486350833 0.3652254965 -0.2036404857 0.1417123081 -0.6835984744 -0.0614006445 -0.278294946 -0.3342841811 -0.6306734022 0.6998377946 -0.5129693846 -0.7909938367 1.553661586 0.7546996716 0.278624569 -0.4882788852 1.082966839 1.342379009 1.266006767 -0.5569884133 -0.4932939694 0
1.486350833 0.2381757343 -0.2036404857 -0.03401061914 -0.6835984744 -0.0614006445 -0.278294946 -0.3342841811 -0.7464855574 0.8865586517 -0.5129693846 -1.214615559 1.874394045 0.3696898925 -0.7533948225 -0.4882788852 1.082966839 1.278530922 1.197039512 -0.657189414 -0.4932939694 0
1.063082685 -0.9199884374 -0.2036404857 -0.4777931695 -0.6835984744 -0.0614006445 -0.278294946 -1.171840696 -0.1674247814 -0.4204873479 0.5764072802 -1.267568274 1.411113827 -0.4553310628 -1.44140775 -0.4882788852 0.6621578056 0.7677462241 0.714268731 -0.6237890804 -0.4932939694 0
0.4281804627 -0.2846471279 -0.2036404857 0.1216140005 -0.6835984744 -0.0614006445 -0.278294946 -1.231666161 0.06419952896 -0.4204873479 0.5083212386 0.9829221244 -0.5845548077 1.139709451 2.342663352 -0.4882788852 0.2413487718 0.448505788 0.3004652042 -0.6237890804 -0.4932939694 0
0.9572656477 -0.5958014552 -0.2036404857 0.157664978 -0.6835984744 -0.0614006445 -0.278294946 -1.171840696 0.06419952896 -0.4204873479 0.8827944671 0.7711112634 -0.5845548077 0.6996982746 1.998656888 -0.4882788852 0.3615799243 0.6400500496 0.5073669676 -0.5569884133 1.140017528 0
1.909618981 -0.9199884374 -0.2036404857 -0.1926542955 -0.6835984744 -0.0614006445 -0.278294946 -0.2744587158 -0.7464855574 1.882403223 -0.4278618326 -1.479379135 1.874394045 -0.1803240777 -1.097401286 -0.4882788852 1.022851263 1.278530922 1.197039512 -0.6905897475 -0.4932939694 0
0.6398145367 -0.5894448631 -0.2036404857 -0.2643435227 -0.6835984744 -0.0614006445 -0.278294946 -0.03515685455 -0.514861247 0.824318366 0.6274718113 0.6652058328 -0.3350962284 0.8647024657 1.654650424 2.414443968 1.563891449 1.470075183 1.541875785 -0.4233870791 1.140017528 0
0.8514486107 0.9203743235 -0.2036404857 -0.1086242286 -0.6835984744 -0.0614006445 -0.278294946 -0.6334115077 -0.2832369366 -0.4204873479 0.3551276452 -0.3673721146 1.019107488 0.8097010687 -0.7533948225 -0.4882788852 1.203197992 1.278530922 1.266006767 -0.5235880797 -0.4932939694 0
0.8514486107 0.9203743235 -0.2036404857 -0.1086242286 -0.6835984744 -0.0614006445 -0.278294946 -0.6334115077 -0.2832369366 -0.4204873479 0.3551276452 -0.3673721146 1.019107488 0.8097010687 -0.7533948225 -0.4882788852 1.203197992 1.278530922 1.266006767 -0.5235880797 -0.4932939694 0
1.274716759 -0.9199884374 -0.2036404857 0.1099169265 -0.6835984744 -0.0614006445 -0.278294946 0.08449407608 -0.7464855574 -0.3582470622 0.8147084256 -0.9763283401 1.482387706 0.2596870984 -0.06538189482 -0.4882788852 1.563891449 1.597771358 1.610843039 -0.5235880797 1.140017528 0
1.274716759 -0.6078083852 -0.2036404857 0.09123772207 -0.6835984744 -0.0614006445 -0.278294946 0.02466861077 -0.7464855574 -0.2960067765 0.5593857698 -1.161662843 1.696209346 0.2046857014 -0.4093883587 -0.4882788852 1.563891449 1.533923271 1.610843039 -0.5235880797 1.140017528 0
0.8514486107 1.601106695 -0.07752354755 -0.5897907537 -0.6835984744 -0.0614006445 -0.278294946 0.443446868 0.1800116841 -0.4204873479 1.359396758 0.797587621 -0.7983764471 0.4246912895 -1.44140775 -0.4882788852 0.4818110768 0.8954423985 0.714268731 -0.2229850778 1.140017528 0
0.8514486107 1.135831421 -0.08937193126 -1.635871141 -0.6835984744 -0.0614006445 -0.278294946 0.5032723333 0.06419952896 -0.4204873479 0.7976869152 0.797587621 -0.7983764471 0.4246912895 -0.7533948225 -0.4882788852 0.6020422293 0.8954423985 0.714268731 -0.2897857449 1.140017528 0
0.8514486107 1.200479836 -0.1152440571 -0.16945796 -0.6835984744 -0.0614006445 -0.278294946 0.443446868 0.5274481497 -0.4204873479 1.614719414 0.9034930515 -0.7983764471 0.6446968776 -0.7533948225 -0.4882788852 0.4818110768 0.8954423985 0.714268731 -0.08938374354 1.140017528 0
0.8514486107 0.5829289024 -0.1305459647 -0.4233021395 -0.6835984744 -0.0614006445 -0.278294946 0.6827487292 0.06419952896 -0.3582470622 1.172160144 0.9034930515 -0.7983764471 0.6446968776 -0.4093883587 -0.4882788852 1.203197992 1.08698666 1.128072258 -0.1895847442 1.140017528 0
1.380533796 0.882976578 -0.01573898515 -1.01244949 -0.6835984744 -0.0614006445 -0.278294946 -0.5137605771 -0.05161262623 -0.4204873479 0.9168374879 1.194732985 -1.190382786 0.6446968776 -0.4093883587 0.9630825414 0.7222733818 1.08698666 0.9211704943 -0.2897857449 1.140017528 0
1.380533796 -0.1674115189 -0.1408948057 -1.115425403 -0.6835984744 -0.0614006445 -0.278294946 -0.6334115077 0.2958238393 -0.4204873479 2.397708892 1.14178027 -1.190382786 0.5346940836 0.6226310329 0.9630825414 0.8425045344 0.8954423985 0.9211704943 -0.3231860784 1.140017528 0
1.380533796 0.3155124259 0.002377902157 0.07295400315 -0.6835984744 -0.0614006445 -0.278294946 -0.5735860424 0.5274481497 -0.4204873479 2.227493788 1.750736496 -1.226019726 1.744724818 0.278624569 -0.4882788852 0.7222733818 1.08698666 0.9901377488 -0.2897857449 1.140017528 0
1.380533796 -0.9199884374 -0.1617268702 -0.9405638841 -0.6835984744 -0.0614006445 -0.278294946 -0.6334115077 0.2958238393 -0.4204873479 3.010483265 0.9299694091 -1.190382786 0.09468290738 0.278624569 0.9630825414 0.8425045344 0.8954423985 0.9211704943 -0.356586412 1.140017528 0
1.380533796 -0.5321573984 -0.04196450092 -0.5630504375 -0.6835984744 -0.0614006445 -0.278294946 -0.2744587158 -0.05161262623 -0.4204873479 1.733869986 1.750736496 -1.226019726 1.744724818 1.654650424 0.9630825414 0.7222733818 0.9592904857 0.8522032399 -0.4567874126 -0.4932939694 0
1.380533796 -0.9199884374 -0.05160287699 -0.7951510646 -0.6835984744 -0.0614006445 -0.278294946 -0.2146332505 -0.2832369366 -0.4204873479 1.291310716 1.644831065 -1.083471966 1.744724818 1.310643961 0.9630825414 0.5419266531 0.9592904857 0.8522032399 -0.4901877462 -0.4932939694 0
1.380533796 2.798626907 -0.02647621526 -0.9011242103 -0.6835984744 -0.0614006445 -0.278294946 -0.09498231986 0.06419952896 -0.4204873479 -1.398087925 0.9299694091 -0.9765611465 0.4246912895 0.278624569 -0.4882788852 1.203197992 1.470075183 1.47290853 -0.3231860784 1.140017528 0
1.380533796 2.294407865 0.3919117266 -1.141888725 -0.6835984744 -0.0614006445 -0.278294946 -0.2146332505 -0.3990490918 -0.4204873479 0.5423642594 1.353591131 -1.012198086 1.249712245 -0.06538189482 -0.4882788852 1.864469331 1.980859881 2.024646566 -0.3231860784 1.140017528 0
1.380533796 2.678361206 0.3418329497 -1.183426697 -0.6835984744 -0.0614006445 -0.278294946 -0.2744587158 -0.3990490918 -0.4204873479 -1.1938298 1.03587484 -0.6201917476 1.194710848 -0.06538189482 -0.4882788852 1.744238178 1.917011794 1.955679311 -0.3231860784 1.140017528 0
1.380533796 1.17327185 -0.2036404857 -1.056832173 -0.6835984744 -0.0614006445 -0.278294946 -0.2146332505 0.4116359945 -0.4204873479 2.584945506 1.14178027 -1.439841365 0.1496843044 -0.06538189482 -0.4882788852 1.082966839 1.150834747 1.197039512 -0.1561844106 1.140017528 0
0.7456315737 -0.9199884374 2.05348883 -1.635871141 0.05679573167 -0.0614006445 -0.278294946 -0.3941096464 0.06419952896 -0.4204873479 0.8657729567 1.59187835 -1.332930546 1.249712245 0.278624569 -0.4882788852 -0.1794602621 0.1931134391 0.09356344079 -0.4901877462 -0.4932939694 0
0.7456315737 -0.9199884374 -0.01154437393 -1.635871141 -0.6835984744 -0.0614006445 -0.278294946 1.041701521 -0.8622977126 1.260000366 0.5593857698 0.9829221244 -0.6201917476 1.084708054 -0.06538189482 -0.4882788852 0.7222733818 0.8954423985 0.7832359854 -0.6237890804 1.140017528 0
1.697984907 -0.9199884374 -0.2036404857 -1.635871141 -0.6835984744 -0.0614006445 -0.278294946 0.8023996598 -1.093922023 0.01519465194 0.2189555621 -1.399950062 1.589298526 -0.4553310628 -1.097401286 -0.4882788852 0.8425045344 1.023138573 0.9901377488 -0.657189414 1.140017528 0
-0.7358069444 1.559088459 -0.06584605266 -1.064401306 -0.6835984744 -0.0614006445 -0.278294946 -1.530793487 0.5274481497 -0.4204873479 -0.2406252184 0.58577676 0.3776425695 1.799726215 1.310643961 0.9630825414 -0.1794602621 -0.126126997 -0.2512728315 -0.5235880797 -2.126605467 0
-0.7358069444 0.303555968 -0.2036404857 -1.07177511 0.3648952848 -0.0614006445 -0.278294946 -1.171840696 0.2958238393 -0.04704563375 0.5764072802 0.5063476871 -0.6558286875 0.03968151036 -0.4093883587 -0.4882788852 -0.1794602621 -0.3176712586 -0.320240086 -0.356586412 -0.4932939694 0
-0.7358069444 0.3453952514 -0.02780605391 -1.05248575 -0.412511671 -0.0614006445 -0.278294946 -1.231666161 0.1800116841 -0.4204873479 1.087052592 -0.4997539028 0.2350948099 -0.6753366509 0.6226310329 2.414443968 -0.2996914146 -0.1899750842 -0.320240086 -0.4901877462 -0.4932939694 0
-0.7358069444 1.058617521 0.06030378056 -1.088547919 -0.6835984744 -0.0614006445 -0.278294946 -1.231666161 0.1800116841 -0.4204873479 1.546633372 0.2680604684 -0.7983764471 -0.6753366509 -0.06538189482 -0.4882788852 -0.2395758383 -0.06227890976 -0.2512728315 -0.5235880797 1.140017528 0
-0.7358069444 -0.271614473 -0.1495826688 -1.635871141 -0.6835984744 -0.0614006445 -0.278294946 -0.9325388343 -0.3990490918 -0.4204873479 0.4742782179 -1.188139201 0.9478336079 -1.005345033 -1.44140775 -0.4882788852 -0.2996914146 -0.1899750842 -0.320240086 -0.657189414 -0.4932939694 0
-0.7358069444 -0.1197800652 0.129944139 -1.635871141 -0.6835984744 -0.0614006445 -0.278294946 -1.351317091 0.5274481497 -0.4204873479 1.291310716 0.2151077532 -0.7983764471 -0.785339445 0.278624569 0.9630825414 -0.2395758383 -0.1899750842 -0.2512728315 -0.4901877462 1.140017528 0
-0.7358069444 0.1344979826 0.4117800234 -0.7607930364 0.6718354774 -0.0614006445 -0.278294946 -1.351317091 1.569757546 -0.4204873479 1.529611862 1.433020204 -1.226019726 1.084708054 0.278624569 0.9630825414 -0.6603848721 -0.6369116947 -0.7340436128 -0.1561844106 -0.4932939694 0
-0.7358069444 -0.9199884374 0.8461129558 -1.635871141 2.013771326 -0.0614006445 -0.278294946 -1.351317091 2.843691254 -0.4204873479 0.831729936 1.883118284 -1.368567485 1.799726215 0.9666374967 0.9630825414 -0.9008471772 -1.020000218 -1.078879885 0.07761792424 -0.4932939694 0
-0.7358069444 0.9565669863 -0.1254121069 0.3107311479 -0.08056866773 -0.0614006445 -0.278294946 -1.351317091 0.7590724601 -0.4204873479 0.6615148321 0.8240639786 -0.6201917476 0.7546996716 1.310643961 -0.4882788852 -0.6002692959 -0.4453674331 -0.5961091038 -0.3231860784 -0.4932939694 0
-0.7358069444 0.6069792003 0.9166881671 0.4760826189 0.8866095555 -0.0614006445 -0.278294946 -1.470968022 1.222321081 -0.4204873479 -0.1895606872 1.59187835 -0.9765611465 1.799726215 1.310643961 0.9630825414 -0.6603848721 -0.5092155203 -0.6650763583 -0.1561844106 -0.4932939694 0
-0.7358069444 -0.9199884374 -0.1444198436 -1.635871141 -0.6835984744 -0.0614006445 -0.278294946 -1.171840696 0.06419952896 -0.4204873479 1.88706358 -0.3144193994 -0.3707331683 -1.225350621 -0.06538189482 0.9630825414 -0.5401537196 -0.5092155203 -0.6650763583 -0.4901877462 1.140017528 0
-0.7358069444 0.7914555034 1.009230312 -1.044095253 1.516286873 -0.0614006445 -0.278294946 -1.291491626 0.8748846153 -0.4204873479 -0.6491414676 1.274162058 -0.4420070481 1.964730406 1.998656888 -0.4882788852 -0.2996914146 -0.5092155203 -0.5961091038 -0.02258307643 -0.4932939694 0
-0.3125387964 0.3453952514 -0.1333067138 -1.344178428 -0.6835984744 -0.0614006445 -0.278294946 -0.6334115077 0.2958238393 -0.4204873479 0.7976869152 1.168256628 -0.4420070481 1.744724818 1.998656888 -0.4882788852 0.06100204298 0.1931134391 0.02459618633 -0.4901877462 -0.4932939694 0
-0.3125387964 0.3297603794 -0.134175747 0.09266039259 -0.6835984744 -0.0614006445 -0.278294946 -0.5735860424 -0.1674247814 -0.4204873479 0.3210846244 0.4798713295 0.3776425695 1.579720627 0.6226310329 -0.4882788852 0.0008864667171 0.06541726467 -0.1133383226 -0.5569884133 -0.4932939694 0
-0.3125387964 -0.9199884374 -0.1416329901 0.4214202866 -0.6835984744 -0.0614006445 -0.278294946 -0.3941096464 -0.2832369366 -0.4204873479 0.7296008737 -0.5262302604 0.7340119685 0.03968151036 -0.06538189482 0.9630825414 -0.1794602621 -0.06227890976 -0.1823055771 -0.6237890804 -0.4932939694 0
-0.3125387964 0.9044404376 -0.02110759915 1.392176884 3.068586913 -0.0614006445 -0.278294946 -1.351317091 4.349249271 -0.4204873479 -1.398087925 1.883118284 -1.439841365 1.689723421 3.03067628 0.9630825414 0.1812331955 -0.7007597819 -0.5271418494 2.181838938 -0.4932939694 0
-0.3125387964 -0.9199884374 0.02803586941 0.6701038842 4.316910153 -0.0614006445 -0.278294946 -1.351317091 3.88600065 -0.4204873479 -1.398087925 1.69778378 -1.439841365 1.304713642 0.9666374967 2.414443968 -0.4199225671 -1.21154448 -1.14784714 1.313430266 -0.4932939694 0
-0.9474410184 -0.2872965804 -0.2036404857 -0.1774076448 0.6718354774 -0.0614006445 -0.278294946 -0.8727133689 -0.3990490918 -0.3582470622 -0.4108403222 -0.552706618 0.1638209302 -0.895342239 -0.4093883587 -0.4882788852 -0.6603848721 -0.5730636075 -0.7340436128 -0.4901877462 -0.4932939694 0
-0.9474410184 -0.556152698 -0.2036404857 -0.1262040267 1.187095404 -0.0614006445 -0.278294946 -0.9325388343 -0.3990490918 -0.4204873479 -0.7342490196 -0.4732775451 0.05691011046 -0.895342239 -0.4093883587 -0.4882788852 -0.7806160247 -0.7007597819 -0.8719781217 -0.4901877462 -0.4932939694 0
-0.9474410184 -0.03273987444 -0.2036404857 0.2048633089 1.027101846 -0.0614006445 -0.278294946 -1.231666161 -0.1674247814 -0.4204873479 -1.040636207 -0.4732775451 0.05691011046 -0.895342239 -0.4093883587 -0.4882788852 -0.9008471772 -0.6369116947 -0.8030108672 -0.4567874126 -0.4932939694 0
-0.9474410184 -0.9199884374 -0.2036404857 0.1142850335 0.6718354774 -0.0614006445 -0.278294946 0.1443195414 -0.3990490918 1.508961509 -0.1384961561 1.485972919 -1.119108906 1.359715039 3.374682744 2.414443968 -0.4199225671 -0.7007597819 -0.6650763583 -0.1895847442 -0.4932939694 0
-0.9474410184 -0.9199884374 -0.2036404857 0.01125386192 0.8471694589 -0.0614006445 -0.278294946 0.3237959373 -0.7464855574 1.571201794 -0.8704211027 0.5328240447 -0.5489178678 0.2596870984 0.9666374967 -0.4882788852 -0.6603848721 -0.7007597819 -0.7340436128 -0.4233870791 -0.4932939694 0
-0.9474410184 -0.9199884374 -0.2036404857 -0.03156128818 1.30437133 -0.0614006445 -0.278294946 0.02466861077 -0.514861247 0.7620780803 -0.75127053 0.2945368261 -1.119108906 -1.115347827 1.310643961 0.9630825414 -0.7205004484 -0.8923040436 -0.8030108672 -0.2229850778 1.140017528 0
-0.9474410184 0.4979508579 -0.2036404857 0.3252851744 0.5314784011 -0.0614006445 -0.278294946 -0.693236973 -0.1674247814 -0.4204873479 -0.5980769365 1.69778378 -1.047835026 1.909729009 1.654650424 0.9630825414 -0.05922910954 -0.7007597819 -0.6650763583 0.6120232611 -0.4932939694 0
2.756155277 -0.9199884374 -0.2036404857 -1.635871141 -0.6835984744 -0.0614006445 -0.278294946 0.5630977986 -0.9781098678 1.695682366 -0.03636709374 0.5063476871 -0.477643988 0.3146884955 -0.4093883587 -0.4882788852 1.744238178 1.917011794 1.955679311 -0.6237890804 1.140017528 0
2.756155277 -0.9199884374 -0.2036404857 -1.635871141 -0.6835984744 -0.0614006445 -0.278294946 0.6229232639 -1.093922023 1.944643508 -0.4108403222 -1.558808208 2.337674264 0.3696898925 -1.44140775 -0.4882788852 1.744238178 1.980859881 2.024646566 -0.6905897475 -0.4932939694 0
2.756155277 -0.9199884374 -0.2036404857 -1.635871141 -0.6835984744 -0.0614006445 -0.278294946 0.6827487292 -0.9781098678 1.508961509 0.06576196858 0.4798713295 -0.477643988 0.2596870984 -1.097401286 -0.4882788852 1.744238178 1.853163707 1.886712057 -0.6237890804 1.140017528 0
2.756155277 -0.9199884374 -0.2036404857 -1.635871141 -0.6835984744 -0.0614006445 -0.278294946 0.7425741945 -1.093922023 3.189449222 -0.666162978 -1.664713638 2.444585084 0.3146884955 -1.44140775 -0.4882788852 1.744238178 2.044707968 2.024646566 -0.6905897475 -0.4932939694 0
2.861972314 -0.7090911433 -0.2036404857 1.281055852 -0.6835984744 -0.0614006445 -0.278294946 0.9818760558 -1.209734178 0.07743493764 0.06576196858 -0.7909938367 1.518024646 0.6996982746 -0.06538189482 -0.4882788852 1.744238178 1.980859881 2.024646566 -0.657189414 1.140017528 0
2.861972314 -0.5179759739 -0.2036404857 1.700277138 -0.6835984744 -0.0614006445 -0.278294946 0.8023996598 -1.093922023 -0.4204873479 -0.05338860412 -0.7909938367 1.518024646 0.6996982746 -0.06538189482 -0.4882788852 1.624007026 1.980859881 2.024646566 -0.6237890804 1.140017528 0
2.861972314 -0.5186140809 -0.2036404857 1.694981662 -0.6835984744 -0.0614006445 -0.278294946 0.8023996598 -1.093922023 -0.4204873479 -0.07041011451 -0.7909938367 1.518024646 0.6996982746 -0.06538189482 -0.4882788852 1.624007026 1.980859881 1.955679311 -0.6237890804 1.140017528 0
2.861972314 -0.9199884374 -0.2036404857 0.3512853718 -0.6835984744 -0.0614006445 -0.278294946 0.7425741945 -1.093922023 -0.4204873479 -0.01934558335 -1.373473704 2.302037324 0.6996982746 -1.097401286 -0.4882788852 2.04481606 2.172404143 2.162581075 -0.6237890804 -0.4932939694 0
2.332887129 -0.2872965804 -0.2036404857 -1.05248575 -0.412511671 -0.0614006445 -0.278294946 -0.03515685455 0.6432603049 -0.4204873479 3.078569307 1.936070999 -1.439841365 1.799726215 1.998656888 14.02533538 1.022851263 1.597771358 1.748777548 0.2112192585 1.140017528 0
2.332887129 -0.1751700498 -0.2036404857 -0.6057104781 -0.6835984744 -0.0614006445 -0.278294946 -0.03515685455 0.6432603049 -0.4204873479 4.678591283 1.936070999 -1.439841365 1.799726215 1.310643961 6.768528248 1.022851263 1.406227096 1.403941276 0.07761792424 1.140017528 0
1.168899722 0.3453952514 -0.2036404857 -0.7607930364 -0.6835984744 -0.0614006445 -0.278294946 0.3237959373 -0.2832369366 0.01519465194 1.478547331 1.247685701 -1.190382786 0.7546996716 1.998656888 -0.4882788852 0.6020422293 0.8954423985 0.7832359854 -0.356586412 1.140017528 0
1.168899722 1.058617521 -0.2036404857 -1.088547919 -0.6835984744 -0.0614006445 -0.278294946 0.3237959373 -0.6306734022 -0.4204873479 -0.6491414676 0.8505403362 -0.6558286875 0.7546996716 0.278624569 -0.4882788852 0.6621578056 1.08698666 0.8522032399 -0.4901877462 1.140017528 0
1.168899722 -0.5571967052 -0.2036404857 -1.134092751 -0.6835984744 -0.0614006445 -0.278294946 0.3836214026 -0.3990490918 0.201915509 1.665783945 0.6916821905 -0.6558286875 0.4246912895 1.310643961 0.9630825414 0.6621578056 0.8315943113 0.714268731 -0.5569884133 1.140017528 0
1.803801944 -0.4981938745 -0.2036404857 -0.7607930364 -0.6835984744 -0.0614006445 -0.278294946 0.3836214026 -0.514861247 0.07743493764 1.801956028 0.6652058328 -0.6914656274 0.3146884955 -0.06538189482 -0.4882788852 0.9026201106 1.278530922 1.197039512 -0.4567874126 1.140017528 0
1.803801944 -0.1651650335 -0.2036404857 -1.635871141 -0.6835984744 -0.0614006445 -0.278294946 0.3836214026 -0.6306734022 0.1396752233 0.4061921763 0.5328240447 -0.477643988 0.3696898925 -0.06538189482 0.9630825414 1.022851263 1.342379009 1.197039512 -0.5235880797 1.140017528 0
1.697984907 -0.3221968458 -0.2036404857 0.4311474526 -0.6835984744 -0.0614006445 -0.278294946 0.5630977986 -0.8622977126 0.5131169375 0.1338480101 -0.5791829757 0.8765597281 0.1496843044 0.9666374967 0.9630825414 1.022851263 1.214682835 1.197039512 -0.5903887469 1.140017528 0
1.697984907 -0.9199884374 -0.2036404857 -0.448300543 -0.6835984744 -0.0614006445 -0.278294946 0.7425741945 -1.093922023 0.824318366 0.2359770724 -0.6850884062 0.8765597281 -0.07032128369 0.278624569 -0.4882788852 1.022851263 1.214682835 1.128072258 -0.657189414 1.140017528 0
1.697984907 -0.9199884374 -0.2036404857 -0.2141656557 -0.6835984744 -0.0614006445 -0.278294946 0.6229232639 -0.9781098678 0.3886363661 0.3721491555 -0.7380411214 0.8765597281 -0.1803240777 0.278624569 -0.4882788852 0.9026201106 1.214682835 1.128072258 -0.657189414 1.140017528 0
0.8514486107 0.6109853791 -0.182366472 -0.2242080071 -0.3556135612 -0.0614006445 -0.278294946 -0.2146332505 0.2958238393 -0.4204873479 0.01469743742 1.247685701 -1.368567485 0.4796926865 2.686669816 0.9630825414 1.383544721 1.023138573 1.197039512 0.3114202591 1.140017528 0
-0.7358069444 0.1380276358 -0.2036404857 0.3152560432 -0.6835984744 -0.0614006445 -0.278294946 -0.8128879036 -0.1674247814 -0.4204873479 0.525342749 0.2945368261 0.8409227882 1.909729009 -0.4093883587 -0.4882788852 -0.6002692959 -0.126126997 -0.320240086 -0.3899867455 -2.126605467 0
-0.7358069444 -0.9199884374 -0.2036404857 0.9937495018 -0.6835984744 -0.0614006445 -0.278294946 -0.6334115077 -0.3990490918 -0.4204873479 1.087052592 0.2945368261 0.8409227882 1.909729009 -0.06538189482 -0.4882788852 -0.6002692959 -0.3815193458 -0.5961091038 -0.5903887469 -2.126605467 0
-0.9474410184 -0.3648493711 -0.2036404857 0.2836653292 -0.6835984744 -0.0614006445 -0.278294946 -0.3941096464 -0.6306734022 0.4508766518 0.09980498935 -0.9233756248 0.8052858483 -0.6753366509 -0.7533948225 -0.4882788852 -0.6002692959 -0.3176712586 -0.5961091038 -0.5569884133 -0.4932939694 0
-0.9474410184 -0.5519158802 -0.2036404857 0.4004580873 -0.6835984744 -0.0614006445 -0.278294946 -0.3342841811 -0.7464855574 0.3263960804 0.1168264997 -1.214615559 0.8052858483 -1.280352018 -0.7533948225 -0.4882788852 -0.6002692959 -0.4453674331 -0.6650763583 -0.657189414 -0.4932939694 0
-0.9474410184 -0.5154030893 -0.2036404857 0.6024619479 -0.6835984744 -0.0614006445 -0.278294946 -0.3941096464 -0.6306734022 0.3886363661 -0.03636709374 -1.320520989 0.9478336079 -1.280352018 -1.097401286 -0.4882788852 -0.6002692959 -0.3815193458 -0.5961091038 -0.657189414 -0.4932939694 0
-0.9474410184 0.7671898397 -0.2036404857 0.4059777468 -0.6835984744 -0.0614006445 -0.278294946 -0.6334115077 -0.6306734022 0.2641557947 -0.8363780819 -1.135186486 0.912196668 -0.950343636 -1.097401286 -0.4882788852 -0.6002692959 -0.3176712586 -0.5961091038 -0.5903887469 -2.126605467 0
-0.9474410184 0.8582523674 -0.2036404857 0.3317212214 -0.6835984744 -0.0614006445 -0.278294946 -0.693236973 -0.6306734022 -0.04704563375 -0.8193565715 -1.082233771 0.912196668 -0.840340842 -0.7533948225 -0.4882788852 -0.6002692959 -0.3176712586 -0.5961091038 -0.5903887469 -0.4932939694 0
-0.9474410184 0.5086321387 -0.2036404857 0.3400584876 -0.6835984744 -0.0614006445 -0.278294946 -0.5137605771 -0.6306734022 0.5753572232 -0.7682920404 -1.055757413 0.8765597281 -0.840340842 -1.097401286 -0.4882788852 -0.6002692959 -0.3815193458 -0.6650763583 -0.5903887469 -2.126605467 0
-0.9474410184 0.4039164991 -0.2036404857 0.805591655 -0.6835984744 -0.0614006445 -0.278294946 -0.5735860424 -0.6306734022 0.3886363661 -0.8533995923 -1.082233771 0.912196668 -0.840340842 -1.097401286 -0.4882788852 -0.6002692959 -0.3176712586 -0.6650763583 -0.5903887469 -2.126605467 0
-1.053258055 0.08344745394 -0.2036404857 0.4459118824 -0.3611450388 -0.0614006445 -0.278294946 -0.7530624383 -0.2832369366 0.201915509 0.1168264997 0.1886313956 -0.834013387 -0.895342239 -0.7533948225 -0.4882788852 -0.6603848721 -0.5730636075 -0.7340436128 -0.4233870791 1.140017528 0
-1.053258055 0.2426131253 -0.2036404857 0.3741262319 -0.6835984744 -0.0614006445 -0.278294946 -0.7530624383 -0.3990490918 0.3263960804 0.03171894781 -0.2349903265 -0.2638223486 -0.895342239 -0.7533948225 0.9630825414 -0.6603848721 -0.5092155203 -0.7340436128 -0.5569884133 -0.4932939694 0
-1.053258055 0.1730915813 -0.2036404857 -0.1240287167 -0.6835984744 -0.0614006445 -0.278294946 -0.8128879036 -0.2832369366 0.201915509 -0.002324072964 -0.4468011875 -0.1569115289 -1.170349224 -0.06538189482 -0.4882788852 -0.6603848721 -0.5092155203 -0.7340436128 -0.5903887469 1.140017528 0
0.2165463887 -0.2872965804 -0.04538949793 -1.344178428 -0.412511671 -0.0614006445 -0.278294946 0.6827487292 2.033006167 -0.4204873479 5.716903417 1.485972919 -1.297293606 1.084708054 -1.097401286 -0.4882788852 0.1211176192 0.1292653519 0.1625306953 0.1444185913 -0.4932939694 0
0.2165463887 -0.2086921206 -0.05538065249 -1.143973033 -0.6835984744 -0.0614006445 -0.278294946 0.5032723333 2.612066943 -0.4204873479 7.231817841 1.485972919 -1.297293606 1.084708054 -1.097401286 -0.4882788852 0.0008864667171 0.1292653519 0.1625306953 0.1444185913 -0.4932939694 0
0.2165463887 -0.4981938745 -0.1157232698 -1.05248575 -0.6835984744 -0.0614006445 -0.278294946 1.340828848 0.06419952896 -0.2337664908 2.993461755 1.69778378 -1.297293606 1.52471923 -0.7533948225 -0.4882788852 0.0008864667171 0.1931134391 0.02459618633 -0.4567874126 -0.4932939694 0
0.2165463887 -0.1870439724 -0.05086839685 -1.129002222 -0.6835984744 -0.0614006445 -0.278294946 1.340828848 -0.2832369366 -0.4204873479 1.308332227 1.327114774 -0.7983764471 1.52471923 0.6226310329 -0.4882788852 0.1211176192 0.1931134391 0.02459618633 -0.4901877462 -0.4932939694 0
-1.688160277 -0.574070721 -0.2036404857 -0.678991405 -0.6835984744 -0.0614006445 -0.278294946 0.08449407608 -0.8622977126 2.006883794 -0.4619048534 -0.7909938367 0.02127317057 -1.6103604 -0.06538189482 -0.4882788852 -0.9609627534 -0.8284559564 -1.009912631 -0.657189414 1.140017528 0
-1.688160277 -0.9199884374 -0.2036404857 -0.1745638426 -0.2309061767 -0.0614006445 -0.278294946 -0.09498231986 -0.7464855574 1.135519794 -0.444883343 -0.0496558231 -1.226019726 -1.995370179 0.6226310329 -0.4882788852 -0.9609627534 -0.9561521308 -1.078879885 -0.5903887469 1.140017528 0
-1.688160277 -0.9199884374 -0.2036404857 0.07017542739 -0.6835984744 -0.0614006445 -0.278294946 0.2041450067 -0.9781098678 1.19776008 -0.4619048534 -1.638237281 0.8409227882 -2.105372973 -1.097401286 -0.4882788852 -0.9609627534 -0.8284559564 -1.009912631 -0.6905897475 -0.4932939694 0
-1.370709166 -0.5648397776 -0.2036404857 -0.1622494783 -0.2270913612 -0.0614006445 -0.278294946 -0.9325388343 -0.1674247814 -0.2960067765 0.4061921763 0.4004422566 -0.477643988 0.09468290738 -0.4093883587 0.9630825414 -0.9008471772 -0.7646078691 -0.9409453761 -0.5569884133 -0.4932939694 0
-1.370709166 -0.506132724 -0.2036404857 -0.4910608539 -0.6835984744 -0.0614006445 -0.278294946 -0.8727133689 -0.1674247814 -0.2960067765 0.5764072802 0.4004422566 -0.477643988 0.09468290738 -0.4093883587 2.414443968 -0.9008471772 -0.7007597819 -0.9409453761 -0.5903887469 -0.4932939694 0
-1.370709166 -0.4410758552 -0.2036404857 -0.3111001326 -0.6835984744 -0.0614006445 -0.278294946 -0.8128879036 -0.1674247814 -0.2337664908 0.525342749 0.4004422566 -0.477643988 0.09468290738 0.6226310329 -0.4882788852 -0.9008471772 -0.7007597819 -0.9409453761 -0.6237890804 -0.4932939694 0
-1.370709166 0.3277048582 -0.2036404857 0.0898173948 -0.6835984744 -0.0614006445 -0.278294946 -0.8128879036 -0.05161262623 -0.4204873479 0.4232136867 1.59187835 -1.154745846 1.52471923 0.9666374967 -0.4882788852 -0.5401537196 -0.3815193458 -0.6650763583 -0.4567874126 -0.4932939694 0
-1.370709166 -0.9199884374 -0.2036404857 -0.425699709 -0.6835984744 -0.0614006445 -0.278294946 -0.6334115077 -0.3990490918 -0.4204873479 0.9849235294 0.4798713295 -1.154745846 -0.785339445 -0.06538189482 -0.4882788852 -0.5401537196 -0.5092155203 -0.5961091038 -0.5903887469 1.140017528 0
-1.370709166 1.038314316 -0.2036404857 0.05696307177 -0.3689488551 -0.0614006445 -0.278294946 -0.8727133689 0.4116359945 -0.4204873479 0.304063114 1.459496562 -0.7627395072 1.854727612 1.654650424 -0.4882788852 -0.2395758383 -0.06227890976 -0.1133383226 -0.02258307643 -0.4932939694 0
-1.370709166 -0.2749225145 -0.2036404857 1.040707002 0.1455674935 -0.0614006445 -0.278294946 -1.11201523 0.06419952896 -0.4204873479 1.00194504 -0.4732775451 -0.08563764912 -1.115347827 -0.4093883587 -0.4882788852 -0.5401537196 -0.7007597819 -0.8030108672 -0.4233870791 -0.4932939694 0
-1.159075092 1.916647613 -0.2036404857 -0.5149110624 -0.6835984744 -0.0614006445 -0.278294946 -0.693236973 0.5274481497 -0.4204873479 -0.2916897495 1.724260138 -1.119108906 1.854727612 2.342663352 -0.4882788852 0.3615799243 0.2569615263 0.2314979497 -0.08938374354 -0.4932939694 0
-1.264892129 1.465538389 -0.2036404857 0.838701113 -0.6835984744 -0.0614006445 -0.278294946 -1.052189765 0.6432603049 -0.4204873479 1.035988061 1.406543846 -0.6914656274 1.854727612 1.998656888 0.9630825414 -0.5401537196 -0.1899750842 -0.320240086 -0.2897857449 -0.4932939694 0
0.6398145367 3.439767467 -0.2036404857 0.2195110655 -0.6835984744 -0.0614006445 -0.278294946 -0.5735860424 4.465061426 -0.4204873479 -0.6321199573 1.962547357 -1.368567485 1.964730406 2.342663352 2.414443968 0.6020422293 1.533923271 1.679810293 1.714234268 1.140017528 0
-0.1009047223 -0.9199884374 -0.2036404857 -1.635871141 1.760259126 -0.0614006445 -0.278294946 -0.4539351117 0.5274481497 -0.4204873479 -0.8533995923 0.4269186142 -1.154745846 -0.895342239 -0.06538189482 0.9630825414 -0.5401537196 -0.7646078691 -0.7340436128 0.01081725713 1.140017528 0
0.004912314662 -0.9199884374 -0.2036404857 0.5032086629 1.801363749 -0.0614006445 -0.278294946 -0.3941096464 1.338133236 -0.4204873479 0.4061921763 1.433020204 -1.404204425 0.8097010687 0.9666374967 0.9630825414 -0.1794602621 -0.5092155203 -0.4581745949 0.1444185913 -0.4932939694 0
0.004912314662 2.256718135 -0.2036404857 -0.7571285704 0.1330675021 -0.0614006445 -0.278294946 -0.8128879036 3.88600065 -0.4204873479 -0.4789263638 1.936070999 -1.368567485 1.909729009 1.654650424 0.9630825414 -0.1794602621 1.342379009 1.817744802 3.885255949 1.140017528 0
0.004912314662 0.1344979826 -0.2036404857 0.9893631384 1.214009052 -0.0614006445 -0.278294946 -0.5137605771 2.264630478 -0.4204873479 1.206203164 1.883118284 -1.332930546 1.854727612 0.6226310329 2.414443968 -0.1794602621 0.1931134391 -0.1823055771 1.480431934 -0.4932939694 0
0.004912314662 -0.9199884374 -0.2036404857 0.2048633089 -0.6835984744 -0.0614006445 -0.278294946 0.263970472 0.6432603049 -0.4204873479 2.567923995 0.4004422566 -1.012198086 -0.7303380479 0.278624569 -0.4882788852 -0.1794602621 0.001569177458 -0.1133383226 -0.4233870791 1.140017528 0
0.6398145367 0.631335744 -0.2036404857 -0.2054435362 -0.6835984744 -0.0614006445 -0.278294946 -0.7530624383 -0.1674247814 -0.4204873479 0.1338480101 -0.3673721146 1.019107488 0.8097010687 -0.7533948225 -0.4882788852 1.323429144 1.214682835 1.266006767 -0.4233870791 -0.4932939694 0
1.909618981 -0.9199884374 -0.2036404857 0.8270833949 -0.6835984744 -0.0614006445 -0.278294946 0.5630977986 -1.093922023 0.3886363661 -0.0874316249 -1.53233185 2.016941805 -0.07032128369 -0.7533948225 -0.4882788852 1.022851263 1.406227096 1.403941276 -0.6237890804 -0.4932939694 0
1.380533796 -0.08406830266 -0.2036404857 -1.057789235 -0.6835984744 -0.0614006445 -0.278294946 0.263970472 -0.9781098678 -0.4204873479 -0.2065821976 -1.267568274 1.945667925 0.3696898925 -1.097401286 -0.4882788852 1.082966839 1.533923271 1.47290853 -0.5569884133 -0.4932939694 0
-1.264892129 -0.9199884374 0.07769460388 -1.635871141 -0.412511671 -0.0614006445 -0.278294946 0.5032723333 -0.8622977126 0.01519465194 0.6785363425 0.08272596504 -1.226019726 -1.720363194 0.6226310329 -0.4882788852 -0.7806160247 -0.7646078691 -0.9409453761 -0.5903887469 1.140017528 0
-1.264892129 -0.9199884374 0.0641958804 -1.635871141 -0.6835984744 -0.0614006445 -0.278294946 0.3836214026 -0.7464855574 -0.4204873479 1.121095613 0.08272596504 -1.226019726 -1.720363194 0.278624569 -0.4882788852 -0.7806160247 -0.7007597819 -0.8719781217 -0.6237890804 1.140017528 0
-1.264892129 -0.9199884374 0.1419750596 -1.635871141 -0.6835984744 -0.0614006445 -0.278294946 0.6827487292 -1.093922023 0.3263960804 0.0487404582 -1.161662843 0.4489164493 -1.720363194 -0.7533948225 -0.4882788852 -0.9609627534 -0.7646078691 -1.009912631 -0.657189414 -0.4932939694 0
-1.264892129 -0.9199884374 -0.04115456423 -1.635871141 -0.6835984744 -0.0614006445 -0.278294946 0.5630977986 -0.9781098678 0.3263960804 0.06576196858 -1.320520989 0.6627380887 -1.720363194 -1.44140775 0.9630825414 -0.7806160247 -0.7007597819 -0.8719781217 -0.657189414 -0.4932939694 0
-1.264892129 -0.9199884374 0.1086935628 -1.635871141 -0.6835984744 -0.0614006445 -0.278294946 0.7425741945 -0.9781098678 -0.4204873479 0.2189555621 -1.399950062 0.7696489084 -1.720363194 -1.44140775 -0.4882788852 -0.6603848721 -0.6369116947 -0.8719781217 -0.657189414 -0.4932939694 0
-1.264892129 -0.9199884374 -0.04432651795 -1.635871141 -0.6835984744 -0.0614006445 -0.278294946 0.3836214026 -0.8622977126 0.5131169375 -0.1384961561 -1.399950062 0.6627380887 -1.885367385 -1.097401286 0.9630825414 -0.7806160247 -0.7646078691 -0.9409453761 -0.6905897475 -0.4932939694 0
-1.264892129 -0.9199884374 0.01281278322 -1.635871141 -0.6835984744 -0.0614006445 -0.278294946 0.6827487292 -1.093922023 0.3263960804 -0.1044531353 -1.479379135 0.8765597281 -1.720363194 -1.44140775 -0.4882788852 -0.7806160247 -0.7007597819 -0.9409453761 -0.657189414 -0.4932939694 0
-1.264892129 -0.9199884374 0.2661656052 -1.635871141 -0.6835984744 -0.0614006445 -0.278294946 0.6229232639 -0.6306734022 -0.4204873479 1.172160144 0.08272596504 -1.154745846 -1.6103604 0.278624569 -0.4882788852 -0.7806160247 -0.6369116947 -0.8719781217 -0.5235880797 1.140017528 0
-1.264892129 -0.9199884374 0.3511634173 -1.635871141 -0.6835984744 -0.0614006445 -0.278294946 0.5032723333 -0.7464855574 -0.4204873479 1.206203164 -0.129084896 -1.012198086 -1.830365988 -0.4093883587 -0.4882788852 -0.6603848721 -0.7646078691 -0.8719781217 -0.5235880797 1.140017528 0
-0.8416239814 0.2294017447 0.1157920652 -1.105962745 -0.6835984744 -0.0614006445 -0.278294946 0.08449407608 -0.7464855574 -0.4204873479 -0.1214746457 -0.5791829757 -0.01436376933 -1.225350621 -0.06538189482 -0.4882788852 -0.4199225671 -0.1899750842 -0.3892073404 -0.6237890804 1.140017528 0
-0.8416239814 -0.9199884374 -0.05672377316 -1.635871141 -0.6835984744 -0.0614006445 -0.278294946 0.8622251252 -0.9781098678 -0.4204873479 -0.1044531353 -1.294044632 0.7340119685 -1.555359003 -1.44140775 -0.4882788852 -0.4199225671 -0.2538231714 -0.4581745949 -0.6905897475 1.140017528 0
-0.7358069444 0.9780871085 0.1128614898 -1.344178428 -0.6835984744 -0.0614006445 -0.278294946 0.2041450067 -0.7464855574 -0.4204873479 -0.5640339157 -0.2879430417 -0.2994592885 -1.06034643 1.654650424 -0.4882788852 -0.1794602621 -0.06227890976 -0.2512728315 -0.5903887469 1.140017528 0
-0.7358069444 -0.1121103407 -0.001571333496 -1.635871141 -0.6835984744 -0.0614006445 -0.278294946 0.3836214026 -0.9781098678 -0.4204873479 -0.5640339157 -1.53233185 1.232929127 -1.280352018 -1.097401286 -0.4882788852 -0.1794602621 -0.06227890976 -0.1823055771 -0.6905897475 -0.4932939694 0
-0.7358069444 1.583633767 0.005097616242 -1.058743185 -0.6835984744 -0.0614006445 -0.278294946 0.3237959373 -0.6306734022 -0.4204873479 -0.972550165 1.168256628 -1.190382786 0.5896954806 1.310643961 -0.4882788852 -0.1794602621 -0.06227890976 -0.2512728315 -0.5569884133 -0.4932939694 0
-0.7358069444 0.4108844197 0.2402026367 -1.635871141 -0.6835984744 -0.0614006445 -0.278294946 0.1443195414 -0.7464855574 -0.4204873479 -0.3597757911 0.02977324978 -0.7983764471 -1.170349224 -0.4093883587 -0.4882788852 -0.1794602621 -0.06227890976 -0.2512728315 -0.6237890804 1.140017528 0
-0.5241728704 -0.4981938745 -0.08055638386 -1.344178428 -0.6835984744 -0.0614006445 -0.278294946 0.9818760558 -1.093922023 -0.2337664908 0.4061921763 0.2415841108 -1.012198086 -1.06034643 -0.06538189482 -0.4882788852 -0.4199225671 -0.126126997 -0.320240086 -0.5569884133 1.140017528 0
-0.5241728704 -0.08129575513 -0.09875218525 -1.055871893 -0.6835984744 -0.0614006445 -0.278294946 0.8023996598 -1.093922023 -0.4204873479 0.01469743742 -0.9498519824 0.8052858483 -0.7303380479 -0.4093883587 -0.4882788852 -0.4199225671 0.06541726467 -0.04437106814 -0.4901877462 -0.4932939694 0
-0.5241728704 0.3453952514 -0.04538949793 -1.344178428 -0.412511671 -0.0614006445 -0.278294946 0.5630977986 -0.514861247 -0.1092859194 1.257267696 0.2415841108 -0.9765611465 -1.005345033 1.654650424 0.9630825414 0.2413487718 0.1292653519 0.09356344079 -0.2229850778 1.140017528 0
-0.5241728704 0.5733137799 -0.1206383265 -1.635871141 -0.6835984744 -0.0614006445 -0.278294946 0.5032723333 -0.7464855574 -0.4204873479 1.648762435 0.797587621 -0.9409242066 0.2046857014 -0.4093883587 -0.4882788852 0.0008864667171 0.06541726467 -0.04437106814 -0.5235880797 1.140017528 0
-0.3125387964 -0.2872965804 0.1304449338 -1.635871141 -0.6835984744 -0.0614006445 -0.278294946 0.443446868 -0.8622977126 -0.4204873479 0.5593857698 0.1621550379 -0.7983764471 -0.895342239 1.998656888 -0.4882788852 -0.1794602621 0.06541726467 -0.1823055771 -0.5903887469 1.140017528 0
-0.3125387964 -0.9199884374 0.1698692274 -1.635871141 -0.6835984744 -0.0614006445 -0.278294946 0.6229232639 -1.093922023 -0.3582470622 -0.1214746457 -1.346997347 1.054744428 -1.170349224 -0.4093883587 -0.4882788852 -0.1794602621 0.001569177458 -0.1823055771 -0.657189414 -0.4932939694 0
-0.3125387964 -0.3808288487 0.06607228623 -1.635871141 -0.6835984744 -0.0614006445 -0.278294946 0.1443195414 -0.6306734022 -0.4204873479 1.546633372 0.797587621 -1.368567485 -0.4553310628 0.6226310329 -0.4882788852 -0.1794602621 0.001569177458 -0.1823055771 -0.5569884133 1.140017528 0
-0.3125387964 0.4926699065 0.1496983117 -1.635871141 -0.6835984744 -0.0614006445 -0.278294946 -0.03515685455 -0.514861247 -0.4204873479 -0.5810554261 -1.002804698 1.054744428 -0.4553310628 -0.7533948225 -0.4882788852 -0.1794602621 0.001569177458 -0.2512728315 -0.5903887469 -0.4932939694 0
-0.3125387964 -0.3555557422 0.1257743314 -1.635871141 -0.6835984744 -0.0614006445 -0.278294946 0.5032723333 -0.9781098678 -0.3582470622 -0.4959478742 -1.055757413 1.126018307 -0.4553310628 -0.4093883587 -0.4882788852 -0.1794602621 0.06541726467 -0.1133383226 -0.657189414 -0.4932939694 0
-0.3125387964 -0.9199884374 0.1949791243 -1.635871141 -0.6835984744 -0.0614006445 -0.278294946 0.6827487292 -1.093922023 -0.3582470622 -0.1384961561 -1.346997347 1.054744428 -1.170349224 -0.4093883587 -0.4882788852 -0.1794602621 0.001569177458 -0.1823055771 -0.657189414 -0.4932939694 0
-0.5241728704 0.7671898397 -0.09813982788 -1.635871141 -0.6835984744 -0.0614006445 -0.278294946 0.2041450067 -0.3990490918 -0.2960067765 0.9849235294 0.2680604684 -0.9409242066 -0.895342239 -0.7533948225 -0.4882788852 -0.1794602621 -0.06227890976 -0.1823055771 -0.4567874126 1.140017528 0
-0.5241728704 0.5652734805 -0.1107658245 -1.635871141 -0.6835984744 -0.0614006445 -0.278294946 0.2041450067 -0.3990490918 -0.4204873479 1.138117123 0.2680604684 -0.9409242066 -0.895342239 -0.7533948225 -0.4882788852 -0.5401537196 -0.06227890976 -0.1823055771 -0.3231860784 1.140017528 0
-0.5241728704 0.6931907749 -0.136391527 -1.635871141 -0.6835984744 -0.0614006445 -0.278294946 0.1443195414 -0.3990490918 -0.4204873479 0.746622384 0.2415841108 -0.9409242066 -0.950343636 -0.7533948225 -0.4882788852 -0.4199225671 -0.126126997 -0.320240086 -0.4567874126 1.140017528 0
-0.9474410184 -0.2872965804 -0.1333067138 -1.635871141 -0.6835984744 -0.0614006445 -0.278294946 0.443446868 -0.7464855574 -0.2960067765 1.223224675 0.4269186142 -1.439841365 -1.335353415 0.9666374967 -0.4882788852 -0.4199225671 -0.3176712586 -0.4581745949 -0.5569884133 1.140017528 0
-0.9474410184 -0.04045506416 -0.09364458163 -1.635871141 -0.6835984744 -0.0614006445 -0.278294946 0.6229232639 -0.8622977126 -0.4204873479 0.1168264997 -0.07613218073 -0.3350962284 -0.6753366509 -0.06538189482 -0.4882788852 -0.4199225671 -0.2538231714 -0.4581745949 -0.5903887469 1.140017528 0
-0.9474410184 -0.9199884374 -0.2036404857 -1.635871141 -0.6835984744 -0.0614006445 -0.278294946 0.3237959373 -0.7464855574 0.01519465194 0.9508805087 0.003296892157 -0.9765611465 -1.500357606 -0.7533948225 -0.4882788852 -0.4199225671 -0.3815193458 -0.5271418494 -0.6237890804 1.140017528 0
-0.9474410184 0.002879592037 -0.08822507436 -1.635871141 -0.6835984744 -0.0614006445 -0.278294946 0.6229232639 -0.8622977126 -0.4204873479 0.06576196858 -0.07613218073 -0.3350962284 -0.6753366509 -0.06538189482 -0.4882788852 -0.4199225671 -0.2538231714 -0.4581745949 -0.5903887469 1.140017528 0
-0.9474410184 -0.9199884374 -0.2036404857 -1.635871141 -0.6835984744 -0.0614006445 -0.278294946 0.263970472 -0.7464855574 0.01519465194 0.9508805087 0.003296892157 -0.9765611465 -1.500357606 -0.7533948225 -0.4882788852 -0.4199225671 -0.3815193458 -0.5271418494 -0.6237890804 1.140017528 0
-0.9474410184 -0.9199884374 -0.2036404857 -1.635871141 -0.6835984744 -0.0614006445 -0.278294946 0.263970472 -0.7464855574 0.01519465194 0.9508805087 0.003296892157 -0.9765611465 -1.500357606 -0.7533948225 -0.4882788852 -0.4199225671 -0.3815193458 -0.5271418494 -0.6237890804 1.140017528 0
-1.159075092 -0.07639931152 -0.08055638386 -1.635871141 -0.6835984744 -0.0614006445 -0.278294946 0.6827487292 -0.9781098678 -0.2960067765 0.3891706659 0.08272596504 -1.012198086 -1.390354812 -0.4093883587 -0.4882788852 -0.5401537196 -0.3176712586 -0.5271418494 -0.5903887469 1.140017528 0
-1.159075092 -0.2456795154 -0.03498009934 -1.635871141 -0.6835984744 -0.0614006445 -0.278294946 0.443446868 -0.9781098678 -0.2960067765 -0.03636709374 -1.399950062 0.9478336079 -1.445356209 -1.44140775 -0.4882788852 -0.6603848721 -0.3815193458 -0.5961091038 -0.6237890804 -0.4932939694 0
-1.159075092 0.3297603794 -0.134175747 -1.635871141 -0.6835984744 -0.0614006445 -0.278294946 0.8023996598 -1.093922023 -0.1715262051 -0.1384961561 -1.373473704 0.9478336079 -1.390354812 -1.44140775 -0.4882788852 -0.6603848721 -0.3176712586 -0.5271418494 -0.5903887469 -0.4932939694 0
-0.4183558334 1.019538648 -0.08236024675 -0.2945881243 -0.6835984744 -0.0614006445 -0.278294946 -0.09498231986 0.5274481497 -0.4204873479 1.784934518 1.327114774 -1.083471966 1.084708054 1.998656888 -0.4882788852 -0.1794602621 0.2569615263 0.09356344079 -0.1561844106 -0.4932939694 0
-0.4183558334 0.7518518321 -0.2036404857 1.25453832 -0.6835984744 -0.0614006445 -0.278294946 0.2041450067 -0.514861247 -0.4204873479 0.5934287906 0.6652058328 -1.083471966 -0.2903268718 -0.4093883587 -0.4882788852 0.1211176192 0.2569615263 0.1625306953 -0.4901877462 1.140017528 0
2.015436018 0.5562925456 -0.06297293984 -1.05248575 -0.6835984744 -0.0614006445 -0.278294946 0.6827487292 -1.093922023 1.011039223 -0.75127053 -0.9763283401 1.803120165 0.7546996716 -0.4093883587 -0.4882788852 1.263313568 1.725467532 1.610843039 -0.5569884133 -0.4932939694 0
2.015436018 1.637903025 -0.02084382484 -0.6250632109 -0.6835984744 -0.0614006445 -0.278294946 0.3237959373 -0.8622977126 -0.4204873479 -1.244894331 -0.9763283401 1.803120165 0.7546996716 -0.7533948225 -0.4882788852 1.503775873 1.853163707 1.817744802 -0.5569884133 -0.4932939694 0
-0.2067217594 -0.4981938745 -0.02780605391 -0.4691003581 -0.6835984744 -0.0614006445 -0.278294946 0.7425741945 -0.9781098678 1.19776008 1.035988061 0.4533949718 -0.9052872667 -0.4553310628 0.9666374967 -0.4882788852 -0.4199225671 -0.126126997 -0.2512728315 -0.356586412 1.140017528 0
-0.2067217594 -0.9199884374 -0.2036404857 -1.635871141 -0.6835984744 -0.0614006445 -0.278294946 0.5032723333 -0.9781098678 2.753767222 -0.5470124053 -1.452902777 0.8409227882 -1.720363194 -0.7533948225 -0.4882788852 -0.9609627534 -0.7007597819 -1.009912631 -0.5903887469 -2.126605467 0
-0.2067217594 -0.9199884374 -0.02313921681 -1.037002046 -0.6835984744 -0.0614006445 -0.278294946 0.3836214026 -0.9781098678 1.882403223 0.1508695205 -1.161662843 0.8409227882 -1.115347827 -0.4093883587 -0.4882788852 -0.9609627534 -0.5092155203 -0.7340436128 -0.4233870791 -2.126605467 0
-0.5241728704 0.7929046523 -0.2036404857 0.7332366985 0.9677125848 -0.0614006445 -0.278294946 -1.829920814 2.148818322 -0.4204873479 -0.3257327703 1.327114774 -0.834013387 1.469717833 1.310643961 -0.4882788852 -0.4199225671 -0.5092155203 -0.4581745949 0.8124252624 -0.4932939694 0
-0.5241728704 0.6554996797 -0.2036404857 1.087957094 0.8352476037 -0.0614006445 -0.278294946 -1.949571745 2.264630478 -0.4204873479 -0.4278618326 1.485972919 -1.154745846 1.304713642 1.310643961 -0.4882788852 -0.4199225671 -0.7007597819 -0.5271418494 0.6788239282 -0.4932939694 0
-0.5241728704 0.7327294849 -0.2036404857 0.07853839939 1.44080061 -0.0614006445 -0.278294946 -1.710269883 2.264630478 -0.4204873479 -1.398087925 1.69778378 -1.332930546 1.469717833 2.342663352 -0.4882788852 1.022851263 -0.5730636075 -0.4581745949 3.851855616 -0.4932939694 0
-0.5241728704 2.003316091 -0.2036404857 1.059616685 0.5689373887 -0.0614006445 -0.278294946 -1.889746279 2.727879098 -0.4204873479 -1.17680829 1.69778378 -1.332930546 1.469717833 2.686669816 0.9630825414 -0.1794602621 -0.4453674331 -0.3892073404 0.6788239282 -0.4932939694 0
-0.5241728704 0.1746688825 -0.2036404857 2.906200879 0.723471042 -0.0614006445 -0.278294946 -1.889746279 2.033006167 -0.4204873479 0.3210846244 0.6387294752 -1.047835026 -0.2903268718 -0.4093883587 2.414443968 -0.4199225671 -0.5730636075 -0.5271418494 0.4784219269 1.140017528 0
-0.5241728704 -0.9199884374 -0.2036404857 -0.03645250064 -0.6835984744 -0.0614006445 -0.278294946 -1.351317091 0.06419952896 -0.4204873479 0.6955578529 0.4533949718 0.5914642089 1.854727612 0.278624569 0.9630825414 -0.05922910954 -0.06227890976 -0.1823055771 -0.5903887469 -2.126605467 0
-0.5241728704 -0.9199884374 -0.2036404857 0.4760826189 -0.6835984744 -0.0614006445 -0.278294946 -1.291491626 0.06419952896 -0.4204873479 0.8487514464 0.4533949718 0.5914642089 1.854727612 0.6226310329 -0.4882788852 -0.05922910954 0.06541726467 -0.1133383226 -0.5569884133 -2.126605467 0
-0.5241728704 -0.9199884374 -0.2036404857 0.5500010161 -0.6835984744 -0.0614006445 -0.278294946 -1.231666161 0.2958238393 -0.4204873479 1.291310716 0.4533949718 0.5914642089 1.854727612 1.654650424 -0.4882788852 -0.05922910954 0.1931134391 0.09356344079 -0.4567874126 -2.126605467 0
-0.5241728704 -0.9199884374 -0.2036404857 0.5846973823 -0.6835984744 -0.0614006445 -0.278294946 -1.351317091 0.2958238393 -0.4204873479 1.240246185 0.4533949718 0.5914642089 1.854727612 0.6226310329 -0.4882788852 -0.05922910954 0.06541726467 0.02459618633 -0.4901877462 -2.126605467 0
-0.5241728704 -0.9199884374 -0.2036404857 0.280509944 -0.6835984744 -0.0614006445 -0.278294946 -1.411142557 0.2958238393 -0.4204873479 0.7125793633 -0.9763283401 0.8409227882 -0.7303380479 -0.06538189482 -0.4882788852 -0.4800381434 -0.1899750842 -0.3892073404 -0.6237890804 -0.4932939694 0
-0.8416239814 1.115604202 -0.2036404857 -0.07174080106 -0.6835984744 -0.0614006445 -0.278294946 0.08449407608 -0.514861247 -0.4204873479 0.1849125413 0.4798713295 -0.9765611465 -0.5103324599 0.6226310329 -0.4882788852 -0.1794602621 0.001569177458 -0.1823055771 -0.4567874126 1.140017528 0
-0.8416239814 0.703548261 -0.2036404857 0.6096475916 -0.6835984744 -0.0614006445 -0.278294946 0.02466861077 -0.6306734022 -0.4204873479 0.1678910309 0.4533949718 -1.083471966 -0.7303380479 0.278624569 -0.4882788852 -0.1794602621 -0.06227890976 -0.1823055771 -0.5235880797 1.140017528 0
-0.6299899074 0.8001873655 -0.2036404857 -0.446280867 -0.6835984744 -0.0614006445 -0.278294946 0.2041450067 -0.8622977126 -0.4204873479 -0.3087112599 -0.9763283401 0.9834705478 -0.5103324599 -0.7533948225 -0.4882788852 -0.1794602621 0.1292653519 -0.1133383226 -0.4901877462 -0.4932939694 0
-0.6299899074 0.4039164991 -0.2036404857 -0.4151397432 -0.6835984744 -0.0614006445 -0.278294946 0.263970472 -0.8622977126 -0.4204873479 0.2529985828 0.4269186142 -0.9765611465 -0.6203352539 -0.7533948225 -0.4882788852 -0.1794602621 0.001569177458 -0.1823055771 -0.5569884133 1.140017528 0
-0.8416239814 1.610778966 -0.2036404857 0.6976704601 -0.412511671 -0.0614006445 -0.278294946 -0.6334115077 -0.514861247 -0.4204873479 -0.8704211027 -0.8439465519 0.555827269 -0.895342239 -1.097401286 -0.4882788852 -0.6002692959 -0.1899750842 -0.4581745949 -0.4567874126 -0.4932939694 0
-0.8416239814 2.280845001 -0.2036404857 0.5776702755 -0.6835984744 -0.0614006445 -0.278294946 -0.6334115077 -0.514861247 -0.4204873479 -1.244894331 -0.9233756248 0.6983750286 -0.840340842 -0.4093883587 -0.4882788852 -0.4199225671 -0.1899750842 -0.3892073404 -0.5235880797 -0.4932939694 0
-0.9474410184 -0.4981938745 -0.2036404857 -1.344178428 -0.6835984744 -0.0614006445 -0.278294946 -0.2146332505 -0.3990490918 0.4508766518 0.8827944671 0.3474895413 -1.154745846 -1.06034643 2.342663352 0.9630825414 -0.5401537196 -0.4453674331 -0.6650763583 -0.5569884133 1.140017528 0
-0.9474410184 -0.9199884374 -0.2036404857 -1.635871141 -0.6835984744 -0.0614006445 -0.278294946 -0.7530624383 -0.3990490918 -0.4204873479 1.478547331 0.05624960741 -0.8696503268 -1.225350621 -0.4093883587 -0.4882788852 -0.6603848721 -0.5092155203 -0.8030108672 -0.5569884133 1.140017528 0
-0.9474410184 -0.9199884374 -0.2036404857 -1.635871141 -0.6835984744 -0.0614006445 -0.278294946 -0.03515685455 -0.7464855574 1.695682366 -0.3257327703 0.2151077532 -1.119108906 -1.280352018 -0.06538189482 -0.4882788852 -0.5401537196 -0.4453674331 -0.5961091038 -0.6905897475 1.140017528 0
-0.9474410184 -0.0373851464 -0.2036404857 -1.025505442 -0.6835984744 -0.0614006445 -0.278294946 -0.4539351117 -0.6306734022 -0.4204873479 0.7806654048 0.1356786803 -0.8696503268 -1.06034643 -0.7533948225 -0.4882788852 -0.6603848721 -0.3815193458 -0.6650763583 -0.5569884133 1.140017528 0
-0.9474410184 -0.9199884374 -0.2036404857 -1.635871141 -0.6835984744 -0.0614006445 -0.278294946 -0.2146332505 -0.6306734022 1.011039223 0.4061921763 0.2415841108 -1.119108906 -1.225350621 -0.06538189482 -0.4882788852 -0.5401537196 -0.5092155203 -0.6650763583 -0.6237890804 1.140017528 0
-0.9474410184 -0.7090911433 -0.2036404857 -0.1774076448 -0.6835984744 -0.0614006445 -0.278294946 0.5630977986 -1.093922023 0.1396752233 0.03171894781 -1.188139201 0.912196668 -1.06034643 -0.06538189482 -0.4882788852 -0.6002692959 -0.3176712586 -0.5271418494 -0.5903887469 -0.4932939694 0
-0.9474410184 -0.9199884374 -0.2036404857 -0.6684035299 -0.6835984744 -0.0614006445 -0.278294946 0.3237959373 -1.093922023 0.07743493764 -0.1044531353 -1.399950062 0.912196668 -1.500357606 -1.097401286 -0.4882788852 -0.6002692959 -0.4453674331 -0.6650763583 -0.657189414 -0.4932939694 0
-1.264892129 0.1344979826 -0.2036404857 1.57274853 -0.1414249002 -0.0614006445 -0.278294946 0.3237959373 0.1800116841 0.01519465194 -0.01934558335 1.168256628 -1.332930546 0.3696898925 0.9666374967 2.414443968 -0.6603848721 -0.4453674331 -0.6650763583 -0.2229850778 -0.4932939694 0
-1.264892129 0.2822263549 -0.2036404857 1.689702973 -0.6835984744 -0.0614006445 -0.278294946 0.6827487292 -0.6306734022 0.3886363661 0.08278347897 1.485972919 -1.261656666 1.139709451 1.998656888 -0.4882788852 -0.6603848721 -0.3176712586 -0.4581745949 -0.4233870791 -0.4932939694 0
-1.476526203 0.2898959782 -0.2036404857 1.710918768 0.3531896091 -0.0614006445 -0.278294946 -0.2146332505 1.222321081 -0.4204873479 -0.4108403222 1.194732985 -1.368567485 0.3696898925 0.6226310329 -0.4882788852 -0.7806160247 -0.7007597819 -0.8719781217 -0.05598340998 -0.4932939694 0
0.1107293517 -0.4928501871 0.01003398951 -0.7497067475 -0.134556139 -0.0614006445 -0.278294946 0.08449407608 -0.3990490918 -0.4204873479 1.223224675 -0.129084896 0.1638209302 -0.01531988666 0.278624569 -0.4882788852 0.1812331955 0.1292653519 0.09356344079 -0.3899867455 -0.4932939694 0
0.1107293517 -0.9199884374 -0.1326554739 -1.635871141 -0.6835984744 -0.0614006445 -0.278294946 0.02466861077 -0.6306734022 -0.4204873479 1.648762435 -0.9498519824 1.090381367 -0.2903268718 -0.4093883587 -0.4882788852 -0.1794602621 0.1292653519 -0.04437106814 -0.5235880797 -0.4932939694 0
-0.4183558334 0.8209123764 -0.1310671695 -0.4319484355 -0.6835984744 -0.0614006445 -0.278294946 -0.03515685455 -0.3990490918 -0.4204873479 -0.1044531353 -0.4203248299 0.7696489084 0.3146884955 0.6226310329 -0.4882788852 0.06100204298 0.1931134391 0.02459618633 -0.5235880797 -0.4932939694 0
1.274716759 -0.9199884374 -0.01241555754 -1.635871141 -0.6835984744 -0.0614006445 -0.278294946 0.8023996598 -0.9781098678 -0.3582470622 0.09980498935 -0.9233756248 1.232929127 -0.01531988666 -0.4093883587 -0.4882788852 0.4216955005 0.5762019624 0.5073669676 -0.657189414 -0.4932939694 0
1.063082685 -0.9199884374 0.06099401265 -1.635871141 -0.6835984744 -0.0614006445 -0.278294946 0.3836214026 -0.2832369366 -0.1092859194 1.955149621 1.194732985 -1.226019726 0.5896954806 2.686669816 -0.4882788852 0.301464348 0.5123538752 0.4383997131 -0.5235880797 1.140017528 0
1.063082685 -0.9199884374 -0.095524854 -1.635871141 -0.6835984744 -0.0614006445 -0.278294946 0.7425741945 -0.7464855574 1.571201794 1.070031081 0.6916821905 -1.226019726 -0.4553310628 1.998656888 -0.4882788852 0.4818110768 0.5762019624 0.5073669676 -0.5903887469 1.140017528 0
-0.2067217594 -0.3808288487 -0.02383197248 -1.635871141 -0.6835984744 -0.0614006445 -0.278294946 0.08449407608 -0.2832369366 -0.4204873479 1.359396758 0.5593004023 -1.083471966 -0.5103324599 1.310643961 -0.4882788852 0.0008864667171 0.001569177458 -0.1133383226 -0.4233870791 1.140017528 0
0.1107293517 -0.9199884374 -0.01582268287 -0.8569411939 -0.6835984744 -0.0614006445 -0.278294946 0.5630977986 -0.9781098678 -0.4204873479 0.9168374879 0.1621550379 -0.7983764471 -0.895342239 -0.7533948225 -0.4882788852 0.06100204298 0.3208096135 0.1625306953 -0.6237890804 1.140017528 0
0.6398145367 -0.9199884374 -0.007066609337 -0.8206274571 0.07405433712 -0.0614006445 -0.278294946 0.6229232639 -0.8622977126 -0.4204873479 0.1849125413 -0.6850884062 0.4489164493 -0.7303380479 -0.06538189482 -0.4882788852 0.4818110768 0.448505788 0.4383997131 -0.5235880797 1.140017528 0
0.9572656477 1.474574474 0.2755083385 -1.635871141 -0.6835984744 -0.0614006445 -0.278294946 0.08449407608 -0.3990490918 -0.2960067765 -0.9044641234 1.062351197 -1.154745846 0.4246912895 0.9666374967 -0.4882788852 1.082966839 1.023138573 1.059105003 -0.4233870791 1.140017528 0
0.9572656477 1.102938303 0.3023406733 -1.076287869 -0.1635455777 -0.0614006445 -0.278294946 0.3237959373 -0.6306734022 -0.3582470622 -0.666162978 1.062351197 -1.154745846 0.4246912895 0.9666374967 -0.4882788852 0.7222733818 0.8954423985 0.9901377488 -0.4567874126 1.140017528 0
-0.3125387964 1.399881671 0.5348641252 -0.7607930364 -0.6835984744 -0.0614006445 -0.278294946 -0.2146332505 -0.3990490918 -0.4204873479 -0.9044641234 1.618354707 -0.9052872667 1.964730406 -0.06538189482 0.9630825414 -0.1794602621 0.8954423985 0.3694324586 1.313430266 -0.4932939694 0
-0.1009047223 2.163741363 0.9390450584 -0.6880674959 -0.6835984744 -0.0614006445 -0.278294946 -0.4539351117 -0.05161262623 -0.4204873479 -0.7682920404 1.618354707 -0.9052872667 1.964730406 0.278624569 0.9630825414 0.1812331955 1.342379009 0.7832359854 1.647433601 -0.4932939694 0
-0.1009047223 0.5806990555 0.421954419 -1.635871141 -0.6835984744 -0.0614006445 -0.278294946 -0.03515685455 -0.7464855574 -0.4204873479 -0.6150984469 -0.2349903265 1.232929127 1.414716436 -1.097401286 -0.4882788852 0.06100204298 0.8315943113 0.2314979497 0.5786229276 -2.126605467 0
0.1107293517 0.2190468885 -0.108674052 -1.635871141 -0.6835984744 -0.0614006445 -0.278294946 0.2041450067 -0.8622977126 -0.4204873479 -0.3257327703 -1.214615559 1.232929127 -0.6203352539 -1.097401286 -0.4882788852 -0.05922910954 0.2569615263 0.02459618633 -0.6237890804 -0.4932939694 0
-0.3125387964 1.268273674 0.8099435673 -0.6270070633 -0.371066673 -0.0614006445 -0.278294946 -0.5137605771 0.06419952896 -0.4204873479 1.648762435 1.59187835 -1.047835026 1.689723421 2.342663352 2.414443968 3.00666528 1.342379009 0.714268731 4.553262621 -0.4932939694 0
-0.3125387964 1.940484897 1.656584363 -0.05333925489 -0.6835984744 -0.0614006445 -0.278294946 -0.5137605771 0.06419952896 -0.4204873479 -1.398087925 0.6652058328 0.3063686897 1.854727612 -0.4093883587 0.9630825414 3.00666528 1.917011794 2.231548329 2.849845609 1.140017528 0
-0.3125387964 1.858757088 0.4334694897 -0.6750482315 -0.6835984744 -0.0614006445 -0.278294946 -0.4539351117 -0.2832369366 -0.4204873479 0.06576196858 0.7446349057 0.09254705036 1.689723421 1.310643961 -0.4882788852 3.066780856 1.533923271 1.128072258 3.885255949 -0.4932939694 0
-0.3125387964 0.6125318307 -0.07586746489 -1.635871141 -0.6835984744 -0.0614006445 -0.278294946 -0.3342841811 -0.3990490918 -0.4204873479 0.5934287906 0.8240639786 -1.261656666 -0.2353254748 -0.4093883587 2.414443968 -0.5401537196 0.1931134391 0.02459618633 0.01081725713 1.140017528 0
-0.3125387964 1.169811912 0.9288931009 -0.9132687761 -0.6835984744 -0.0614006445 -0.278294946 -0.4539351117 -0.1674247814 -0.4204873479 0.6615148321 1.750736496 -1.261656666 1.689723421 0.9666374967 5.317166821 3.00666528 1.150834747 0.5073669676 5.221269292 -0.4932939694 0
-0.3125387964 1.563145868 0.6934892291 -0.4910608539 -0.6835984744 -0.0614006445 -0.278294946 -0.5137605771 -0.05161262623 -0.4204873479 0.2019340517 1.750736496 -1.261656666 1.689723421 0.278624569 3.865805395 0.4216955005 0.9592904857 0.4383997131 1.046227597 -0.4932939694 0
1.168899722 -0.9199884374 -0.2036404857 -1.344178428 -0.6835984744 -0.0614006445 -0.278294946 0.8622251252 -1.093922023 1.384480937 0.2700200932 -0.9763283401 1.054744428 -0.4003296658 0.278624569 0.9630825414 0.6020422293 0.8315943113 0.714268731 -0.6237890804 1.140017528 0
1.168899722 -0.9199884374 -0.2036404857 -0.9917835903 -0.6835984744 -0.0614006445 -0.278294946 0.08449407608 -0.6306734022 -0.4204873479 0.6104503009 1.115303913 -0.7983764471 1.084708054 0.278624569 0.9630825414 0.8425045344 0.8954423985 0.8522032399 -0.5569884133 1.140017528 0
1.168899722 -0.9199884374 -0.2036404857 -1.16642208 -0.6835984744 -0.0614006445 -0.278294946 0.6827487292 -0.9781098678 0.3263960804 0.6785363425 1.115303913 -0.7983764471 1.084708054 0.278624569 0.9630825414 0.5419266531 0.7677462241 0.714268731 -0.5903887469 1.140017528 0
1.168899722 -0.9199884374 -0.2036404857 -1.096981258 -0.6835984744 -0.0614006445 -0.278294946 0.3836214026 -0.7464855574 0.1396752233 0.831729936 1.115303913 -0.7983764471 1.084708054 0.6226310329 0.9630825414 0.5419266531 0.8954423985 0.7832359854 -0.5903887469 1.140017528 0
1.909618981 -0.9199884374 -0.2036404857 -1.635871141 0.1854738826 -0.0614006445 -0.278294946 0.1443195414 -0.3990490918 0.5131169375 -0.1895606872 1.644831065 -1.047835026 1.799726215 0.278624569 -0.4882788852 1.383544721 1.342379009 1.403941276 -0.4233870791 1.140017528 0
1.59216787 -0.9199884374 -0.2036404857 -1.635871141 -0.6835984744 -0.0614006445 -0.278294946 1.101526986 -1.209734178 0.3263960804 -0.01934558335 0.1621550379 -0.5845548077 -0.5653338569 -1.097401286 -0.4882788852 0.7222733818 0.8954423985 0.8522032399 -0.657189414 1.140017528 0
0.3223634257 -0.4419811655 -0.2036404857 -1.305304458 -0.6835984744 -0.0614006445 -0.278294946 0.8622251252 -0.9781098678 -0.1715262051 0.1849125413 1.168256628 -0.7271025673 1.304713642 -0.4093883587 -0.4882788852 0.2413487718 0.448505788 0.3004652042 -0.5903887469 -0.4932939694 0
0.3223634257 -0.9199884374 -0.2036404857 -1.635871141 -0.6835984744 -0.0614006445 -0.278294946 0.6229232639 -0.9781098678 -0.4204873479 -0.1384961561 -1.399950062 1.446750766 -0.6753366509 -0.7533948225 -0.4882788852 -0.05922910954 0.3846577008 0.3004652042 -0.5569884133 -0.4932939694 0
2.544521203 -0.9199884374 -0.1561572678 -0.0604677862 -0.6835984744 -0.0614006445 -0.278294946 0.5032723333 -0.9781098678 -0.04704563375 0.4402351971 -1.241091916 1.803120165 0.2046857014 -0.7533948225 0.9630825414 1.624007026 1.661619445 1.679810293 -0.6237890804 1.140017528 0
2.544521203 -0.9199884374 -0.1764722532 0.1669100281 -0.6835984744 -0.0614006445 -0.278294946 0.5032723333 -0.7464855574 -0.2337664908 1.955149621 0.4533949718 0.4132795094 1.579720627 -0.4093883587 -0.4882788852 1.503775873 1.661619445 1.679810293 -0.5903887469 -0.4932939694 0
-1.264892129 2.243470823 -0.08055638386 -0.7607930364 -0.6835984744 -0.0614006445 -0.278294946 -0.2744587158 -0.1674247814 -0.4204873479 -0.1895606872 0.4004422566 -0.7983764471 -0.4003296658 0.278624569 0.9630825414 -0.1794602621 0.06541726467 -0.04437106814 -0.3899867455 1.140017528 0
-1.159075092 2.037506789 -0.01870585206 -1.124556018 -0.6835984744 -0.0614006445 -0.278294946 -0.3342841811 -0.1674247814 -0.4204873479 -0.2746682391 0.6387294752 0.4132795094 1.964730406 0.9666374967 0.9630825414 -0.1794602621 -0.126126997 -0.320240086 -0.4233870791 -2.126605467 0
-1.159075092 1.940484897 -0.06054626685 -1.240238178 -0.6835984744 -0.0614006445 -0.278294946 -0.3342841811 -0.1674247814 -0.4204873479 -0.223603708 1.538925635 -0.7983764471 1.964730406 1.310643961 0.9630825414 -0.1794602621 -0.06227890976 -0.1823055771 -0.4233870791 -0.4932939694 0
-1.159075092 1.959436281 -0.09451756568 -0.9117726952 -0.6835984744 -0.0614006445 -0.278294946 -0.3342841811 -0.2832369366 -0.4204873479 -0.1214746457 0.3210131837 -0.7983764471 -0.5653338569 0.9666374967 0.9630825414 -0.1794602621 0.001569177458 -0.1133383226 -0.4233870791 1.140017528 0
-0.7358069444 1.188984403 -0.2036404857 -1.635871141 -0.6835984744 -0.0614006445 -0.278294946 -0.2146332505 -0.2832369366 -0.4204873479 0.5423642594 -0.2879430417 0.2707317498 -0.1803240777 -0.06538189482 -0.4882788852 0.1211176192 0.1292653519 0.02459618633 -0.4901877462 -0.4932939694 0
-0.7358069444 1.909279734 -0.2036404857 -1.635871141 -0.6835984744 -0.0614006445 -0.278294946 -0.4539351117 0.1800116841 -0.4204873479 0.6785363425 1.380067489 -0.7983764471 1.634722024 -0.4093883587 0.9630825414 -0.5401537196 0.001569177458 -0.1823055771 -0.2897857449 -0.4932939694 0
-0.7358069444 0.843371693 -0.2036404857 -1.635871141 -0.6835984744 -0.0614006445 -0.278294946 -0.03515685455 -0.6306734022 -0.4204873479 -0.0874316249 -0.9498519824 0.9834705478 -0.4553310628 -0.4093883587 -0.4882788852 0.1211176192 0.2569615263 0.1625306953 -0.5903887469 -0.4932939694 0
1.063082685 -0.7090911433 -0.1508901557 -1.344178428 -0.1414249002 -0.0614006445 -0.278294946 0.6229232639 -0.1674247814 0.201915509 1.240246185 1.088827555 -1.368567485 0.1496843044 2.686669816 3.865805395 0.7222733818 0.6400500496 0.714268731 -0.1227840771 1.140017528 0
1.063082685 -0.6326408982 -0.1317681621 -1.238439853 0.05511303552 -0.0614006445 -0.278294946 0.6229232639 -0.1674247814 0.201915509 0.304063114 1.088827555 -1.368567485 0.1496843044 3.718689207 3.865805395 0.7222733818 0.5762019624 0.714268731 -0.02258307643 1.140017528 0
0.3223634257 0.1344979826 -0.1333067138 -1.635871141 -0.6835984744 -0.0614006445 -0.278294946 0.8622251252 -1.093922023 0.3886363661 -0.2746682391 0.5593004023 -0.7271025673 0.03968151036 0.278624569 -0.4882788852 0.3615799243 0.5123538752 0.4383997131 -0.6237890804 1.140017528 0
0.3223634257 -0.6081933228 -0.1516489989 -1.635871141 -0.6835984744 -0.0614006445 -0.278294946 0.8023996598 -0.9781098678 0.5131169375 -0.03636709374 0.5593004023 -0.7271025673 0.03968151036 0.278624569 -0.4882788852 0.1812331955 0.448505788 0.3004652042 -0.6237890804 1.140017528 0
0.3223634257 -0.9199884374 -0.1410809941 -1.635871141 -0.6835984744 -0.0614006445 -0.278294946 0.8622251252 -1.093922023 0.5753572232 0.0487404582 -0.8968992672 0.8052858483 -0.6203352539 -0.06538189482 -0.4882788852 0.1812331955 0.3846577008 0.2314979497 -0.657189414 -0.4932939694 0
0.3223634257 0.9670700978 -0.1407075063 -1.635871141 -0.6835984744 -0.0614006445 -0.278294946 0.8023996598 -0.9781098678 -0.2337664908 -0.7342490196 0.5593004023 -0.7271025673 0.03968151036 0.278624569 -0.4882788852 0.3615799243 0.6400500496 0.5073669676 -0.6237890804 1.140017528 0
-0.5241728704 1.504420406 -0.08236024675 -0.2945881243 -0.6835984744 -0.0614006445 -0.278294946 -0.09498231986 0.5274481497 -0.4204873479 1.750891497 1.327114774 -1.083471966 1.084708054 1.998656888 -0.4882788852 -0.1794602621 0.2569615263 0.09356344079 -0.1561844106 -0.4932939694 0
0.1107293517 -0.9199884374 -0.1508901557 -1.05248575 -0.6835984744 -0.0614006445 -0.278294946 0.6229232639 -1.093922023 0.5753572232 0.1678910309 -1.373473704 1.232929127 -0.950343636 -1.097401286 -0.4882788852 0.06100204298 0.1931134391 0.02459618633 -0.657189414 -0.4932939694 0
0.1107293517 -0.9199884374 -0.149789788 -0.7425389754 -0.6835984744 -0.0614006445 -0.278294946 0.8023996598 -1.093922023 0.6375975089 0.1168264997 -1.373473704 1.232929127 -0.950343636 -0.7533948225 -0.4882788852 0.0008864667171 0.1931134391 0.02459618633 -0.657189414 -0.4932939694 0
0.1107293517 -0.9199884374 -0.1102170816 -1.119269145 -0.6835984744 -0.0614006445 -0.278294946 0.5032723333 -0.9781098678 0.3886363661 0.2870416036 -1.373473704 1.232929127 -0.950343636 -0.7533948225 -0.4882788852 0.06100204298 0.1931134391 0.02459618633 -0.657189414 -0.4932939694 0
-0.1009047223 0.8545087139 0.9306252705 0.000337266622 -0.3034428622 -0.0614006445 -0.278294946 -0.6334115077 0.8748846153 -0.4204873479 1.835999049 0.8770166939 -1.368567485 -0.2903268718 -0.7533948225 -0.4882788852 -0.1794602621 0.1292653519 0.02459618633 0.04421759068 1.140017528 0
0.9572656477 0.5562925456 -0.2036404857 -1.344178428 -0.6835984744 -0.0614006445 -0.278294946 -0.1548077852 0.4116359945 -0.4204873479 1.240246185 1.115303913 -0.7271025673 1.194710848 1.310643961 0.9630825414 1.022851263 1.150834747 1.059105003 -0.2229850778 1.140017528 0
0.9572656477 0.04637785243 -0.2036404857 -1.635871141 -0.6835984744 -0.0614006445 -0.278294946 0.02466861077 -0.3990490918 -0.4204873479 1.342375248 0.6916821905 -0.7271025673 0.3146884955 -1.097401286 -0.4882788852 1.022851263 1.150834747 1.059105003 -0.4567874126 1.140017528 0
0.9572656477 0.9848390058 -0.2036404857 -0.97722792 -0.6835984744 -0.0614006445 -0.278294946 0.08449407608 -0.7464855574 -0.1715262051 0.3381061348 0.6387294752 -0.7627395072 0.1496843044 -0.4093883587 -0.4882788852 0.4216955005 0.8315943113 0.6453014765 -0.4901877462 1.140017528 0
-1.264892129 -0.2872965804 -0.1684735997 -1.05248575 -0.6835984744 -0.0614006445 -0.278294946 1.041701521 -1.209734178 0.3886363661 -0.05338860412 -1.029281055 0.555827269 -1.280352018 -0.7533948225 -0.4882788852 -0.9609627534 -0.7007597819 -1.009912631 -0.5903887469 -0.4932939694 0
-1.264892129 0.2122466685 -0.172173996 -0.5918725084 -0.6835984744 -0.0614006445 -0.278294946 0.6827487292 -1.093922023 -0.4204873479 0.09980498935 -1.029281055 0.555827269 -1.280352018 -1.097401286 -0.4882788852 -0.6603848721 -0.5092155203 -0.7340436128 -0.5903887469 -0.4932939694 0
-1.264892129 0.5562925456 -0.1860570416 -1.344178428 -0.6835984744 -0.0614006445 -0.278294946 0.3836214026 -0.1674247814 -0.2337664908 0.4912997282 1.03587484 -1.119108906 0.4246912895 4.062695671 0.9630825414 -1.141309482 -0.3815193458 -0.5271418494 0.07761792424 -0.4932939694 0
-1.264892129 -0.1606315535 -0.2036404857 -1.11073669 -0.6835984744 -0.0614006445 -0.278294946 0.5032723333 -0.7464855574 -0.2337664908 0.3210846244 0.5063476871 -0.6914656274 -0.01531988666 0.9666374967 -0.4882788852 -1.141309482 -0.3815193458 -0.5961091038 0.01081725713 -0.4932939694 0
1.380533796 -0.9199884374 -0.2036404857 -1.635871141 -0.1354820282 -0.0614006445 -0.278294946 0.7425741945 -1.093922023 -0.4204873479 -0.1555176664 -0.7380411214 0.7340119685 -0.4003296658 -1.097401286 0.9630825414 0.8425045344 0.8315943113 0.8522032399 -0.4901877462 1.140017528 0
-0.5241728704 1.188984403 -0.1333067138 -1.635871141 -0.412511671 -0.0614006445 -0.278294946 -0.5735860424 -0.2832369366 -0.4204873479 -0.5299908949 1.194732985 -1.012198086 0.9197038627 0.6226310329 -0.4882788852 -0.1794602621 0.3208096135 -0.1823055771 0.2112192585 -0.4932939694 0
-0.5241728704 1.375314212 -0.1079556979 -1.635871141 -0.6835984744 -0.0614006445 -0.278294946 -0.5735860424 -0.2832369366 -0.4204873479 -0.8704211027 1.221209343 -1.012198086 0.9747052597 0.6226310329 -0.4882788852 -0.1794602621 0.3846577008 -0.1133383226 0.1778189249 -0.4932939694 0
-0.5241728704 0.6506068521 -0.2036404857 -1.635871141 -0.1788887633 -0.0614006445 -0.278294946 -0.693236973 -0.1674247814 -0.4204873479 -0.223603708 0.58577676 -0.4063701082 0.5896954806 -0.06538189482 -0.4882788852 -0.4199225671 0.1292653519 -0.2512728315 0.2112192585 -0.4932939694 0
-0.5241728704 1.625640852 -0.1328936793 -1.635871141 -0.6835984744 -0.0614006445 -0.278294946 -0.6334115077 -0.2832369366 -0.4204873479 -0.7853135507 1.194732985 -1.012198086 0.9197038627 0.6226310329 -0.4882788852 -0.1794602621 0.3846577008 -0.1133383226 0.1778189249 -0.4932939694 0
-1.264892129 1.821676234 1.027200532 -1.344178428 -0.6835984744 -0.0614006445 -0.278294946 -0.5735860424 1.106508926 -0.4204873479 0.5423642594 1.247685701 -1.261656666 0.6446968776 1.998656888 -0.4882788852 1.864469331 1.023138573 1.403941276 1.714234268 1.140017528 0
-1.264892129 1.921200816 0.901811484 -1.635871141 -0.6835984744 -0.0614006445 -0.278294946 -0.693236973 1.453945391 -0.4204873479 0.3721491555 1.803689211 -1.404204425 1.579720627 1.654650424 -0.4882788852 1.864469331 0.9592904857 1.334974021 1.847835603 1.140017528 0
-1.264892129 2.210400269 1.594320991 -1.154798871 -0.6835984744 -0.0614006445 -0.278294946 -0.5137605771 0.7590724601 -0.4204873479 -1.244894331 1.750736496 -1.332930546 1.579720627 3.03067628 -0.4882788852 1.864469331 1.150834747 1.47290853 1.179828932 1.140017528 0
-1.264892129 1.382280236 1.715863153 -1.105158624 -0.6835984744 -0.0614006445 -0.278294946 -0.5137605771 0.4116359945 -0.4204873479 0.4572567075 1.327114774 -1.332930546 0.6996982746 0.6226310329 -0.4882788852 1.624007026 1.214682835 1.610843039 0.7122242618 1.140017528 0
-0.5241728704 2.555830713 0.3517989317 -0.8346350855 -0.6835984744 -0.0614006445 -0.278294946 -0.5735860424 0.8748846153 -0.4204873479 -0.4278618326 1.03587484 -1.047835026 0.5346940836 3.03067628 0.9630825414 -0.1794602621 0.6400500496 0.4383997131 0.6120232611 1.140017528 0
-0.5241728704 1.871905733 0.4946773601 -1.084231468 -0.6835984744 -0.0614006445 -0.278294946 -0.3941096464 -0.05161262623 -0.4204873479 -0.1725391768 1.03587484 -1.047835026 0.5346940836 0.6226310329 0.9630825414 -0.4199225671 0.7038981368 0.3004652042 0.8124252624 1.140017528 0
-0.2067217594 2.665265386 1.730538257 -1.344178428 -0.6835984744 -0.0614006445 -0.278294946 -0.7530624383 1.106508926 -0.4204873479 0.2189555621 1.221209343 -1.439841365 0.3146884955 1.998656888 -0.4882788852 1.383544721 1.08698666 1.266006767 0.2112192585 1.140017528 0
-0.2067217594 3.012606307 1.566900118 -1.091952703 -0.6835984744 -0.0614006445 -0.278294946 -0.6334115077 0.7590724601 -0.4204873479 -0.8874426131 1.538925635 -1.439841365 0.9747052597 1.310643961 -0.4882788852 1.383544721 1.150834747 1.266006767 0.1444185913 1.140017528 0
-0.2067217594 2.938293208 2.221347464 -1.635871141 -0.6835984744 -0.0614006445 -0.278294946 -0.8128879036 1.338133236 -0.4204873479 0.9849235294 1.221209343 -1.439841365 0.3146884955 2.686669816 -0.4882788852 1.263313568 1.150834747 1.334974021 0.1110182578 1.140017528 0
-0.2067217594 2.57438879 1.570895615 -1.196499856 -0.6835984744 -0.0614006445 -0.278294946 -0.6334115077 0.7590724601 -0.4204873479 -0.444883343 1.538925635 -1.439841365 0.9747052597 1.998656888 -0.4882788852 1.383544721 1.08698666 1.266006767 0.1778189249 1.140017528 0
-0.1009047223 2.665265386 0.1128614898 -1.344178428 -0.6835984744 -0.0614006445 -0.278294946 -0.9325388343 2.612066943 -0.4204873479 -0.5810554261 1.221209343 -1.404204425 0.3696898925 2.342663352 0.9630825414 0.8425045344 0.7038981368 0.9901377488 0.4116212598 1.140017528 0
-0.1009047223 2.80360495 0.1632579448 -1.167678974 -0.6835984744 -0.0614006445 -0.278294946 -0.8128879036 2.033006167 -0.4204873479 -0.1895606872 1.565401992 -1.332930546 1.194710848 1.998656888 0.9630825414 0.8425045344 0.7038981368 0.8522032399 0.1444185913 1.140017528 0
-0.2067217594 1.188984403 0.07769460388 -0.1774076448 -0.6835984744 -0.0614006445 -0.278294946 -0.5137605771 0.5274481497 -0.4204873479 2.091321705 1.168256628 -1.297293606 0.4246912895 0.6226310329 -0.4882788852 1.082966839 0.9592904857 1.197039512 0.1778189249 1.140017528 0
-0.2067217594 1.175584839 0.08755493279 0.2963915468 -0.6835984744 -0.0614006445 -0.278294946 -0.6334115077 0.7590724601 -0.4204873479 1.529611862 1.168256628 -1.368567485 0.3146884955 0.278624569 -0.4882788852 1.383544721 0.8315943113 0.9901377488 0.6120232611 1.140017528 0
-0.4183558334 1.166937359 0.08635330133 -0.1926542955 -0.6835984744 -0.0614006445 -0.278294946 -0.2744587158 -0.3990490918 -0.4204873479 0.7636438944 1.300638416 -1.119108906 0.9747052597 0.9666374967 -0.4882788852 -0.4199225671 0.3846577008 -0.04437106814 0.1444185913 -0.4932939694 0
-0.4183558334 0.5896583958 0.1110244135 -0.06987319189 -0.6835984744 -0.0614006445 -0.278294946 -0.3342841811 -0.2832369366 -0.4204873479 0.7806654048 1.300638416 -1.119108906 0.9747052597 1.310643961 -0.4882788852 -0.4199225671 0.3208096135 -0.1133383226 0.1444185913 -0.4932939694 0
2.65033824 0.9780871085 -0.1333067138 -1.05248575 -0.6835984744 -0.0614006445 -0.278294946 0.263970472 -0.8622977126 -0.4204873479 -0.5640339157 -0.9233756248 2.230763444 1.52471923 -1.44140775 -0.4882788852 1.624007026 2.108556056 2.024646566 -0.4901877462 -2.126605467 0
2.65033824 0.6940488499 -0.1139275152 -0.8917444405 -0.6835984744 -0.0614006445 -0.278294946 0.3237959373 -0.9781098678 -0.4204873479 -0.444883343 -0.9233756248 2.230763444 1.52471923 -1.097401286 -0.4882788852 1.744238178 2.108556056 2.024646566 -0.5569884133 -2.126605467 0
2.65033824 1.350411934 -0.1089938047 -1.243346384 -0.6835984744 -0.0614006445 -0.278294946 0.2041450067 -0.8622977126 -0.4204873479 -0.4959478742 -0.9233756248 2.230763444 1.52471923 -1.097401286 -0.4882788852 1.624007026 2.172404143 2.024646566 -0.4901877462 -2.126605467 0
2.65033824 1.07422167 -0.2036404857 -0.5325918303 -0.6835984744 -0.0614006445 -0.278294946 0.263970472 -0.8622977126 -0.4204873479 -0.8363780819 -0.9498519824 2.266400384 1.52471923 -0.7533948225 -0.4882788852 1.503775873 2.172404143 2.024646566 -0.3899867455 -2.126605467 0
2.332887129 0.5562925456 -0.1684735997 -0.7607930364 -0.6835984744 -0.0614006445 -0.278294946 0.2041450067 -0.8622977126 -0.4204873479 -0.1384961561 -0.2085139689 1.161655247 1.359715039 -0.4093883587 2.414443968 1.503775873 1.980859881 1.886712057 -0.4233870791 -0.4932939694 0
2.332887129 0.9694201065 -0.1773857558 -0.7647888457 -0.6835984744 -0.0614006445 -0.278294946 0.02466861077 -0.7464855574 -0.4204873479 -0.8023350611 -0.7115647638 1.838757105 1.359715039 -0.7533948225 0.9630825414 1.503775873 2.108556056 1.955679311 -0.356586412 -0.4932939694 0
2.332887129 -0.2682723451 -0.1493040207 -0.7344805566 -0.6835984744 -0.0614006445 -0.278294946 0.6827487292 -0.9781098678 -0.3582470622 0.1678910309 -1.135186486 1.767483225 0.3696898925 -1.097401286 -0.4882788852 1.503775873 1.725467532 1.748777548 -0.6237890804 1.140017528 0
-0.2067217594 1.188984403 0.5348641252 0.1142850335 -0.6835984744 -0.0614006445 -0.278294946 -0.09498231986 -0.514861247 -0.4204873479 -0.5299908949 0.3739658989 -0.6914656274 -0.2903268718 0.278624569 0.9630825414 -0.1794602621 0.5762019624 0.3694324586 -0.1227840771 1.140017528 0
-0.2067217594 0.531178517 0.4920533608 -0.1305359357 -0.6835984744 -0.0614006445 -0.278294946 0.08449407608 -0.7464855574 -0.4204873479 -0.223603708 0.3739658989 -0.6914656274 -0.2903268718 -0.4093883587 -0.4882788852 -0.1794602621 0.5123538752 0.1625306953 -0.1895847442 1.140017528 0
-0.2067217594 1.271223379 0.4175091173 0.1825320542 -0.6835984744 -0.0614006445 -0.278294946 -0.1548077852 -0.514861247 -0.4204873479 -0.7682920404 0.8240639786 -0.5132809279 0.9197038627 -0.4093883587 -0.4882788852 -0.1794602621 0.5123538752 0.2314979497 -0.1895847442 -0.4932939694 0
-0.2067217594 1.393816659 0.6506850003 -0.2643435227 -0.6835984744 -0.0614006445 -0.278294946 -0.09498231986 -0.514861247 -0.4204873479 -0.7002059988 0.9564457668 -0.6914656274 0.9197038627 -0.4093883587 -0.4882788852 1.022851263 0.6400500496 0.6453014765 -0.1227840771 1.140017528 0
-0.6299899074 0.3453952514 0.3062793656 -0.1774076448 -0.6835984744 -0.0614006445 -0.278294946 -0.2146332505 -0.1674247814 -0.2960067765 0.4232136867 1.406543846 -0.8696503268 1.579720627 1.654650424 -0.4882788852 -0.4199225671 0.001569177458 -0.2512728315 -0.3231860784 -0.4932939694 0
-0.6299899074 1.013236649 0.6345036364 -0.03156128818 -0.6835984744 -0.0614006445 -0.278294946 -0.1548077852 0.06419952896 -0.4204873479 -0.07041011451 1.936070999 -1.404204425 1.854727612 1.654650424 -0.4882788852 -0.1794602621 0.1931134391 -0.1823055771 -0.2563854113 -0.4932939694 0
-0.6299899074 -0.5101572609 -0.1011321477 -0.5021935183 -0.6835984744 -0.0614006445 -0.278294946 -0.2744587158 -0.3990490918 -0.1715262051 0.7296008737 0.3210131837 -0.8696503268 -0.6753366509 -0.4093883587 -0.4882788852 -0.4199225671 -0.2538231714 -0.3892073404 -0.5903887469 1.140017528 0
-0.6299899074 -0.9199884374 -0.2036404857 -1.635871141 -0.6835984744 -0.0614006445 -0.278294946 -0.2744587158 -0.3990490918 -0.1092859194 0.3210846244 -1.241091916 1.054744428 -0.950343636 -1.097401286 0.9630825414 -0.4199225671 -0.2538231714 -0.4581745949 -0.657189414 -0.4932939694 0
2.756155277 0.9780871085 0.3590296934 -1.05248575 -0.6835984744 -0.0614006445 -0.278294946 -0.2146332505 -0.6306734022 -0.4204873479 0.8487514464 -0.7115647638 2.159489564 1.854727612 -0.06538189482 -0.4882788852 3.00666528 2.874733102 2.990188128 -0.1895847442 -0.4932939694 0
2.756155277 1.524847061 0.4078698937 -0.6697398147 -0.6835984744 -0.0614006445 -0.278294946 -0.2146332505 -0.7464855574 -0.4204873479 -1.398087925 -0.764517479 2.230763444 1.854727612 -0.7533948225 -0.4882788852 3.00666528 3.002429277 3.197089892 -0.3231860784 1.140017528 0
2.756155277 1.527100373 0.4424376073 -0.5076790431 -0.6835984744 -0.0614006445 -0.278294946 -0.2744587158 -0.6306734022 -0.4204873479 -1.398087925 -0.8968992672 2.408948144 1.854727612 -1.097401286 -0.4882788852 3.00666528 3.130125451 3.403991655 -0.3899867455 1.140017528 0
2.756155277 2.027165917 0.3369376748 -1.635871141 -0.6835984744 -0.0614006445 -0.278294946 -0.1548077852 -0.6306734022 -0.4204873479 -0.9214856338 -0.8174701943 2.159489564 1.634722024 -0.7533948225 -0.4882788852 2.645971822 2.683188841 2.852253619 -0.356586412 -0.4932939694 0
1.063082685 2.876162654 1.115117748 -1.05248575 -0.412511671 -0.0614006445 -0.278294946 -0.5137605771 0.5274481497 -0.4204873479 -0.972550165 1.962547357 -1.404204425 1.909729009 2.686669816 -0.4882788852 2.645971822 1.980859881 2.369482838 1.079627931 1.140017528 0
1.063082685 2.636493172 1.07139408 -0.6520749599 -0.6835984744 -0.0614006445 -0.278294946 -0.3941096464 -0.1674247814 -0.4204873479 -1.398087925 -0.3144193994 1.304203007 1.359715039 1.310643961 -0.4882788852 2.645971822 2.427796492 2.71431911 0.04421759068 1.140017528 0
1.063082685 2.267396129 0.8593451431 -0.9011242103 -0.6835984744 -0.0614006445 -0.278294946 -0.3941096464 -0.3990490918 -0.4204873479 -1.398087925 0.05624960741 0.7696489084 1.304713642 -0.7533948225 -0.4882788852 2.405509517 2.555492666 2.71431911 -0.3231860784 1.140017528 0
1.063082685 3.956212395 1.596797522 -1.635871141 -0.6835984744 -0.0614006445 -0.278294946 -0.7530624383 0.9906967705 -0.4204873479 -1.398087925 1.856641926 -1.226019726 1.964730406 1.998656888 -0.4882788852 2.04481606 1.597771358 1.748777548 0.545222594 1.140017528 0
1.063082685 3.022240723 1.298901933 -1.635871141 0.04030589442 -0.0614006445 -0.278294946 -0.7530624383 1.917194012 -0.4204873479 -1.125743758 1.989023714 -1.404204425 1.964730406 1.998656888 -0.4882788852 1.864469331 1.342379009 1.610843039 1.146428598 1.140017528 0
1.063082685 3.232917746 1.065929028 -0.3594494563 -0.6835984744 -0.0614006445 -0.278294946 -0.3941096464 -0.1674247814 -0.4204873479 -1.398087925 1.485972919 -0.7983764471 1.854727612 0.278624569 -0.4882788852 2.645971822 2.555492666 2.783286365 -0.2229850778 1.140017528 0
0.5339974997 -0.1813345651 -0.1625839158 -1.635871141 -0.6835984744 -0.0614006445 -0.278294946 0.8622251252 -0.7464855574 1.073279509 0.8827944671 0.6122531176 -0.7271025673 0.1496843044 1.310643961 -0.4882788852 0.4216955005 0.7038981368 0.576334222 -0.5235880797 1.140017528 0
0.6398145367 -0.7090911433 -0.1860570416 -1.635871141 -0.6835984744 -0.0614006445 -0.278294946 0.443446868 -0.514861247 0.6998377946 1.121095613 0.7446349057 -0.5845548077 0.6446968776 1.310643961 0.9630825414 0.3615799243 0.5123538752 0.4383997131 -0.5903887469 1.140017528 0
0.6398145367 -0.6093424464 -0.1777405498 -1.635871141 -0.6835984744 -0.0614006445 -0.278294946 0.6229232639 -0.8622977126 0.9487989373 -0.2576467288 0.7446349057 -0.5845548077 0.6446968776 -0.06538189482 -0.4882788852 0.3615799243 0.5123538752 0.3694324586 -0.657189414 -0.4932939694 0
1.380533796 0.8917422736 -0.1820616226 -1.277898203 -0.6835984744 -0.0614006445 -0.278294946 0.3836214026 -0.7464855574 -0.4204873479 0.08278347897 0.4798713295 -0.5845548077 0.09468290738 -0.06538189482 -0.4882788852 1.383544721 1.406227096 1.403941276 -0.5235880797 1.140017528 0
0.8514486107 -0.6809848015 -0.2036404857 -1.305304458 -0.6835984744 -0.0614006445 -0.278294946 0.443446868 -0.7464855574 -0.4204873479 1.359396758 0.9034930515 -1.190382786 0.03968151036 0.9666374967 -0.4882788852 0.6020422293 0.7677462241 0.714268731 -0.5569884133 1.140017528 0
0.8514486107 -0.9199884374 -0.2036404857 -1.007972509 -0.6835984744 -0.0614006445 -0.278294946 0.5032723333 -0.8622977126 -0.4204873479 1.121095613 0.2680604684 -0.6558286875 -0.4553310628 -0.06538189482 -0.4882788852 0.4216955005 0.7677462241 0.6453014765 -0.5903887469 1.140017528 0
0.9572656477 -0.9199884374 -0.1684735997 -0.4691003581 -0.6835984744 -0.0614006445 -0.278294946 0.8023996598 -1.093922023 0.5131169375 -0.01934558335 -1.346997347 1.411113827 -0.6203352539 -1.097401286 -0.4882788852 0.4818110768 0.6400500496 0.576334222 -0.657189414 -0.4932939694 0
0.4281804627 1.610778966 -0.2036404857 0.4059777468 -0.6835984744 -0.0614006445 -0.278294946 -0.5735860424 4.928310047 -0.4204873479 3.64027915 1.962547357 -1.368567485 1.964730406 0.278624569 3.865805395 0.6020422293 1.08698666 0.9901377488 1.380230933 1.140017528 0
0.4281804627 3.070720693 -0.2036404857 -0.1305359357 -0.6835984744 -0.0614006445 -0.278294946 -0.5735860424 4.001812805 -0.4204873479 -0.5129693846 1.962547357 -1.368567485 1.964730406 2.342663352 2.414443968 0.6020422293 1.661619445 1.748777548 1.781034936 1.140017528 0
0.8514486107 -0.07639931152 -0.2036404857 1.281055852 0.4007486741 -0.0614006445 -0.278294946 -0.5735860424 4.117624961 -0.4204873479 3.589214619 1.380067489 -1.439841365 0.6446968776 1.998656888 0.9630825414 0.7222733818 0.6400500496 0.7832359854 0.7456245953 1.140017528 0
0.8514486107 -0.9199884374 -0.2036404857 1.083720979 1.338380124 -0.0614006445 -0.278294946 -0.5735860424 2.959503409 -0.4204873479 2.533880975 1.406543846 -1.439841365 0.6996982746 1.654650424 0.9630825414 0.4216955005 0.2569615263 0.4383997131 0.2112192585 1.140017528 0
0.8514486107 0.7061584686 -0.2036404857 1.17553999 -0.6835984744 -0.0614006445 -0.278294946 -0.3941096464 4.580873581 -0.4204873479 4.508376179 1.989023714 -1.439841365 1.909729009 1.310643961 0.9630825414 0.7222733818 0.9592904857 0.9901377488 0.7456245953 1.140017528 0
0.8514486107 -0.2233883293 -0.2036404857 1.25453832 0.6595133441 -0.0614006445 -0.278294946 -0.3941096464 2.380442633 -0.4204873479 2.295579829 1.406543846 -1.439841365 0.6996982746 0.278624569 -0.4882788852 0.4216955005 0.5123538752 0.576334222 0.1444185913 1.140017528 0
-0.2067217594 -0.07639931152 -0.2036404857 -0.7607930364 -0.1414249002 -0.0614006445 -0.278294946 -0.2744587158 1.685569702 -0.4204873479 3.248784411 1.856641926 -1.404204425 1.689723421 0.6226310329 2.414443968 -0.1794602621 0.06541726467 0.09356344079 0.2112192585 -0.4932939694 0
-0.2067217594 0.331822652 -0.2036404857 0.09551272843 0.389117886 -0.0614006445 -0.278294946 -0.5137605771 1.222321081 -0.4204873479 0.08278347897 1.856641926 -1.404204425 1.689723421 0.9666374967 2.414443968 -0.1794602621 0.06541726467 -0.1823055771 0.5786229276 -0.4932939694 0
-0.2067217594 0.1794282728 -0.2036404857 -0.1152644186 0.7295887492 -0.0614006445 -0.278294946 -0.5735860424 1.569757546 -0.4204873479 0.5764072802 1.856641926 -1.404204425 1.689723421 1.310643961 0.9630825414 -0.5401537196 0.001569177458 -0.3892073404 1.079627931 -0.4932939694 0
-0.2067217594 -0.9199884374 -0.2036404857 -1.635871141 1.733004193 -0.0614006445 -0.278294946 -0.4539351117 0.4116359945 -0.4204873479 -0.8874426131 0.4269186142 -1.154745846 -0.895342239 -0.06538189482 0.9630825414 -0.5401537196 -0.7646078691 -0.7340436128 0.01081725713 1.140017528 0
-0.4183558334 -0.7090911433 -0.2036404857 1.864441243 0.1296619032 -0.0614006445 -0.278294946 -0.4539351117 1.569757546 -0.4204873479 1.325353737 1.644831065 -1.261656666 1.469717833 1.654650424 0.9630825414 -0.4199225671 -0.1899750842 -0.5271418494 0.545222594 -0.4932939694 0
-0.4183558334 -0.9199884374 -0.2036404857 1.945079816 0.9803932946 -0.0614006445 -0.278294946 0.08449407608 0.7590724601 -0.4204873479 0.5764072802 1.062351197 -1.439841365 -0.01531988666 1.310643961 0.9630825414 -0.4199225671 -0.6369116947 -0.5961091038 -0.1227840771 1.140017528 0
-0.4183558334 -0.5006420963 -0.2036404857 2.424123562 0.3944547989 -0.0614006445 -0.278294946 -0.8727133689 1.917194012 -0.4204873479 1.138117123 1.777212853 -1.439841365 1.469717833 1.998656888 -0.4882788852 -0.6603848721 0.001569177458 -0.5961091038 1.614033268 -0.4932939694 0
-0.4183558334 -0.3865162061 -0.2036404857 2.053364565 0.002125268412 -0.0614006445 -0.278294946 -0.9923642996 2.264630478 -0.4204873479 2.006214153 1.671307423 -1.297293606 1.469717833 1.654650424 0.9630825414 -0.6603848721 0.2569615263 -0.4581745949 1.948036603 -0.4932939694 0
-0.4183558334 0.7671898397 -0.2036404857 0.1142850335 0.4007486741 -0.0614006445 -0.278294946 0.02466861077 1.569757546 -0.2960067765 0.3721491555 1.433020204 -1.404204425 0.8097010687 1.654650424 0.9630825414 -0.1794602621 -0.06227890976 -0.1133383226 0.1110182578 -0.4932939694 0
-0.4183558334 0.8143451976 -0.2036404857 -0.1966137668 1.099847657 -0.0614006445 -0.278294946 -0.09498231986 1.222321081 -0.4204873479 -0.7342490196 1.989023714 -1.439841365 1.909729009 2.342663352 0.9630825414 -0.1794602621 -0.1899750842 -0.2512728315 0.01081725713 -0.4932939694 0
-0.4183558334 0.8263226181 -0.2036404857 0.7794571926 0.2142828953 -0.0614006445 -0.278294946 0.3237959373 0.5274481497 -0.1715262051 -0.3938188119 1.777212853 -1.404204425 1.52471923 1.310643961 -0.4882788852 -0.1794602621 0.001569177458 -0.04437106814 -0.1895847442 -0.4932939694 0
-0.4183558334 0.9812585013 -0.2036404857 0.9937495018 1.271487606 -0.0614006445 -0.278294946 -0.1548077852 1.106508926 -0.4204873479 -0.6321199573 1.989023714 -1.439841365 1.909729009 2.686669816 2.414443968 -0.1794602621 -0.1899750842 -0.2512728315 0.1110182578 -0.4932939694 0
-0.4183558334 0.7671898397 -0.2036404857 0.9893631384 0.9429222483 -0.0614006445 -0.278294946 -0.5137605771 2.264630478 -0.4204873479 1.189181654 1.883118284 -1.332930546 1.854727612 0.6226310329 2.414443968 -0.1794602621 0.1931134391 -0.1823055771 1.480431934 -0.4932939694 0
-0.4183558334 -0.5535161923 -0.2036404857 0.898473385 1.200651135 -0.0614006445 -0.278294946 -0.3342841811 1.453945391 -0.4204873479 1.818977538 1.433020204 -1.404204425 0.8097010687 0.6226310329 -0.4882788852 -0.1794602621 -0.5092155203 -0.4581745949 0.1110182578 -0.4932939694 0
-0.4183558334 0.9302494427 -0.2036404857 0.4966870696 0.5055468735 -0.0614006445 -0.278294946 -0.5137605771 2.727879098 -0.4204873479 2.091321705 1.962547357 -1.404204425 1.909729009 0.9666374967 0.9630825414 -0.1794602621 0.5123538752 -0.04437106814 2.081637938 -0.4932939694 0
-0.4183558334 0.7255593475 -0.2036404857 0.640091195 0.7265232649 -0.0614006445 -0.278294946 -0.5137605771 2.727879098 -0.4204873479 1.750891497 1.883118284 -1.332930546 1.854727612 0.9666374967 2.414443968 -0.1794602621 0.3846577008 -0.1133383226 1.948036603 -0.4932939694 0
-0.4183558334 1.290377309 -0.2036404857 0.8098599463 -0.1153588739 -0.0614006445 -0.278294946 -0.4539351117 3.075315564 -0.4204873479 3.078569307 1.936070999 -1.368567485 1.909729009 0.9666374967 0.9630825414 -0.1794602621 0.8954423985 0.2314979497 2.649443608 -0.4932939694 0
-0.4183558334 2.381132226 -0.2036404857 -0.722713045 0.1650518278 -0.0614006445 -0.278294946 -0.6334115077 4.001812805 -0.4204873479 1.325353737 1.936070999 -1.368567485 1.909729009 0.9666374967 2.414443968 -0.1794602621 1.406227096 1.817744802 3.885255949 1.140017528 0
-0.4183558334 -0.9199884374 -0.2036404857 1.240276431 1.454776934 -0.0614006445 -0.278294946 -0.3941096464 1.338133236 -0.4204873479 1.121095613 1.433020204 -1.404204425 0.8097010687 0.278624569 0.9630825414 -0.1794602621 -0.5730636075 -0.5271418494 0.1444185913 -0.4932939694 0
-0.4183558334 -0.2562985659 -0.2036404857 0.6590077676 1.022611806 -0.0614006445 -0.278294946 -0.3342841811 1.338133236 -0.4204873479 1.512590351 1.433020204 -1.404204425 0.8097010687 0.9666374967 -0.4882788852 -0.1794602621 -0.4453674331 -0.320240086 0.04421759068 -0.4932939694 0
0.4281804627 0.1037599142 -0.1751890028 -1.635871141 -0.2449573559 -0.0614006445 -0.278294946 1.460479778 -0.7464855574 -0.4204873479 1.529611862 1.380067489 -1.297293606 0.8647024657 0.278624569 -0.4882788852 0.2413487718 0.3846577008 0.3004652042 -0.4567874126 1.140017528 0
-1.264892129 -0.07639931152 -0.02780605391 -0.1774076448 -0.6835984744 -0.0614006445 -0.278294946 -0.2146332505 -0.3990490918 -0.4204873479 0.1678910309 -0.07613218073 0.5201903291 0.6446968776 0.6226310329 -0.4882788852 -0.7806160247 -0.126126997 -0.6650763583 0.3114202591 -2.126605467 0
-1.264892129 -0.9199884374 -0.2036404857 -0.4891841165 -0.6835984744 -0.0614006445 -0.278294946 0.02466861077 -0.7464855574 -0.4204873479 0.5083212386 -1.241091916 0.6627380887 -1.555359003 -0.7533948225 -0.4882788852 -0.7806160247 -0.5730636075 -0.7340436128 -0.6237890804 -0.4932939694 0
-1.264892129 -0.1248128287 -0.2036404857 -0.5360612466 -0.6835984744 -0.0614006445 -0.278294946 -0.4539351117 -0.3990490918 -0.4204873479 0.2359770724 -1.294044632 0.7696489084 -1.500357606 -1.097401286 -0.4882788852 -0.5401537196 -0.3815193458 -0.5271418494 -0.6237890804 -0.4932939694 0
-1.264892129 -0.1696446783 -0.03681517705 -0.2521340802 -0.6835984744 -0.0614006445 -0.278294946 -0.2146332505 -0.3990490918 -0.4204873479 0.2870416036 -0.1820376112 0.5201903291 0.4246912895 -0.06538189482 -0.4882788852 -0.7806160247 -0.3815193458 -0.7340436128 -0.1561844106 -2.126605467 0
-1.264892129 -0.1490559874 -0.1393644235 -0.5695920359 -0.6835984744 -0.0614006445 -0.278294946 -0.2744587158 -0.514861247 -0.4204873479 0.08278347897 -0.2614666841 0.7696489084 0.6446968776 -0.06538189482 -0.4882788852 -0.7806160247 -0.06227890976 -0.5961091038 0.3448205927 -2.126605467 0
-1.264892129 -0.1521771863 -0.07560881576 -0.2199215642 -0.6835984744 -0.0614006445 -0.278294946 -0.1548077852 -0.514861247 -0.4204873479 0.2019340517 -0.1820376112 0.6627380887 0.6446968776 0.9666374967 -0.4882788852 -0.7806160247 -0.126126997 -0.6650763583 0.3448205927 -2.126605467 0
-1.264892129 -0.7090911433 -0.04538949793 -0.7607930364 -0.412511671 -0.0614006445 -0.278294946 -0.1548077852 -0.3990490918 -0.4204873479 0.7976869152 1.115303913 -1.297293606 0.3146884955 1.998656888 -0.4882788852 -1.261540635 -0.9561521308 -1.354748903 -0.2229850778 -0.4932939694 0
-1.264892129 -0.9199884374 -0.07330015655 -0.5547597217 -0.1812289688 -0.0614006445 -0.278294946 0.02466861077 -0.6306734022 -0.4204873479 0.2870416036 -0.9233756248 0.4132795094 -1.280352018 -0.4093883587 -0.4882788852 -1.261540635 -1.21154448 -1.423716157 -0.657189414 -0.4932939694 0
-1.264892129 -0.9199884374 -0.08748319425 0.2910685109 -0.6835984744 -0.0614006445 -0.278294946 -0.2744587158 -0.3990490918 -0.4204873479 0.9849235294 -1.188139201 0.555827269 -1.6103604 -1.097401286 -0.4882788852 -0.9008471772 -0.8923040436 -1.078879885 -0.5903887469 -0.4932939694 0
-1.264892129 -0.05843531748 0.209390699 -0.1463500737 -0.6835984744 -0.0614006445 -0.278294946 -0.5137605771 0.06419952896 -0.4204873479 0.8998159775 1.009398482 -1.012198086 0.5346940836 0.6226310329 -0.4882788852 -1.02107833 -0.2538231714 -0.8030108672 0.7122242618 -0.4932939694 0
-1.264892129 -0.9199884374 0.01061305332 -0.2141656557 -0.6835984744 -0.0614006445 -0.278294946 -0.3941096464 -0.1674247814 -0.4204873479 1.291310716 -0.3938484723 0.4489164493 -0.1253226807 0.6226310329 -0.4882788852 -1.02107833 -0.9561521308 -1.14784714 -0.5569884133 -2.126605467 0
-1.264892129 -0.9199884374 -0.09089958536 -0.7007386646 -0.6835984744 -0.0614006445 -0.278294946 -0.3941096464 -0.1674247814 -0.4204873479 1.325353737 -0.3938484723 0.4489164493 -0.1253226807 -0.06538189482 -0.4882788852 -1.02107833 -0.8284559564 -1.078879885 -0.5569884133 -2.126605467 0
-1.264892129 0.5941782969 0.3644521333 0.458377649 -0.6835984744 -0.0614006445 -0.278294946 -0.5735860424 0.2958238393 -0.4204873479 0.2359770724 1.406543846 -1.012198086 1.359715039 0.9666374967 -0.4882788852 -0.6603848721 0.1931134391 -0.320240086 0.9460265967 -0.4932939694 0
-1.264892129 0.5374515875 0.1608992546 1.387813673 -0.6835984744 -0.0614006445 -0.278294946 -0.5735860424 0.06419952896 -0.4204873479 1.138117123 0.1092023227 0.19945787 0.5346940836 0.278624569 0.9630825414 1.503775873 0.5762019624 0.1625306953 1.647433601 -0.4932939694 0
-1.264892129 1.081588158 0.1857469499 1.132515766 -0.6835984744 -0.0614006445 -0.278294946 -0.5735860424 0.1800116841 -0.4204873479 -1.040636207 0.58577676 -0.4420070481 0.5346940836 0.9666374967 -0.4882788852 1.503775873 0.5123538752 0.09356344079 1.814435269 -0.4932939694 0
-1.264892129 0.1683867847 0.00809242385 -0.1305359357 -0.6835984744 -0.0614006445 -0.278294946 -0.4539351117 0.06419952896 -0.4204873479 0.525342749 0.58577676 -0.4420070481 0.5346940836 -0.06538189482 -0.4882788852 -1.02107833 -0.06227890976 -0.5961091038 1.012827264 -0.4932939694 0
1.697984907 -0.4981938745 -0.1157232698 -0.4691003581 -0.6835984744 -0.0614006445 -0.278294946 1.939083501 -1.093922023 -0.2337664908 0.2359770724 -1.108710128 1.767483225 0.4246912895 -0.7533948225 -0.4882788852 0.8425045344 1.214682835 1.128072258 -0.6237890804 -0.4932939694 0
1.274716759 0.5562925456 -0.02780605391 -1.05248575 -0.412511671 -0.0614006445 -0.278294946 1.69978164 -0.9781098678 -0.4204873479 0.1849125413 0.5328240447 -0.2994592885 0.6446968776 -0.06538189482 -0.4882788852 1.203197992 1.342379009 1.266006767 -0.5235880797 1.140017528 0
1.274716759 1.714030765 -0.04677628687 -1.115425403 -0.1999183373 -0.0614006445 -0.278294946 1.580130709 -0.7464855574 -0.4204873479 -0.9385071442 0.5328240447 -0.2994592885 0.6446968776 -0.4093883587 -0.4882788852 1.203197992 1.342379009 1.266006767 -0.4901877462 1.140017528 0
1.274716759 1.058101599 -0.06620536042 -1.179887367 -0.2598265458 -0.0614006445 -0.278294946 1.69978164 -0.8622977126 -0.4204873479 -0.5129693846 0.6387294752 -0.2994592885 0.8647024657 -0.4093883587 -0.4882788852 1.203197992 1.342379009 1.403941276 -0.5235880797 1.140017528 0
1.274716759 0.3603449329 -0.1769537154 -1.635871141 -0.6835984744 -0.0614006445 -0.278294946 1.340828848 -0.6306734022 -0.4204873479 0.2529985828 0.6387294752 -0.6558286875 0.3146884955 -0.06538189482 -0.4882788852 0.6020422293 0.8954423985 0.8522032399 -0.5569884133 1.140017528 0
1.59216787 0.9780871085 -0.010222612 -0.7607930364 -0.6835984744 -0.0614006445 -0.278294946 1.580130709 -0.8622977126 -0.4204873479 0.2189555621 0.2151077532 0.912196668 1.854727612 -0.7533948225 -0.4882788852 1.203197992 1.597771358 1.541875785 -0.356586412 -0.4932939694 0
1.59216787 0.4655778348 0.08516154493 -0.6776806161 -0.6835984744 -0.0614006445 -0.278294946 1.340828848 -0.7464855574 -0.4204873479 0.4572567075 -0.0496558231 1.054744428 1.52471923 -1.097401286 -0.4882788852 1.203197992 1.533923271 1.403941276 -0.3231860784 -0.4932939694 0
1.697984907 1.184721312 -0.1033667714 -0.388286566 -0.6835984744 -0.0614006445 -0.278294946 1.69978164 -0.8622977126 -0.4204873479 0.2870416036 0.2151077532 0.912196668 1.854727612 -0.7533948225 -0.4882788852 1.323429144 1.661619445 1.541875785 -0.3231860784 -0.4932939694 0
1.274716759 0.5562925456 -0.08055638386 -0.7607930364 -0.6835984744 -0.0614006445 -0.278294946 -0.6334115077 0.1800116841 -0.4204873479 1.972171132 0.797587621 -0.6914656274 0.5896954806 -0.06538189482 0.9630825414 0.7222733818 1.023138573 0.9901377488 -0.3231860784 1.140017528 0
1.274716759 1.544590927 0.00184244127 -0.9541176555 -0.6835984744 -0.0614006445 -0.278294946 -0.5137605771 -0.05161262623 -0.4204873479 0.5593857698 1.194732985 -1.190382786 0.6446968776 -0.7533948225 0.9630825414 0.7222733818 1.08698666 0.9211704943 -0.2897857449 1.140017528 0
1.274716759 -0.2956283329 -0.1515848109 -0.7723167096 -0.6835984744 -0.0614006445 -0.278294946 -0.5735860424 0.4116359945 -0.4204873479 2.806225141 1.168256628 -1.226019726 0.5346940836 0.6226310329 0.9630825414 0.9026201106 0.9592904857 0.9901377488 -0.2897857449 1.140017528 0
1.274716759 0.5102482296 -0.1082443391 -0.8446052156 -0.6835984744 -0.0614006445 -0.278294946 -0.693236973 0.2958238393 -0.4204873479 2.261536808 0.7711112634 -0.6914656274 0.5346940836 0.278624569 0.9630825414 0.8425045344 1.023138573 0.9901377488 -0.356586412 1.140017528 0
1.168899722 0.3901972881 0.06944951861 -0.7298101347 -0.6835984744 -0.0614006445 -0.278294946 -0.3342841811 0.1800116841 -0.4204873479 0.304063114 1.644831065 -1.083471966 1.744724818 1.654650424 0.9630825414 0.7222733818 1.023138573 0.9211704943 -0.4233870791 -0.4932939694 0
1.486350833 1.397948462 -0.1333653254 -1.344421532 -0.6835984744 -0.0614006445 -0.278294946 -0.2146332505 0.5274481497 -0.4204873479 3.248784411 1.485972919 -1.439841365 0.8647024657 0.9666374967 -0.4882788852 1.082966839 1.214682835 1.266006767 -0.08938374354 1.140017528 0
1.486350833 1.738259586 -0.1759367438 -1.176292255 -0.6835984744 -0.0614006445 -0.278294946 -0.2744587158 0.5274481497 -0.4204873479 2.959418734 1.274162058 -1.439841365 0.4246912895 -0.06538189482 -0.4882788852 1.082966839 1.150834747 1.266006767 -0.1561844106 1.140017528 0
1.486350833 1.414157794 -0.07390172598 -1.097810316 -0.6835984744 -0.0614006445 -0.278294946 -0.2744587158 0.6432603049 -0.4204873479 3.044526286 1.565401992 -1.439841365 1.029706657 1.310643961 -0.4882788852 1.203197992 1.342379009 1.403941276 -0.02258307643 1.140017528 0
1.486350833 2.824038837 0.3246238221 -0.8391979275 -0.6835984744 -0.0614006445 -0.278294946 -0.2146332505 -0.514861247 -0.4204873479 -1.159786779 1.03587484 -0.6201917476 1.194710848 -0.4093883587 -0.4882788852 1.263313568 1.853163707 1.886712057 -0.2563854113 1.140017528 0
1.063082685 -0.9199884374 -0.1860423661 -1.051998772 -0.6835984744 -0.0614006445 -0.278294946 -0.8727133689 1.685569702 -0.1092859194 4.882849408 0.9034930515 -1.439841365 -0.3453282688 -1.097401286 -0.4882788852 0.301464348 0.448505788 0.5073669676 -0.3899867455 1.140017528 0
1.063082685 -0.9199884374 -0.1437468824 -1.635871141 -0.6835984744 -0.0614006445 -0.278294946 -0.2744587158 -0.3990490918 0.3263960804 0.4402351971 0.6122531176 -1.190382786 -0.5653338569 -0.7533948225 -0.4882788852 0.7222733818 0.7038981368 0.714268731 -0.5569884133 1.140017528 0
1.063082685 1.188984403 -0.010222612 -0.4691003581 -0.6835984744 -0.0614006445 -0.278294946 0.02466861077 -0.3990490918 -0.2960067765 0.08278347897 1.512449277 -1.404204425 0.9747052597 0.278624569 -0.4882788852 0.6020422293 1.278530922 1.059105003 -0.05598340998 1.140017528 0
1.063082685 2.474183949 0.07934673988 -0.2275239926 -0.6835984744 -0.0614006445 -0.278294946 0.02466861077 -0.2832369366 -0.4204873479 -0.6321199573 1.59187835 -1.404204425 1.139709451 0.278624569 -0.4882788852 1.203197992 1.597771358 1.47290853 -0.2229850778 1.140017528 0
1.063082685 -0.9199884374 -0.1612208721 -0.9321698553 -0.6835984744 -0.0614006445 -0.278294946 -0.09498231986 -0.7464855574 -0.2337664908 0.2019340517 -1.241091916 1.660572406 -0.01531988666 -0.7533948225 -0.4882788852 0.6020422293 0.7677462241 0.6453014765 -0.657189414 -2.126605467 0
0.1107293517 0.9780871085 0.1480283757 -0.1774076448 -0.6835984744 -0.0614006445 -0.278294946 -0.5137605771 1.917194012 -0.4204873479 3.299848942 0.8240639786 -1.297293606 -0.2903268718 -0.06538189482 -0.4882788852 0.4216955005 0.2569615263 0.3694324586 0.244619592 1.140017528 0
0.1107293517 1.055525958 0.1532255654 -0.7250910641 -0.6835984744 -0.0614006445 -0.278294946 -0.3941096464 1.222321081 -0.4204873479 1.90408509 1.03587484 -1.297293606 0.1496843044 -0.4093883587 -0.4882788852 0.4216955005 0.2569615263 0.3004652042 0.04421759068 1.140017528 0
-0.2067217594 0.7671898397 0.2359455916 -0.7607930364 -0.6835984744 -0.0614006445 -0.278294946 0.02466861077 1.569757546 -0.4204873479 3.538150087 1.062351197 -1.368567485 0.09468290738 -0.7533948225 -0.4882788852 -0.1193446858 0.1292653519 0.02459618633 0.1110182578 1.140017528 0
-0.2067217594 1.251865437 0.3137226626 -0.3484863107 -0.6835984744 -0.0614006445 -0.278294946 0.08449407608 1.222321081 -0.4204873479 3.367934984 1.062351197 -1.368567485 0.09468290738 -0.7533948225 -0.4882788852 -0.1193446858 0.3208096135 0.1625306953 0.07761792424 1.140017528 0
0.004912314662 1.883402279 -0.2036404857 -1.635871141 0.0370956729 -0.0614006445 -0.278294946 -0.4539351117 1.106508926 -0.4204873479 1.495568841 1.088827555 -1.368567485 0.1496843044 1.998656888 -0.4882788852 0.301464348 0.448505788 0.4383997131 0.4116212598 1.140017528 0
-1.264892129 -0.07639931152 -0.2036404857 -1.05248575 -0.412511671 -0.0614006445 -0.278294946 0.08449407608 0.06419952896 0.2641557947 1.835999049 1.538925635 -1.190382786 1.359715039 1.654650424 -0.4882788852 -0.6603848721 -0.6369116947 -0.7340436128 -0.1895847442 -0.4932939694 0
-1.264892129 -0.9199884374 -0.2036404857 -0.6366152829 -0.6835984744 -0.0614006445 -0.278294946 0.3237959373 -0.8622977126 1.19776008 -0.3767973015 -1.42642642 0.912196668 -1.555359003 -1.44140775 -0.4882788852 -0.6603848721 -0.6369116947 -0.8030108672 -0.657189414 -0.4932939694 0
0.2165463887 2.454368092 -0.08055638386 -0.4691003581 0.1296619032 -0.0614006445 -0.278294946 0.1443195414 1.453945391 -0.4204873479 -1.398087925 0.9564457668 -1.083471966 0.3146884955 0.278624569 -0.4882788852 0.8425045344 0.8954423985 1.128072258 0.3448205927 1.140017528 0
0.2165463887 3.477678378 -0.1512614847 -0.3324939454 -0.6835984744 -0.0614006445 -0.278294946 0.2041450067 0.8748846153 -0.4204873479 -1.398087925 1.221209343 -1.439841365 0.3146884955 0.278624569 -0.4882788852 1.443660297 1.08698666 1.266006767 0.244619592 1.140017528 0
1.168899722 -0.07639931152 -0.06297293984 -1.635871141 -0.412511671 -0.0614006445 -0.278294946 0.3237959373 -0.3990490918 -0.2337664908 0.6785363425 1.380067489 -0.5845548077 1.964730406 1.310643961 -0.4882788852 0.7222733818 0.8954423985 0.8522032399 -0.5569884133 -0.4932939694 0
1.168899722 -0.9199884374 -0.1739467558 -1.635871141 -0.6835984744 -0.0614006445 -0.278294946 0.7425741945 -0.9781098678 -0.1092859194 0.3721491555 0.6387294752 -0.5845548077 0.4246912895 -0.7533948225 -0.4882788852 0.8425045344 0.9592904857 0.9211704943 -0.657189414 1.140017528 0
1.168899722 -0.9199884374 -0.1645262952 -1.635871141 -0.6835984744 -0.0614006445 -0.278294946 0.6827487292 -0.9781098678 -0.4204873479 0.1168264997 -0.3938484723 0.555827269 0.03968151036 -0.4093883587 -0.4882788852 0.7222733818 1.023138573 0.9211704943 -0.657189414 1.140017528 0
1.168899722 0.7509312235 0.1678581632 -1.635871141 -0.6835984744 -0.0614006445 -0.278294946 -0.03515685455 -0.1674247814 -0.4204873479 0.5423642594 0.7181585481 -0.3707331683 0.9197038627 0.6226310329 -0.4882788852 0.6020422293 0.8954423985 0.7832359854 -0.5235880797 -0.4932939694 0
0.6398145367 0.1344979826 0.06011116197 -1.635871141 -0.6835984744 -0.0614006445 -0.278294946 0.02466861077 -0.514861247 -0.4204873479 0.7806654048 1.088827555 -0.6914656274 1.194710848 0.9666374967 -0.4882788852 0.4818110768 0.7038981368 0.576334222 -0.4901877462 -0.4932939694 0
0.6398145367 0.2038597407 0.1477353199 -1.635871141 -0.6835984744 -0.0614006445 -0.278294946 -0.1548077852 -0.514861247 -0.4204873479 0.9168374879 1.088827555 -0.6914656274 1.194710848 0.278624569 -0.4882788852 0.4818110768 0.6400500496 0.5073669676 -0.4901877462 -0.4932939694 0
0.6398145367 -0.9199884374 -0.1090999111 -1.635871141 -0.6835984744 -0.0614006445 -0.278294946 -0.3941096464 -0.2832369366 -0.4204873479 1.410461289 0.2680604684 -0.6914656274 -0.5103324599 -0.06538189482 -0.4882788852 0.4818110768 0.448505788 0.3694324586 -0.5235880797 1.140017528 0
0.6398145367 -0.9199884374 0.004410978727 -1.635871141 -0.6835984744 -0.0614006445 -0.278294946 -0.3941096464 -0.2832369366 -0.4204873479 1.955149621 0.4269186142 -0.6914656274 -0.1803240777 -0.4093883587 -0.4882788852 0.4818110768 0.5123538752 0.3694324586 -0.5235880797 1.140017528 0
0.4281804627 0.9780871085 -0.06297293984 -1.635871141 -0.6835984744 -0.0614006445 -0.278294946 -0.2744587158 0.9906967705 -0.4204873479 1.90408509 1.724260138 -1.404204425 1.414716436 0.278624569 6.768528248 0.4818110768 0.5762019624 0.576334222 -0.1227840771 1.140017528 0
0.4281804627 1.406997847 -0.04196450092 -1.635871141 -0.6835984744 -0.0614006445 -0.278294946 0.08449407608 -0.1674247814 -0.4204873479 -0.223603708 1.989023714 -1.404204425 1.964730406 2.686669816 -0.4882788852 0.4818110768 0.7677462241 0.714268731 -0.4233870791 -0.4932939694 0
-0.2067217594 -0.2872965804 -0.2036404857 0.1142850335 -0.6835984744 -0.0614006445 -0.278294946 -1.351317091 0.1800116841 0.2641557947 0.09980498935 0.5593004023 -1.012198086 -0.4003296658 0.9666374967 -0.4882788852 -0.1193446858 0.001569177458 -0.1823055771 -0.5569884133 1.140017528 0
-0.2067217594 0.09826326825 -0.2036404857 0.2419250686 -0.6835984744 -0.0614006445 -0.278294946 -1.291491626 0.1800116841 0.07743493764 0.2359770724 1.088827555 -1.012198086 0.6996982746 1.654650424 -0.4882788852 -0.1193446858 0.06541726467 -0.1133383226 -0.5235880797 -0.4932939694 0
-0.2067217594 -0.5726452404 -0.2036404857 0.2857747133 -0.6835984744 -0.0614006445 -0.278294946 -1.351317091 -0.05161262623 0.2641557947 -0.1725391768 -1.108710128 1.054744428 -0.6753366509 -0.7533948225 -0.4882788852 -0.1794602621 -0.06227890976 -0.1823055771 -0.657189414 -0.4932939694 0
-0.2067217594 -0.5898763786 -0.2036404857 -0.2661340143 -0.6835984744 -0.0614006445 -0.278294946 -1.231666161 -0.2832369366 0.3263960804 -0.1044531353 -1.029281055 1.054744428 -0.5103324599 -1.097401286 -0.4882788852 -0.1193446858 0.001569177458 -0.1133383226 -0.657189414 -0.4932939694 0
-0.2067217594 -0.5248855584 -0.2036404857 0.003532976742 -0.6835984744 -0.0614006445 -0.278294946 -1.411142557 -0.05161262623 0.2641557947 -0.1555176664 -1.082233771 1.019107488 -0.6753366509 -1.097401286 -0.4882788852 -0.1794602621 -0.126126997 -0.2512728315 -0.6237890804 -0.4932939694 0
-0.2067217594 -0.5027180743 -0.2036404857 0.09551272843 -0.6835984744 -0.0614006445 -0.278294946 -1.291491626 -0.1674247814 0.201915509 -0.4278618326 -1.108710128 1.054744428 -0.6753366509 -0.7533948225 -0.4882788852 -0.1794602621 0.001569177458 -0.1823055771 -0.657189414 -0.4932939694 0
0.9572656477 -0.7090911433 -0.2036404857 -1.344178428 0.1296619032 -0.0614006445 -0.278294946 0.5630977986 -0.6306734022 0.01519465194 0.2189555621 1.327114774 -1.083471966 1.084708054 2.686669816 2.414443968 0.8425045344 0.3846577008 0.714268731 0.9460265967 1.140017528 0
0.9572656477 -0.6203843644 -0.2036404857 -1.221487802 0.4717323191 -0.0614006445 -0.278294946 0.6827487292 -0.6306734022 0.3263960804 0.0487404582 1.644831065 -1.083471966 1.744724818 1.310643961 2.414443968 0.8425045344 0.2569615263 0.714268731 1.580632934 -0.4932939694 0
0.9572656477 -0.9199884374 -0.2036404857 -1.635871141 0.4333536179 -0.0614006445 -0.278294946 0.1443195414 -0.7464855574 -0.4204873479 0.2529985828 -0.5262302604 0.4489164493 -0.4003296658 0.6226310329 0.9630825414 1.082966839 0.7038981368 0.714268731 -0.1895847442 1.140017528 0
0.8514486107 2.032573529 -0.1684735997 -1.05248575 -0.6835984744 -0.0614006445 -0.278294946 0.7425741945 -0.1674247814 -0.4204873479 -0.8193565715 1.69778378 -1.439841365 1.304713642 0.278624569 -0.4882788852 2.405509517 1.917011794 2.09361382 0.4784219269 1.140017528 0
0.8514486107 1.619958653 -0.2036404857 -1.245536837 -0.6835984744 -0.0614006445 -0.278294946 0.7425741945 -0.1674247814 -0.4204873479 0.2870416036 1.69778378 -1.439841365 1.304713642 -0.06538189482 -0.4882788852 2.405509517 1.980859881 2.231548329 0.3448205927 1.140017528 0
0.8514486107 2.52505029 -0.1461948508 -1.635871141 -0.6835984744 -0.0614006445 -0.278294946 0.6229232639 -0.05161262623 -0.4204873479 -1.398087925 1.69778378 -1.439841365 1.304713642 -0.4093883587 -0.4882788852 0.8425045344 1.980859881 2.09361382 0.6454235947 1.140017528 0
0.8514486107 1.709465727 -0.2036404857 -1.635871141 -0.6835984744 -0.0614006445 -0.278294946 0.8622251252 -0.3990490918 -0.4204873479 -1.398087925 -0.3144193994 1.054744428 0.9747052597 -1.097401286 -0.4882788852 2.405509517 1.917011794 2.231548329 0.3114202591 1.140017528 0
0.8514486107 2.466607658 -0.2036404857 -1.635871141 -0.6835984744 -0.0614006445 -0.278294946 0.6827487292 -0.05161262623 -0.4204873479 -1.398087925 1.69778378 -1.439841365 1.304713642 -0.4093883587 -0.4882788852 2.405509517 1.917011794 2.09361382 0.4784219269 1.140017528 0
0.8514486107 1.630531581 -0.2036404857 -1.635871141 -0.6835984744 -0.0614006445 -0.278294946 0.8023996598 -0.2832369366 -0.4204873479 -0.6831844884 1.380067489 -1.012198086 1.304713642 -0.06538189482 -0.4882788852 2.405509517 1.980859881 2.231548329 0.2112192585 1.140017528 0
1.063082685 -0.7090911433 -0.1860570416 -0.1774076448 -0.6835984744 -0.0614006445 -0.278294946 0.3237959373 -0.2832369366 -0.4204873479 2.653031547 0.797587621 -1.154745846 -0.1253226807 1.310643961 -0.4882788852 0.7222733818 0.7038981368 0.714268731 -0.4233870791 1.140017528 0
1.063082685 -0.5773517817 -0.175073346 -0.6880674959 -0.6835984744 -0.0614006445 -0.278294946 0.5630977986 -0.9781098678 -0.4204873479 0.4742782179 -0.5791829757 1.054744428 0.4246912895 -0.4093883587 -0.4882788852 0.7222733818 0.7677462241 0.714268731 -0.6237890804 -0.4932939694 0
0.8514486107 -0.1129697811 -0.1363557563 -0.1476177747 -0.6835984744 -0.0614006445 -0.278294946 -0.6334115077 1.685569702 -0.4204873479 5.546688313 1.062351197 -0.8696503268 0.8647024657 1.654650424 2.414443968 0.6621578056 0.7677462241 0.7832359854 0.04421759068 1.140017528 0
0.1107293517 -0.07639931152 2.732794514 0.6976704601 -0.1414249002 -0.0614006445 -0.278294946 -1.052189765 0.06419952896 -0.4204873479 1.121095613 -0.1026085384 -0.08563764912 -0.3453282688 -1.097401286 -0.4882788852 0.2413487718 0.1292653519 0.09356344079 -0.356586412 1.140017528 0
0.1107293517 0.3075156448 3.787715743 0.910776033 0.1053167319 -0.0614006445 -0.278294946 -1.11201523 0.1800116841 -0.4204873479 0.7976869152 0.3474895413 -0.6914656274 -0.3453282688 -0.7533948225 -0.4882788852 0.301464348 0.1292653519 0.1625306953 -0.2563854113 1.140017528 0
0.1107293517 -0.9199884374 0.08437246942 0.2752739233 -0.6835984744 -0.0614006445 -0.278294946 -0.9325388343 -0.1674247814 -0.4204873479 1.257267696 -1.055757413 0.8052858483 -0.950343636 -1.097401286 -0.4882788852 -0.1193446858 0.06541726467 -0.04437106814 -0.5903887469 -0.4932939694 0
0.1107293517 0.2242009012 3.103425913 1.001681979 0.296893428 -0.0614006445 -0.278294946 -1.11201523 0.1800116841 -0.4204873479 1.01896655 -0.1026085384 -0.08563764912 -0.3453282688 -0.7533948225 -0.4882788852 0.2413487718 0.1292653519 0.1625306953 -0.2897857449 1.140017528 0
0.1107293517 0.7573969272 4.76107238 0.6841258519 -0.1445718378 -0.0614006445 -0.278294946 -0.9923642996 0.1800116841 -0.4204873479 0.2529985828 0.3474895413 -0.6914656274 -0.3453282688 -0.7533948225 -0.4882788852 0.301464348 0.2569615263 0.3004652042 -0.3231860784 1.140017528 0
0.1107293517 0.8179211252 9.395801606 -0.43401704 0.4333536179 -0.0614006445 -0.278294946 -1.171840696 0.2958238393 -0.4204873479 0.8657729567 0.8505403362 -0.7983764471 0.5346940836 0.9666374967 0.9630825414 0.4216955005 -0.06227890976 0.09356344079 0.6788239282 -0.4932939694 0
0.1107293517 1.037177532 9.130119284 -0.01169370378 0.8258429672 -0.0614006445 -0.278294946 -1.231666161 0.7590724601 -0.4204873479 0.8827944671 1.353591131 -1.332930546 0.7546996716 0.6226310329 -0.4882788852 0.4216955005 -0.3176712586 0.09356344079 1.614033268 1.140017528 0
0.1107293517 0.1344979826 9.713421429 0.1142850335 0.4007486741 -0.0614006445 1.104415979 -0.9325388343 0.2958238393 -0.4204873479 0.2189555621 1.168256628 -1.119108906 0.6996982746 0.9666374967 0.9630825414 -0.1794602621 -0.2538231714 -0.2512728315 0.2112192585 -0.4932939694 0
0.1107293517 0.6171899483 9.857028455 -0.04131395027 0.3043439658 -0.0614006445 -0.278294946 -0.5735860424 -0.1674247814 -0.4204873479 -0.4789263638 0.3739658989 -0.7983764471 -0.4553310628 0.9666374967 -0.4882788852 -0.1794602621 0.001569177458 -0.04437106814 -0.08938374354 1.140017528 0
0.1107293517 -0.2243465139 9.192158203 0.2884179748 0.6576658887 -0.0614006445 2.002131865 -1.231666161 0.5274481497 -0.4204873479 -0.4278618326 0.6652058328 -1.119108906 -0.3453282688 0.278624569 -0.4882788852 -0.1794602621 -0.5730636075 -0.4581745949 0.4784219269 1.140017528 0
0.1107293517 0.8607569277 9.929344872 0.2113447521 -0.1113571644 -0.0614006445 -0.278294946 -0.7530624383 0.1800116841 -0.4204873479 0.03171894781 0.4269186142 -0.7983764471 -0.3453282688 -0.06538189482 -0.4882788852 -0.1794602621 0.001569177458 -0.1133383226 -0.08938374354 1.140017528 0
-0.2067217594 -0.7090911433 -0.2036404857 0.9893631384 -0.6835984744 -0.0614006445 -0.278294946 0.5630977986 -0.9781098678 -0.04704563375 0.08278347897 -1.161662843 0.912196668 -1.005345033 -0.7533948225 -0.4882788852 -0.1794602621 0.001569177458 -0.1823055771 -0.657189414 -0.4932939694 0
-0.2067217594 -0.9199884374 -0.2036404857 0.7628911845 -0.6835984744 -0.0614006445 -0.278294946 0.6229232639 -1.093922023 0.2641557947 -0.1044531353 -1.42642642 1.197292187 -1.115347827 -1.097401286 -0.4882788852 -0.1794602621 -0.06227890976 -0.1823055771 -0.6905897475 -0.4932939694 0
-0.6299899074 -0.9199884374 -0.2036404857 0.1142850335 -0.6835984744 -0.0614006445 -0.278294946 0.6827487292 -1.093922023 1.384480937 -0.1214746457 -1.267568274 0.912196668 -1.225350621 -0.7533948225 -0.4882788852 -0.4199225671 -0.3176712586 -0.4581745949 -0.657189414 -0.4932939694 0
-0.6299899074 -0.9199884374 -0.2036404857 -0.7019871648 -0.6835984744 -0.0614006445 -0.278294946 0.6827487292 -1.093922023 2.06912408 -0.2576467288 -1.241091916 0.912196668 -1.170349224 -0.7533948225 -0.4882788852 -0.4199225671 -0.3815193458 -0.5271418494 -0.657189414 -0.4932939694 0
-0.6299899074 -0.07639931152 -0.09813982788 -0.1774076448 -0.1414249002 -0.0614006445 -0.278294946 -0.2146332505 0.7590724601 -0.4204873479 2.993461755 1.221209343 -1.439841365 0.3146884955 1.310643961 0.9630825414 -0.4199225671 -0.2538231714 -0.320240086 -0.05598340998 1.140017528 0
-0.6299899074 0.3879383364 -0.1309420425 0.1731265086 -0.6835984744 -0.0614006445 -0.278294946 -0.2146332505 0.2958238393 -0.4204873479 2.244515298 0.6916821905 -1.439841365 -0.785339445 -0.06538189482 -0.4882788852 -0.1794602621 -0.1899750842 -0.320240086 -0.356586412 1.140017528 0
-1.264892129 1.060683966 -0.2036404857 0.1904450163 -0.6835984744 -0.0614006445 -0.278294946 -0.09498231986 -0.05161262623 -0.1092859194 1.733869986 0.8505403362 -1.439841365 -0.4553310628 1.310643961 -0.4882788852 -0.4199225671 -0.2538231714 -0.4581745949 -0.3231860784 1.140017528 0
0.004912314662 0.5562925456 -0.08055638386 0.4059777468 -0.6835984744 -0.0614006445 -0.278294946 0.6229232639 -0.9781098678 0.5753572232 0.01469743742 -0.8439465519 0.8765597281 -0.4003296658 -0.7533948225 -0.4882788852 -0.1794602621 0.3208096135 0.1625306953 -0.4567874126 -0.4932939694 0
0.004912314662 1.019166808 -0.1066348952 0.5097702314 -0.6835984744 -0.0614006445 -0.278294946 0.443446868 -0.9781098678 -0.4204873479 -0.002324072964 -0.8439465519 0.8765597281 -0.4003296658 -0.7533948225 -0.4882788852 0.3615799243 0.5123538752 0.3694324586 -0.5903887469 -0.4932939694 0
0.004912314662 -0.1310154509 -0.104970213 0.5465909156 -0.6835984744 -0.0614006445 -0.278294946 0.8023996598 -1.093922023 1.011039223 -0.07041011451 -1.002804698 1.054744428 -0.4553310628 -0.7533948225 -0.4882788852 -0.1794602621 0.1292653519 -0.1823055771 -0.5903887469 -0.4932939694 0
0.004912314662 -0.3106731425 -0.05123652133 0.04962063976 -0.6835984744 -0.0614006445 -0.278294946 0.3836214026 -0.8622977126 -0.4204873479 0.6955578529 -0.8704229096 0.8765597281 -0.4553310628 -0.7533948225 0.9630825414 0.0008864667171 0.2569615263 0.1625306953 -0.6237890804 -0.4932939694 0
1.063082685 -0.9199884374 0.7482471468 -1.635871141 -0.6835984744 -0.0614006445 -0.278294946 0.6229232639 -0.9781098678 -0.1092859194 0.6785363425 -0.7909938367 0.912196668 -0.2353254748 -0.06538189482 -0.4882788852 0.5419266531 0.7677462241 0.714268731 -0.6237890804 1.140017528 0
-0.4183558334 0.5562925456 0.1304449338 -0.7607930364 -0.6835984744 -0.0614006445 -0.278294946 0.443446868 -0.9781098678 -0.4204873479 -0.2576467288 -1.002804698 1.090381367 -0.4003296658 -0.06538189482 -0.4882788852 0.2413487718 0.3208096135 0.1625306953 -0.5235880797 -0.4932939694 0
-0.4183558334 0.1854360112 0.02676987714 -0.4891841165 -0.6835984744 -0.0614006445 -0.278294946 0.5630977986 -0.9781098678 -0.4204873479 -0.2916897495 -1.002804698 1.090381367 -0.4003296658 -0.4093883587 -0.4882788852 0.2413487718 0.3208096135 0.1625306953 -0.5235880797 -0.4932939694 0
-0.3125387964 0.718451137 0.1606368064 -0.1251171761 -0.6835984744 -0.0614006445 -0.278294946 0.443446868 -0.9781098678 -0.4204873479 -0.75127053 -1.002804698 1.090381367 -0.4003296658 -1.44140775 -0.4882788852 -0.1794602621 0.3208096135 0.09356344079 -0.3231860784 -0.4932939694 0
-1.264892129 -0.07897121001 0.1469562164 -0.08491972158 -0.6835984744 -0.0614006445 -0.278294946 0.3237959373 -0.8622977126 -0.04704563375 -0.1725391768 0.5328240447 -1.083471966 -0.5653338569 -0.7533948225 -0.4882788852 -0.7806160247 -0.4453674331 -0.8030108672 -0.4567874126 1.140017528 0
-1.264892129 0.2506867523 0.2193118721 -0.01670659063 -0.6835984744 -0.0614006445 -0.278294946 0.3237959373 -0.8622977126 0.01519465194 -0.3597757911 0.5328240447 -1.083471966 -0.5653338569 -0.7533948225 -0.4882788852 -0.7806160247 -0.4453674331 -0.8030108672 -0.356586412 1.140017528 0
-1.264892129 -0.9199884374 -0.1111731689 -0.101925772 -0.6835984744 -0.0614006445 -0.278294946 0.5032723333 -0.9781098678 -0.2337664908 -0.01934558335 -1.452902777 0.912196668 -1.6103604 -1.097401286 -0.4882788852 -0.6603848721 -0.6369116947 -0.8030108672 -0.657189414 -0.4932939694 0
-1.264892129 1.152682401 0.4299880147 0.2752739233 -0.6835984744 -0.0614006445 -0.278294946 0.02466861077 -0.7464855574 -0.4204873479 0.08278347897 -0.7909938367 0.912196668 -0.2353254748 -0.7533948225 -0.4882788852 1.022851263 0.5762019624 0.714268731 0.2112192585 1.140017528 0
-1.264892129 -0.5362769876 0.05229333352 -0.04373362331 -0.6835984744 -0.0614006445 -0.278294946 0.3836214026 -0.9781098678 -0.2337664908 -0.1214746457 -0.9498519824 0.912196668 -0.5653338569 -0.4093883587 -0.4882788852 -0.7806160247 -0.5092155203 -0.8030108672 -0.5235880797 -2.126605467 0
-0.8416239814 1.015209331 0.6927263634 1.040707002 -0.6835984744 -0.0614006445 -0.278294946 -0.2146332505 -0.1674247814 -0.4204873479 0.1849125413 -0.02317946547 0.8765597281 1.304713642 1.654650424 0.9630825414 0.8425045344 0.7677462241 0.9901377488 -0.2897857449 -0.4932939694 0
-0.3125387964 1.480636654 0.5302456894 -0.5291004154 -0.6835984744 -0.0614006445 -0.278294946 -0.03515685455 -0.514861247 -0.4204873479 -0.5129693846 1.03587484 -0.5489178678 1.304713642 0.6226310329 -0.4882788852 0.8425045344 0.5123538752 0.6453014765 -0.08938374354 -0.4932939694 0
-0.3125387964 1.589154435 0.6331530525 -0.09346962937 -0.6835984744 -0.0614006445 -0.278294946 -0.2744587158 -0.05161262623 -0.4204873479 -0.1214746457 -0.02317946547 0.8765597281 1.304713642 1.998656888 0.9630825414 0.8425045344 0.7677462241 0.9211704943 -0.2897857449 -0.4932939694 0
-0.3125387964 1.145426845 0.8049761773 0.8127137861 -0.6835984744 -0.0614006445 -0.278294946 -0.2744587158 -0.05161262623 -0.4204873479 0.0487404582 -0.02317946547 0.8765597281 1.304713642 1.654650424 0.9630825414 0.8425045344 0.8954423985 0.9901377488 -0.3899867455 -0.4932939694 0
-0.9474410184 1.188984403 -0.2036404857 -0.1774076448 -0.6835984744 -0.0614006445 -0.278294946 -0.3342841811 0.7590724601 -0.4204873479 2.227493788 0.3739658989 -1.154745846 -1.005345033 0.9666374967 -0.4882788852 -0.5401537196 -0.3815193458 -0.5271418494 -0.2229850778 1.140017528 0
-0.9474410184 1.196043709 -0.2036404857 -0.6603075491 -0.6835984744 -0.0614006445 -0.278294946 -0.3342841811 0.06419952896 -0.4204873479 1.325353737 0.5593004023 -1.404204425 -1.005345033 0.6226310329 0.9630825414 -0.4199225671 -0.3176712586 -0.4581745949 -0.3899867455 1.140017528 0
-1.264892129 0.3453952514 -0.2036404857 -1.05248575 -0.6835984744 -0.0614006445 -0.278294946 -0.2146332505 0.8748846153 -0.1715262051 2.891332693 0.8770166939 -1.154745846 0.03968151036 -0.06538189482 0.9630825414 -0.9008471772 -0.5730636075 -0.7340436128 -0.1561844106 -0.4932939694 0
-1.264892129 1.414157794 -0.2036404857 -1.635871141 -0.6835984744 -0.0614006445 -0.278294946 -0.3342841811 0.5274481497 -0.4204873479 1.614719414 0.8240639786 -1.083471966 0.03968151036 0.278624569 -0.4882788852 -0.4199225671 -0.3815193458 -0.5271418494 -0.2897857449 -0.4932939694 0
0.7456315737 0.09012811893 -0.09134994864 -0.7044742326 -0.6835984744 -0.0614006445 -0.278294946 0.5630977986 -0.8622977126 -0.1092859194 -0.1555176664 0.7181585481 -0.9052872667 0.09468290738 -0.7533948225 -0.4882788852 0.6621578056 0.7677462241 0.714268731 -0.5235880797 1.140017528 0
1.063082685 -0.6756736073 -0.2036404857 0.05369188786 2.770859165 -0.0614006445 -0.278294946 -0.9923642996 1.917194012 -0.4204873479 -0.6831844884 1.618354707 -1.332930546 1.304713642 1.310643961 2.414443968 0.4216955005 -0.1899750842 0.1625306953 1.213229265 -0.4932939694 0
1.063082685 -0.9199884374 -0.2036404857 -0.6829023674 3.744644856 -0.0614006445 -0.278294946 -1.829920814 3.538564185 -0.4204873479 -1.398087925 1.353591131 -1.332930546 0.7546996716 3.374682744 3.865805395 -2.343621007 -1.147696392 -1.492683412 2.148438605 -0.4932939694 0
1.063082685 -0.5924420061 -0.2036404857 0.1762508719 3.105647053 -0.0614006445 -0.278294946 -1.291491626 2.496254788 -0.4204873479 -1.074679227 1.856641926 -1.439841365 1.634722024 2.686669816 0.9630825414 0.4216955005 -0.3815193458 -0.1133383226 1.714234268 -0.4932939694 0
1.063082685 -0.6249291222 -0.2036404857 -0.003481189732 2.350549099 -0.0614006445 -0.278294946 -0.9325388343 1.453945391 -0.4204873479 -0.9214856338 1.856641926 -1.439841365 1.634722024 1.310643961 -0.4882788852 0.4216955005 -0.06227890976 0.1625306953 0.7122242618 -0.4932939694 0
1.063082685 -0.5796575642 -0.2036404857 0.7176924195 2.816084558 -0.0614006445 -0.278294946 -1.171840696 1.917194012 -0.4204873479 -0.972550165 1.856641926 -1.439841365 1.634722024 0.9666374967 -0.4882788852 0.4216955005 -0.2538231714 0.02459618633 1.179828932 -0.4932939694 0
-0.2067217594 -0.7090911433 -0.1684735997 -1.635871141 -0.6835984744 -0.0614006445 -0.278294946 0.6827487292 -1.093922023 1.695682366 -0.1725391768 -0.4997539028 1.232929127 0.8647024657 -0.06538189482 -0.4882788852 -0.4199225671 -0.06227890976 -0.320240086 -0.5903887469 -2.126605467 0
-0.2067217594 -0.9199884374 -0.1839002717 -1.635871141 -0.6835984744 -0.0614006445 -0.278294946 0.6827487292 -1.093922023 1.63344208 -0.1214746457 -1.452902777 1.232929127 -1.115347827 -0.7533948225 -0.4882788852 -0.4199225671 -0.126126997 -0.320240086 -0.6237890804 -2.126605467 0
-0.2067217594 -0.9199884374 -0.1745611097 -1.635871141 -0.6835984744 -0.0614006445 -0.278294946 0.8622251252 -1.209734178 1.695682366 -0.2406252184 -1.399950062 1.232929127 -1.005345033 -1.097401286 -0.4882788852 -0.4199225671 -0.06227890976 -0.2512728315 -0.5903887469 -2.126605467 0
-0.2067217594 -0.9199884374 -0.1717455564 -1.635871141 -0.6835984744 -0.0614006445 -0.278294946 0.8622251252 -1.209734178 1.882403223 -0.2746682391 -1.399950062 1.232929127 -1.005345033 -0.7533948225 -0.4882788852 -0.4199225671 -0.06227890976 -0.320240086 -0.6237890804 -2.126605467 0
-0.3125387964 -0.9199884374 -0.1333067138 -1.635871141 -0.6835984744 -0.0614006445 -0.278294946 0.1443195414 -0.3990490918 -0.04704563375 2.32962285 0.4533949718 -1.368567485 -1.170349224 -0.4093883587 -0.4882788852 -0.2996914146 -0.1899750842 -0.320240086 -0.4567874126 1.140017528 0
-0.3125387964 -0.9199884374 -0.1517130266 -1.635871141 -0.6835984744 -0.0614006445 -0.278294946 0.2041450067 -0.6306734022 0.3886363661 0.5083212386 -0.07613218073 -0.8696503268 -1.500357606 -1.097401286 -0.4882788852 -0.2996914146 -0.1899750842 -0.320240086 -0.6237890804 1.140017528 0
-0.3125387964 -0.2872965804 -0.1508901557 -1.635871141 -0.6835984744 -0.0614006445 -0.278294946 0.9818760558 -0.9781098678 -0.2960067765 0.4402351971 1.274162058 -0.9052872667 1.249712245 0.9666374967 0.9630825414 -0.4199225671 -0.06227890976 -0.2512728315 -0.5235880797 -0.4932939694 0
-0.3125387964 -0.07639931152 -0.09813982788 -1.635871141 -0.6835984744 -0.0614006445 -0.278294946 0.9818760558 -1.209734178 0.01519465194 -0.2576467288 -0.1820376112 0.7340119685 0.7546996716 -0.06538189482 -0.4882788852 0.4216955005 0.3208096135 0.2314979497 -0.4567874126 -0.4932939694 0
-0.3125387964 0.05163824584 -0.08212723821 -1.635871141 -0.6835984744 -0.0614006445 -0.278294946 0.9818760558 -1.209734178 -0.1092859194 -0.4108403222 -1.188139201 1.090381367 -0.785339445 -0.7533948225 -0.4882788852 0.4216955005 0.2569615263 0.1625306953 -0.4567874126 -0.4932939694 0
-0.3125387964 -0.2872965804 -0.1860570416 -1.635871141 -0.6835984744 -0.0614006445 -0.278294946 0.8622251252 -0.6306734022 0.8865586517 1.90408509 1.168256628 -0.8696503268 1.084708054 4.750708599 -0.4882788852 -0.1794602621 0.1292653519 0.02459618633 -0.4567874126 -0.4932939694 0
-1.58234324 -0.7090911433 0.07769460388 -1.635871141 -0.6835984744 -0.0614006445 -0.278294946 0.5032723333 -0.8622977126 0.07743493764 0.6444933217 0.08272596504 -1.226019726 -1.720363194 0.6226310329 -0.4882788852 -0.7806160247 -0.7646078691 -0.9409453761 -0.5903887469 1.140017528 0
-1.58234324 -0.9199884374 0.02694988626 -1.635871141 -0.6835984744 -0.0614006445 -0.278294946 0.3836214026 -0.7464855574 0.1396752233 0.8657729567 0.08272596504 -1.226019726 -1.720363194 0.278624569 -0.4882788852 -0.7806160247 -0.7007597819 -0.8719781217 -0.6237890804 1.140017528 0
-0.9474410184 -0.2872965804 -0.1333067138 -1.635871141 -0.6835984744 -0.0614006445 -0.278294946 0.443446868 -0.7464855574 -0.2960067765 1.223224675 0.4269186142 -1.439841365 -1.335353415 0.9666374967 -0.4882788852 -0.4199225671 -0.3176712586 -0.4581745949 -0.5569884133 1.140017528 0
-0.9474410184 -0.1138274009 -0.1364272598 -1.635871141 -0.6835984744 -0.0614006445 -0.278294946 0.443446868 -0.7464855574 -0.2337664908 1.035988061 0.08272596504 -0.9765611465 -1.335353415 0.9666374967 -0.4882788852 -0.5401537196 -0.3176712586 -0.4581745949 -0.5235880797 1.140017528 0
-0.9474410184 0.2013678489 -0.06340180525 -1.635871141 -0.6835984744 -0.0614006445 -0.278294946 0.6827487292 -0.8622977126 -0.4204873479 -0.1384961561 -0.07613218073 -0.3350962284 -0.6753366509 -0.06538189482 -0.4882788852 -0.5401537196 -0.2538231714 -0.3892073404 -0.5569884133 1.140017528 0
-0.9474410184 -0.2474728905 -0.119534575 -1.635871141 -0.6835984744 -0.0614006445 -0.278294946 0.3237959373 -0.6306734022 -0.1715262051 1.121095613 0.2151077532 -1.154745846 -1.335353415 0.9666374967 -0.4882788852 -0.4199225671 -0.3176712586 -0.4581745949 -0.5235880797 1.140017528 0
-0.9474410184 -0.2474728905 -0.119534575 -1.635871141 -0.6835984744 -0.0614006445 -0.278294946 0.3237959373 -0.6306734022 -0.1715262051 1.121095613 0.2151077532 -1.154745846 -1.335353415 0.9666374967 -0.4882788852 -0.4199225671 -0.3176712586 -0.4581745949 -0.5235880797 1.140017528 0
1.486350833 -0.8497283987 -0.2036404857 0.01613559644 -0.2320382343 -0.0614006445 -0.278294946 0.6229232639 -0.8622977126 1.571201794 -0.002324072964 -0.0496558231 0.09254705036 0.03968151036 -0.06538189482 -0.4882788852 0.8425045344 0.8954423985 0.9211704943 -0.4901877462 1.140017528 0
1.486350833 -0.8218643277 -0.2036404857 0.1284338867 -0.05295613415 -0.0614006445 -0.278294946 0.443446868 -0.7464855574 1.571201794 0.06576196858 -0.0496558231 0.09254705036 0.03968151036 -0.4093883587 -0.4882788852 0.9627356869 0.8954423985 0.9901377488 -0.3899867455 1.140017528 0
1.486350833 -0.8010487149 -0.2036404857 0.3381996569 0.08082545834 -0.0614006445 -0.278294946 0.263970472 -0.6306734022 1.571201794 0.08278347897 0.1621550379 -0.1569115289 0.09468290738 -0.4093883587 -0.4882788852 0.9627356869 0.8954423985 0.9901377488 -0.3231860784 1.140017528 0
1.486350833 -0.9199884374 -0.2036404857 0.06464527575 1.950380941 -0.0614006445 -0.278294946 -1.052189765 0.5274481497 0.5131169375 -0.3087112599 0.1886313956 -0.1569115289 0.1496843044 0.278624569 -0.4882788852 0.9026201106 0.448505788 0.576334222 0.3448205927 1.140017528 0
1.486350833 -0.6472097385 -0.2036404857 0.2505341873 1.069546418 -0.0614006445 -0.278294946 -0.9923642996 0.2958238393 0.1396752233 0.6955578529 0.1621550379 -0.1569115289 0.09468290738 -0.4093883587 -0.4882788852 0.9026201106 0.5762019624 0.6453014765 0.04421759068 1.140017528 0
1.486350833 -0.9199884374 -0.2036404857 -1.249845139 -0.6835984744 -0.0614006445 -0.278294946 0.3237959373 -0.9781098678 1.508961509 0.1508695205 -0.8174701943 1.054744428 -0.07032128369 -0.4093883587 -0.4882788852 1.443660297 1.406227096 1.403941276 -0.5235880797 1.140017528 0
1.486350833 -0.9199884374 -0.2036404857 -1.228249282 -0.6835984744 -0.0614006445 -0.278294946 0.5032723333 -1.093922023 1.571201794 -0.002324072964 -1.241091916 1.624935466 -0.07032128369 -0.7533948225 0.9630825414 1.443660297 1.470075183 1.47290853 -0.6237890804 1.140017528 0
1.486350833 -0.5866854899 -0.2036404857 -0.7138863883 0.03044604904 -0.0614006445 -0.278294946 -0.1548077852 -0.514861247 1.757922651 -0.1214746457 0.3739658989 -0.2281854087 0.4246912895 -0.7533948225 0.9630825414 1.263313568 1.150834747 1.334974021 -0.1227840771 1.140017528 0
1.486350833 -0.2754705759 -0.2036404857 -0.4472915444 0.1448630169 -0.0614006445 -0.278294946 -0.4539351117 -0.1674247814 1.508961509 -0.1725391768 0.1356786803 0.09254705036 0.4246912895 -0.7533948225 2.414443968 1.563891449 1.214682835 1.334974021 0.07761792424 1.140017528 0
1.486350833 -0.148271724 -0.2036404857 -0.2127193778 -0.02229010998 -0.0614006445 -0.278294946 -0.3941096464 -0.2832369366 1.63344208 -0.223603708 0.1092023227 0.1281839903 0.4246912895 -0.7533948225 3.865805395 1.563891449 1.342379009 1.47290853 -0.05598340998 1.140017528 0
1.486350833 0.006260079627 -0.2036404857 -0.3547738933 0.5069988287 -0.0614006445 -0.278294946 -0.8128879036 0.06419952896 0.9487989373 -0.2916897495 0.3739658989 -0.2281854087 0.4246912895 -1.097401286 0.9630825414 1.563891449 1.08698666 1.334974021 0.5118222604 1.140017528 0
1.486350833 -0.07001922816 -0.2036404857 -0.4602760447 0.4089496157 -0.0614006445 -0.278294946 -0.9923642996 0.1800116841 -0.4204873479 -0.3087112599 0.5063476871 -0.3707331683 0.4796926865 -0.06538189482 -0.4882788852 0.7222733818 0.9592904857 0.9901377488 0.244619592 1.140017528 0
1.486350833 -0.9199884374 -0.2036404857 -0.3333029979 0.5269529658 -0.0614006445 -0.278294946 -0.9923642996 -0.05161262623 0.5131169375 -0.2576467288 0.2415841108 -0.3707331683 -0.07032128369 -0.06538189482 -0.4882788852 0.7222733818 0.7677462241 0.9901377488 0.1110182578 1.140017528 0
1.486350833 -0.4473419972 -0.2036404857 -0.3284335742 0.5314784011 -0.0614006445 -0.278294946 -0.9923642996 -0.05161262623 0.5753572232 -0.2576467288 0.2945368261 -0.3707331683 0.03968151036 0.278624569 -0.4882788852 0.7222733818 0.8315943113 0.9901377488 0.1444185913 1.140017528 0
2.121253055 -0.9199884374 -0.2036404857 -0.796160343 -0.6835984744 -0.0614006445 -0.278294946 0.8622251252 -1.093922023 2.691526937 0.1508695205 -1.002804698 1.339839947 -0.01531988666 -0.7533948225 -0.4882788852 1.443660297 1.533923271 1.610843039 -0.6237890804 1.140017528 0
2.121253055 -0.9199884374 -0.2036404857 0.08868283972 -0.3630530479 -0.0614006445 -0.278294946 0.8023996598 -1.093922023 2.567046365 -0.1895606872 -0.552706618 0.6983750286 -0.07032128369 -0.06538189482 3.865805395 1.383544721 1.342379009 1.403941276 -0.5569884133 1.140017528 0
2.121253055 -0.9199884374 -0.2036404857 0.01644165351 -0.1717354032 -0.0614006445 -0.278294946 0.6229232639 -0.9781098678 2.380325508 -0.2576467288 -0.2614666841 0.3063686897 -0.07032128369 -0.06538189482 3.865805395 1.383544721 1.342379009 1.47290853 -0.5235880797 1.140017528 0
2.121253055 -0.9199884374 -0.2036404857 -0.2881272457 -0.3704645167 -0.0614006445 -0.278294946 0.8023996598 -1.093922023 3.251689508 -0.1214746457 -0.5262302604 0.6983750286 -0.01531988666 -0.4093883587 2.414443968 1.383544721 1.406227096 1.47290853 -0.5569884133 1.140017528 0
2.121253055 -0.9199884374 -0.2036404857 -0.07627450976 -0.3212427777 -0.0614006445 -0.278294946 0.7425741945 -0.9781098678 2.691526937 -0.2406252184 -0.552706618 0.6983750286 -0.07032128369 -0.06538189482 3.865805395 1.383544721 1.342379009 1.47290853 -0.5235880797 1.140017528 0
2.121253055 -0.9199884374 -0.2036404857 0.9263233198 -0.0882998391 -0.0614006445 -0.278294946 0.6827487292 -0.9781098678 2.006883794 -0.2406252184 -0.340895757 0.3063686897 -0.2353254748 -0.4093883587 2.414443968 1.263313568 1.278530922 1.334974021 -0.5235880797 1.140017528 0
2.121253055 -0.9199884374 -0.2036404857 -0.03523250419 -0.6835984744 -0.0614006445 -0.278294946 0.7425741945 -1.093922023 2.255844937 0.08278347897 -0.8704229096 1.161655247 -0.01531988666 -0.06538189482 -0.4882788852 1.443660297 1.597771358 1.679810293 -0.657189414 1.140017528 0
-0.4183558334 0.9048166008 -0.2036404857 -0.5542024467 0.9918296804 -0.0614006445 -0.278294946 -1.291491626 1.106508926 -0.4204873479 -0.6150984469 0.7181585481 -0.7271025673 0.3696898925 0.9666374967 0.9630825414 1.143082416 0.448505788 0.5073669676 0.845825596 1.140017528 0
-0.4183558334 0.5972066182 -0.2036404857 -0.9363920509 2.56673213 -0.0614006445 -0.278294946 -1.710269883 2.148818322 -0.4204873479 -0.7682920404 1.062351197 -1.190382786 0.3696898925 0.6226310329 0.9630825414 0.0008864667171 -0.1899750842 -0.04437106814 0.1778189249 1.140017528 0
-0.4183558334 -0.03273987444 -0.2036404857 -1.02229298 1.597335296 -0.0614006445 -0.278294946 -1.470968022 1.338133236 -0.4204873479 0.8487514464 0.4798713295 -0.4063701082 0.3696898925 -0.7533948225 0.9630825414 0.9026201106 0.2569615263 0.3694324586 0.6120232611 1.140017528 0
-0.4183558334 1.16121192 -0.2036404857 -0.676366225 1.099847657 -0.0614006445 -0.278294946 -1.11201523 0.8748846153 -0.4204873479 -0.4278618326 0.5593004023 -0.4063701082 0.5346940836 -0.7533948225 0.9630825414 1.263313568 0.5762019624 0.6453014765 0.7456245953 1.140017528 0
0.6398145367 -0.9199884374 -0.2036404857 0.1650534007 -0.6835984744 -0.0614006445 -0.278294946 0.02466861077 -0.8622977126 3.064968651 -0.2916897495 -0.9233756248 0.8052858483 -0.6753366509 -0.4093883587 -0.4882788852 0.301464348 0.3846577008 0.3004652042 -0.657189414 1.140017528 0
0.6398145367 -0.9199884374 -0.2036404857 -0.3160992747 -0.6835984744 -0.0614006445 -0.278294946 0.08449407608 -0.8622977126 2.878247794 -0.07041011451 -0.9233756248 0.8052858483 -0.6753366509 -0.06538189482 -0.4882788852 0.301464348 0.3208096135 0.3004652042 -0.6237890804 1.140017528 0
0.6398145367 -0.9199884374 -0.2036404857 -0.4777931695 -0.6835984744 -0.0614006445 -0.278294946 -0.1548077852 -0.7464855574 2.318085223 -0.07041011451 -0.9233756248 0.8052858483 -0.6753366509 -0.4093883587 -0.4882788852 0.301464348 0.3846577008 0.3694324586 -0.657189414 1.140017528 0
0.6398145367 -0.9199884374 -0.2036404857 -0.1412576911 -0.6835984744 -0.0614006445 -0.278294946 -0.1548077852 -0.8622977126 2.567046365 -0.1725391768 -0.9233756248 0.8052858483 -0.6753366509 -0.7533948225 -0.4882788852 0.301464348 0.3846577008 0.3694324586 -0.657189414 1.140017528 0
0.6398145367 -0.9199884374 -0.2036404857 -0.4243022897 -0.6835984744 -0.0614006445 -0.278294946 -0.09498231986 -0.9781098678 2.94048808 -0.4789263638 -1.452902777 1.411113827 -0.840340842 -1.097401286 -0.4882788852 0.301464348 0.448505788 0.3694324586 -0.6905897475 -0.4932939694 0
0.6398145367 -0.6816605854 -0.2036404857 -0.6469751628 -0.6835984744 -0.0614006445 -0.278294946 -0.3342841811 -0.7464855574 0.3263960804 0.3891706659 -0.6586120485 0.5201903291 -0.5653338569 0.278624569 -0.4882788852 0.301464348 0.5123538752 0.3694324586 -0.657189414 1.140017528 0
0.6398145367 -0.6460276159 -0.2036404857 -0.1202067979 -0.6835984744 -0.0614006445 -0.278294946 -0.3342841811 -0.7464855574 0.1396752233 0.4572567075 -0.6586120485 0.5201903291 -0.5653338569 0.278624569 -0.4882788852 0.3615799243 0.5123538752 0.4383997131 -0.657189414 1.140017528 0
0.6398145367 -0.7142391632 -0.2036404857 -0.497581328 -0.6835984744 -0.0614006445 -0.278294946 -0.2744587158 -0.7464855574 0.01519465194 0.4402351971 -0.6586120485 0.5201903291 -0.5653338569 0.278624569 -0.4882788852 0.3615799243 0.5123538752 0.4383997131 -0.657189414 1.140017528 0
0.6398145367 -0.4525839314 -0.2036404857 -0.3429338107 -0.6835984744 -0.0614006445 -0.278294946 -0.2146332505 -0.7464855574 0.07743493764 0.3551276452 -0.6056593333 0.5201903291 -0.4553310628 -0.06538189482 -0.4882788852 0.3615799243 0.5762019624 0.4383997131 -0.6237890804 1.140017528 0
0.6398145367 -0.4499775673 -0.2036404857 -0.3357241398 -0.6835984744 -0.0614006445 -0.278294946 -0.2146332505 -0.7464855574 0.07743493764 0.3551276452 -0.6056593333 0.5201903291 -0.4553310628 -0.06538189482 -0.4882788852 0.3615799243 0.5762019624 0.4383997131 -0.6237890804 1.140017528 0
0.6398145367 -0.6210926416 -0.2036404857 -0.3956599849 -0.6835984744 -0.0614006445 -0.278294946 -0.09498231986 -0.8622977126 0.1396752233 0.01469743742 -1.294044632 1.446750766 -0.4553310628 -1.44140775 -0.4882788852 0.3615799243 0.5762019624 0.5073669676 -0.657189414 -0.4932939694 0
0.6398145367 -0.3277967622 -0.2036404857 0.002253174824 -0.6835984744 -0.0614006445 -0.278294946 0.02466861077 -0.8622977126 0.3886363661 -0.2916897495 -1.294044632 1.446750766 -0.4553310628 -1.44140775 -0.4882788852 0.6621578056 0.7677462241 0.6453014765 -0.6237890804 -0.4932939694 0
0.6398145367 -0.9199884374 -0.2036404857 -0.3594494563 -0.6835984744 -0.0614006445 -0.278294946 -0.3342841811 -0.7464855574 0.201915509 0.1508695205 -1.346997347 1.446750766 -0.5653338569 -0.7533948225 -0.4882788852 0.3615799243 0.5123538752 0.4383997131 -0.657189414 -0.4932939694 0
0.6398145367 -0.9199884374 -0.2036404857 -1.148768697 -0.6835984744 -0.0614006445 -0.278294946 -0.2146332505 -0.8622977126 1.882403223 -0.07041011451 -1.294044632 1.375476887 -0.5653338569 -0.7533948225 -0.4882788852 0.2413487718 0.448505788 0.3004652042 -0.657189414 -0.4932939694 0
0.6398145367 -0.9199884374 -0.2036404857 -1.104352089 -0.6835984744 -0.0614006445 -0.278294946 -0.03515685455 -0.8622977126 3.189449222 -0.5470124053 -1.53233185 1.375476887 -1.06034643 -1.097401286 -0.4882788852 0.301464348 0.448505788 0.3694324586 -0.6905897475 1.140017528 0
1.063082685 -0.9199884374 -0.2036404857 -0.2044678328 -0.6835984744 -0.0614006445 -0.278294946 0.02466861077 -0.8622977126 0.8865586517 0.1168264997 -1.294044632 1.482387706 -0.4003296658 -1.097401286 -0.4882788852 0.5419266531 0.7038981368 0.6453014765 -0.657189414 -0.4932939694 0
1.063082685 -0.9199884374 -0.2036404857 -0.3060629738 -0.6835984744 -0.0614006445 -0.278294946 -0.09498231986 -0.7464855574 -0.2337664908 0.2359770724 -1.294044632 1.482387706 -0.4003296658 -1.097401286 -0.4882788852 0.5419266531 0.7038981368 0.6453014765 -0.657189414 -0.4932939694 0
1.063082685 -0.9199884374 -0.2036404857 -0.2156090308 -0.6835984744 -0.0614006445 -0.278294946 -0.03515685455 -0.7464855574 -0.3582470622 0.4912997282 -1.108710128 1.268566067 -0.3453282688 -1.097401286 -0.4882788852 0.5419266531 0.8315943113 0.714268731 -0.6237890804 -0.4932939694 0
1.063082685 -0.9199884374 -0.2036404857 0.01384368325 -0.6835984744 -0.0614006445 -0.278294946 -0.2146332505 -0.7464855574 -0.4204873479 0.746622384 -1.108710128 1.268566067 -0.3453282688 -1.44140775 -0.4882788852 0.9026201106 0.8315943113 0.7832359854 -0.5235880797 1.140017528 0
1.063082685 -0.9199884374 -0.2036404857 -0.1348430481 -0.6835984744 -0.0614006445 -0.278294946 -0.2146332505 -0.6306734022 -0.4204873479 0.5934287906 -1.029281055 1.161655247 -0.3453282688 -1.44140775 -0.4882788852 0.9026201106 0.8315943113 0.8522032399 -0.4567874126 1.140017528 0
1.063082685 -0.5481269131 -0.2036404857 -0.09290256167 -0.6835984744 -0.0614006445 -0.278294946 -0.3342841811 -0.6306734022 -0.4204873479 0.6444933217 -1.108710128 1.304203007 -0.2903268718 -1.097401286 -0.4882788852 0.9026201106 0.8954423985 0.8522032399 -0.5569884133 1.140017528 0
1.063082685 -0.1651650335 -0.2036404857 -0.06987319189 -0.6835984744 -0.0614006445 -0.278294946 0.08449407608 -0.8622977126 1.260000366 -0.3938188119 -1.267568274 1.518024646 -0.2903268718 -1.097401286 -0.4882788852 0.8425045344 0.9592904857 0.9211704943 -0.657189414 -0.4932939694 0
1.063082685 -0.1729697124 -0.2036404857 -0.08606518854 -0.6835984744 -0.0614006445 -0.278294946 -0.5137605771 -0.514861247 0.3886363661 0.6444933217 0.5593004023 -0.6914656274 0.09468290738 0.278624569 -0.4882788852 0.5419266531 0.7677462241 0.6453014765 -0.6237890804 1.140017528 0
1.063082685 -0.6448351765 -0.2036404857 0.2669555431 -0.6835984744 -0.0614006445 -0.278294946 -0.03515685455 -0.8622977126 2.06912408 -0.1895606872 -1.214615559 1.411113827 -0.3453282688 -0.4093883587 -0.4882788852 0.6621578056 0.8315943113 0.7832359854 -0.6905897475 -0.4932939694 0
1.063082685 -0.5297633658 -0.2036404857 -0.5564280842 -0.6835984744 -0.0614006445 -0.278294946 0.02466861077 -0.8622977126 0.5753572232 0.03171894781 -1.320520989 1.589298526 -0.2903268718 -1.44140775 -0.4882788852 0.8425045344 1.023138573 0.9211704943 -0.657189414 -0.4932939694 0
1.063082685 -0.4855110341 -0.2036404857 -0.43401704 -0.6835984744 -0.0614006445 -0.278294946 -0.3941096464 -0.6306734022 -0.4204873479 0.5423642594 -1.108710128 1.304203007 -0.2903268718 -1.097401286 -0.4882788852 0.9026201106 0.8315943113 0.8522032399 -0.5235880797 -0.4932939694 0
1.063082685 -0.9199884374 -0.2036404857 -0.1444445178 -0.6835984744 -0.0614006445 -0.278294946 0.263970472 -0.9781098678 1.446721223 -0.1895606872 -1.505855493 1.767483225 -0.4003296658 -1.097401286 -0.4882788852 0.8425045344 0.9592904857 0.9211704943 -0.6905897475 -0.4932939694 0
1.063082685 -0.6242389249 -0.2036404857 0.4093893511 -0.6835984744 -0.0614006445 -0.278294946 -0.09498231986 -0.8622977126 1.882403223 -0.1725391768 -1.214615559 1.411113827 -0.3453282688 -0.4093883587 -0.4882788852 0.6621578056 0.8315943113 0.7832359854 -0.6905897475 -0.4932939694 0
1.063082685 -0.5074829771 -0.2036404857 0.6462792417 -0.6835984744 -0.0614006445 -0.278294946 -0.03515685455 -0.8622977126 2.193604651 -0.1555176664 -0.9233756248 1.019107488 -0.3453282688 -0.06538189482 -0.4882788852 0.6621578056 0.8315943113 0.7832359854 -0.657189414 1.140017528 0
0.4281804627 0.897555811 -0.2036404857 0.2495172496 -0.6835984744 -0.0614006445 -0.278294946 -0.1548077852 -0.8622977126 0.824318366 -0.7172275092 -0.9498519824 1.054744428 -0.3453282688 -0.7533948225 -0.4882788852 0.301464348 0.6400500496 0.5073669676 -0.5903887469 -0.4932939694 0
0.4281804627 1.052957018 -0.2036404857 0.6381181043 -0.6835984744 -0.0614006445 -0.278294946 -0.1548077852 -0.8622977126 0.824318366 -0.666162978 -0.9498519824 1.054744428 -0.3453282688 -0.7533948225 0.9630825414 0.301464348 0.6400500496 0.5073669676 -0.5903887469 -0.4932939694 0
0.4281804627 0.4505581348 -0.2036404857 -0.2141656557 -0.6835984744 -0.0614006445 -0.278294946 -0.1548077852 -0.8622977126 0.6998377946 -0.6321199573 -0.9498519824 1.054744428 -0.3453282688 -0.7533948225 -0.4882788852 0.301464348 0.5762019624 0.4383997131 -0.6237890804 -0.4932939694 0
0.4281804627 0.1149331455 -0.2036404857 0.272666615 -0.6835984744 -0.0614006445 -0.278294946 -0.1548077852 -0.8622977126 0.9487989373 -0.6321199573 -0.9763283401 1.054744428 -0.4003296658 -0.4093883587 -0.4882788852 0.301464348 0.5123538752 0.3694324586 -0.657189414 -0.4932939694 0
0.4281804627 -0.08129575513 -0.2036404857 0.1041266036 -0.6835984744 -0.0614006445 -0.278294946 -0.03515685455 -0.8622977126 0.6998377946 -0.7002059988 -1.320520989 1.518024646 -0.4003296658 -1.097401286 -0.4882788852 0.2413487718 0.5123538752 0.3694324586 -0.657189414 -0.4932939694 0
0.4281804627 -0.4855110341 -0.2036404857 0.1669100281 -0.6835984744 -0.0614006445 -0.278294946 -0.03515685455 -0.8622977126 0.4508766518 -0.1895606872 -1.241091916 1.268566067 -0.6203352539 -0.7533948225 -0.4882788852 0.3615799243 0.448505788 0.3694324586 -0.657189414 -0.4932939694 0
0.3223634257 -0.3172093199 -0.2036404857 0.03154029439 -0.6835984744 -0.0614006445 -0.278294946 -0.1548077852 -0.7464855574 0.01519465194 0.0487404582 -1.055757413 1.019107488 -0.6203352539 -0.4093883587 -0.4882788852 0.3615799243 0.448505788 0.3694324586 -0.657189414 -0.4932939694 0
0.3223634257 -0.5425767355 -0.2036404857 0.4521261596 -0.6835984744 -0.0614006445 -0.278294946 -0.2146332505 -0.7464855574 -0.04704563375 0.2189555621 -1.055757413 1.019107488 -0.6203352539 -0.4093883587 -0.4882788852 0.3615799243 0.448505788 0.3694324586 -0.6237890804 -0.4932939694 0
0.4281804627 -0.3128675628 -0.2036404857 0.04355045529 -0.6835984744 -0.0614006445 -0.278294946 -0.2744587158 -0.7464855574 0.01519465194 0.3551276452 -1.029281055 1.019107488 -0.5653338569 -0.7533948225 -0.4882788852 0.1211176192 0.3846577008 0.2314979497 -0.6237890804 -0.4932939694 0
0.4281804627 -0.5339337051 -0.2036404857 0.4999428649 -0.6835984744 -0.0614006445 -0.278294946 -0.3342841811 -0.6306734022 0.07743493764 0.5083212386 -0.7115647638 0.5914642089 -0.5653338569 -1.097401286 -0.4882788852 0.1211176192 0.3846577008 0.1625306953 -0.6237890804 -0.4932939694 0
0.4281804627 -0.5941303913 -0.2036404857 0.1669100281 -0.6835984744 -0.0614006445 -0.278294946 -0.4539351117 -0.6306734022 -0.4204873479 0.6615148321 -1.002804698 0.9834705478 -0.5653338569 -0.7533948225 -0.4882788852 0.1211176192 0.3846577008 0.3004652042 -0.6237890804 -0.4932939694 0
0.4281804627 -0.5673164215 -0.2036404857 -0.1725257704 -0.6835984744 -0.0614006445 -0.278294946 -0.4539351117 -0.6306734022 -0.4204873479 0.5934287906 -0.7115647638 0.5914642089 -0.5653338569 -0.7533948225 -0.4882788852 0.1211176192 0.3846577008 0.2314979497 -0.6237890804 1.140017528 0
0.4281804627 -0.9199884374 -0.2036404857 0.7728033978 -0.6835984744 -0.0614006445 -0.278294946 -0.3342841811 -0.6306734022 -0.4204873479 0.746622384 -0.8704229096 0.6983750286 -0.7303380479 -0.4093883587 -0.4882788852 0.1812331955 0.3846577008 0.2314979497 -0.657189414 1.140017528 0
0.4281804627 -0.6293380404 -0.2036404857 -0.0278732497 -0.6835984744 -0.0614006445 -0.278294946 -0.5137605771 -0.6306734022 -0.2960067765 0.3721491555 -1.188139201 1.197292187 -0.6203352539 -0.7533948225 -0.4882788852 0.1812331955 0.3846577008 0.2314979497 -0.657189414 -0.4932939694 0
0.4281804627 -0.5924420061 -0.2036404857 0.1762508719 -0.6835984744 -0.0614006445 -0.278294946 -0.4539351117 -0.6306734022 0.3263960804 0.09980498935 -1.082233771 1.197292187 -0.4003296658 -0.4093883587 -0.4882788852 0.1812331955 0.3846577008 0.2314979497 -0.657189414 -0.4932939694 0
0.4281804627 -0.6093424464 -0.2036404857 -0.3469047535 -0.6835984744 -0.0614006445 -0.278294946 -0.3342841811 -0.7464855574 1.322240652 -0.2746682391 -1.082233771 1.197292187 -0.4003296658 -0.06538189482 -0.4882788852 0.301464348 0.3846577008 0.3004652042 -0.657189414 -0.4932939694 0
0.4281804627 -0.9199884374 -0.2036404857 -1.086829474 -0.6835984744 -0.0614006445 -0.278294946 -0.03515685455 -0.8622977126 2.50480608 -0.4959478742 -1.638237281 1.589298526 -0.950343636 -1.097401286 -0.4882788852 0.301464348 0.448505788 0.3694324586 -0.6905897475 -0.4932939694 0
0.4281804627 -0.5391663844 -0.2036404857 0.4709935938 -0.6835984744 -0.0614006445 -0.278294946 0.02466861077 -0.9781098678 2.567046365 -0.666162978 -1.452902777 1.589298526 -0.5653338569 -0.7533948225 -0.4882788852 0.301464348 0.5123538752 0.3694324586 -0.6905897475 -2.126605467 0
0.4281804627 -0.9199884374 -0.2036404857 0.2836653292 -0.6835984744 -0.0614006445 -0.278294946 0.3836214026 -1.093922023 1.135519794 -0.3427542807 -1.558808208 1.589298526 -0.785339445 -1.097401286 -0.4882788852 0.4818110768 0.6400500496 0.5073669676 -0.6905897475 -0.4932939694 0
0.4281804627 -0.9199884374 -0.2036404857 -0.3747910613 -0.6835984744 -0.0614006445 -0.278294946 0.443446868 -1.093922023 1.322240652 -0.3597757911 -1.585284566 1.624935466 -0.785339445 -1.097401286 -0.4882788852 0.4818110768 0.6400500496 0.576334222 -0.6905897475 -0.4932939694 0
0.4281804627 -0.6358695146 -0.2036404857 -0.4569738039 -0.6835984744 -0.0614006445 -0.278294946 0.08449407608 -0.9781098678 2.255844937 -0.5980769365 -1.479379135 1.624935466 -0.5653338569 -1.097401286 -0.4882788852 0.301464348 0.5123538752 0.3694324586 -0.6905897475 -2.126605467 0
0.4281804627 -0.6616984961 -0.2036404857 0.1503369552 -0.6835984744 -0.0614006445 -0.278294946 0.1443195414 -0.9781098678 1.944643508 -0.4959478742 -1.479379135 1.624935466 -0.5653338569 -1.097401286 -0.4882788852 0.301464348 0.5123538752 0.3694324586 -0.6905897475 -2.126605467 0
0.4281804627 -0.9199884374 -0.2036404857 -0.2480157922 -0.6835984744 -0.0614006445 -0.278294946 0.3836214026 -0.9781098678 1.322240652 -0.3427542807 -1.638237281 1.624935466 -0.895342239 -1.097401286 -0.4882788852 0.4818110768 0.5762019624 0.5073669676 -0.6905897475 -0.4932939694 0
0.4281804627 -0.4692471836 -0.2036404857 -0.0773170134 -0.6835984744 -0.0614006445 -0.278294946 -0.09498231986 -0.8622977126 2.006883794 -0.5129693846 -1.346997347 1.446750766 -0.5653338569 -0.4093883587 -0.4882788852 0.301464348 0.448505788 0.3694324586 -0.6905897475 -0.4932939694 0
1.274716759 -0.9199884374 -0.2036404857 0.4459118824 -0.6835984744 -0.0614006445 -0.278294946 -0.3941096464 -0.7464855574 -0.04704563375 0.08278347897 -1.241091916 1.553661586 -0.1803240777 -1.097401286 -0.4882788852 0.7222733818 0.8954423985 0.8522032399 -0.657189414 -0.4932939694 0
1.274716759 -0.9199884374 -0.2036404857 0.7272339088 -0.6835984744 -0.0614006445 -0.278294946 -0.5137605771 -0.7464855574 -0.2960067765 0.3721491555 -1.241091916 1.553661586 -0.1803240777 -1.44140775 -0.4882788852 0.6621578056 0.8954423985 0.7832359854 -0.657189414 -0.4932939694 0
1.274716759 -0.9199884374 -0.2036404857 0.5988863507 -0.6835984744 -0.0614006445 -0.278294946 -0.4539351117 -0.6306734022 -0.2337664908 0.5593857698 -1.241091916 1.553661586 -0.1803240777 -1.44140775 -0.4882788852 0.7222733818 0.9592904857 0.8522032399 -0.657189414 -0.4932939694 0
1.274716759 -0.7104889857 -0.2036404857 0.3924443652 -0.6835984744 -0.0614006445 -0.278294946 -0.5735860424 -0.6306734022 -0.2960067765 0.4402351971 -1.002804698 1.232929127 -0.1803240777 -1.44140775 -0.4882788852 0.8425045344 0.9592904857 0.9211704943 -0.6237890804 1.140017528 0
1.274716759 -0.9199884374 -0.2036404857 0.388084547 -0.6835984744 -0.0614006445 -0.278294946 -0.7530624383 -0.514861247 -0.4204873479 0.8487514464 -0.9498519824 1.126018307 -0.2353254748 -1.097401286 -0.4882788852 0.8425045344 0.8954423985 0.8522032399 -0.6237890804 1.140017528 0
1.274716759 -0.6203843644 -0.2036404857 0.02166225068 -0.6835984744 -0.0614006445 -0.278294946 -0.8727133689 -0.3990490918 -0.4204873479 0.8998159775 -0.8174701943 1.126018307 0.03968151036 -1.44140775 -0.4882788852 0.7222733818 0.8954423985 0.8522032399 -0.5903887469 -0.4932939694 0
1.274716759 0.007959616241 -0.2036404857 0.2893006824 -0.6835984744 -0.0614006445 -0.278294946 -0.7530624383 -0.2832369366 -0.4204873479 0.746622384 -0.4203248299 0.9478336079 0.5896954806 -0.06538189482 -0.4882788852 0.7222733818 1.08698666 0.9211704943 -0.4233870791 -0.4932939694 0
1.274716759 -0.1297826793 -0.2036404857 0.003532976742 -0.6835984744 -0.0614006445 -0.278294946 -0.9325388343 -0.05161262623 -0.4204873479 1.682805455 -0.4203248299 0.9478336079 0.5896954806 -0.4093883587 -0.4882788852 0.8425045344 1.023138573 0.9211704943 -0.3899867455 -0.4932939694 0
1.274716759 -0.3426691679 -0.2036404857 0.7596052066 0.05848613111 -0.0614006445 -0.278294946 -1.11201523 0.1800116841 -0.4204873479 2.142386236 0.05624960741 0.3063686897 0.5896954806 -0.4093883587 0.9630825414 0.8425045344 0.9592904857 0.9211704943 -0.2897857449 -0.4932939694 0
1.274716759 -0.9199884374 -0.2036404857 0.7970995941 0.446951311 -0.0614006445 -0.278294946 -1.351317091 0.4116359945 -0.4204873479 2.227493788 0.05624960741 0.19945787 0.4246912895 -0.4093883587 2.414443968 0.7222733818 0.7038981368 0.714268731 -0.3231860784 1.140017528 0
1.486350833 -0.9199884374 -0.2036404857 1.26137954 -0.2989439496 -0.0614006445 -0.278294946 -0.9923642996 0.06419952896 0.2641557947 2.397708892 0.2151077532 0.05691011046 0.5346940836 0.6226310329 0.9630825414 0.8425045344 0.8954423985 0.9211704943 -0.4233870791 1.140017528 0
1.486350833 -0.9199884374 -0.2036404857 0.8001256806 -0.03676649743 -0.0614006445 -0.278294946 -0.8727133689 -0.1674247814 -0.1715262051 1.597697903 0.02977324978 0.09254705036 0.2046857014 0.278624569 -0.4882788852 0.6621578056 0.7677462241 0.7832359854 -0.4901877462 1.140017528 0
1.486350833 -0.9199884374 -0.2036404857 0.8445511714 1.045300772 -0.0614006445 -0.278294946 -0.8727133689 -0.3990490918 -0.4204873479 -0.5980769365 -0.3938484723 0.3063686897 -0.3453282688 -0.4093883587 -0.4882788852 0.6621578056 0.6400500496 0.714268731 -0.5235880797 1.140017528 0
1.486350833 0.1347179 -0.2036404857 0.1875884137 0.3331889923 -0.0614006445 -0.278294946 -0.9325388343 -0.2832369366 -0.3582470622 -0.2065821976 -0.3144193994 0.5914642089 0.2596870984 -0.7533948225 2.414443968 0.8425045344 0.8954423985 0.8522032399 -0.4567874126 -0.4932939694 0
1.486350833 0.4108844197 -0.2036404857 0.2048633089 0.1717516693 -0.0614006445 -0.278294946 -0.9325388343 -0.1674247814 -0.2960067765 -0.1214746457 -0.1026085384 0.3063686897 0.2596870984 -0.7533948225 0.9630825414 0.8425045344 0.9592904857 0.9211704943 -0.4567874126 1.140017528 0
1.486350833 1.208910155 -0.2036404857 0.9814500713 -0.6835984744 -0.0614006445 -0.278294946 -0.9923642996 -0.1674247814 -0.3582470622 -0.223603708 -0.2349903265 1.054744428 1.139709451 0.9666374967 0.9630825414 1.022851263 1.342379009 1.266006767 -0.4901877462 -0.4932939694 0
1.486350833 0.6931907749 -0.2036404857 1.153120462 -0.6835984744 -0.0614006445 -0.278294946 -1.052189765 -0.1674247814 -0.4204873479 0.2019340517 -0.3144193994 1.268566067 1.304713642 -0.06538189482 -0.4882788852 1.263313568 1.470075183 1.403941276 -0.5235880797 -0.4932939694 0
1.486350833 -0.5081548163 -0.2036404857 -1.635871141 1.96325056 -0.0614006445 -0.278294946 -1.530793487 2.264630478 -0.4204873479 1.155138633 2.015500072 -1.439841365 1.964730406 1.310643961 0.9630825414 0.7222733818 0.3846577008 0.6453014765 0.5118222604 -0.4932939694 0
1.486350833 -0.1363132937 -0.2036404857 -0.9132687761 0.995291315 -0.0614006445 -0.278294946 -1.171840696 1.222321081 -0.4204873479 0.5083212386 0.4798713295 -0.3707331683 0.4246912895 1.310643961 0.9630825414 1.143082416 0.7677462241 1.059105003 0.3782209262 1.140017528 0
1.486350833 0.2506867523 -0.2036404857 -0.01670659063 -0.307402805 -0.0614006445 -0.278294946 -1.052189765 0.06419952896 -0.4204873479 1.053009571 -0.4997539028 1.019107488 0.5346940836 0.278624569 -0.4882788852 1.143082416 1.214682835 1.266006767 -0.4233870791 -0.4932939694 0
-1.053258055 -0.9199884374 -0.2036404857 -1.218520857 -0.6835984744 -0.0614006445 -0.278294946 -0.2744587158 -0.8622977126 0.3263960804 -0.03636709374 -1.346997347 0.555827269 -1.940368782 -1.097401286 -0.4882788852 -0.6603848721 -0.7646078691 -0.8719781217 -0.5903887469 1.140017528 0
-1.053258055 -0.9199884374 -0.2036404857 -1.232945409 -0.6835984744 -0.0614006445 -0.278294946 -0.4539351117 -0.7464855574 -0.2960067765 0.2019340517 -1.082233771 0.3063686897 -1.775364591 -0.7533948225 -0.4882788852 -0.7806160247 -0.7007597819 -0.8719781217 -0.657189414 1.140017528 0
-1.053258055 -0.2146443802 -0.2036404857 -0.6603075491 -0.6835984744 -0.0614006445 -0.278294946 -0.7530624383 -0.2832369366 -0.4204873479 0.08278347897 -0.5791829757 0.1638209302 -0.950343636 -0.4093883587 0.9630825414 -0.7806160247 -0.7007597819 -0.8719781217 -0.5569884133 -0.4932939694 0
-1.053258055 0.1142277004 -0.2036404857 -0.9206573388 -0.6835984744 -0.0614006445 3.112032936 -1.052189765 0.1800116841 -0.4204873479 -0.8533995923 -0.3673721146 -0.121274589 -0.950343636 -1.097401286 0.9630825414 -0.7806160247 -0.9561521308 -0.9409453761 -0.08938374354 -0.4932939694 0
-1.053258055 -0.9199884374 -0.2036404857 0.1546043373 -0.6835984744 -0.0614006445 2.550835214 -0.693236973 -0.3990490918 0.07743493764 -0.1725391768 -0.3673721146 -0.121274589 -0.950343636 -0.06538189482 2.414443968 -0.9609627534 -1.147696392 -1.14784714 -0.3231860784 -0.4932939694 0
-1.053258055 -0.9199884374 -0.2036404857 -0.5663312392 -0.1866060232 -0.0614006445 -0.278294946 -0.5137605771 -0.514861247 0.3263960804 -0.0874316249 -0.8439465519 -0.121274589 -1.940368782 -0.7533948225 -0.4882788852 -0.7806160247 -1.020000218 -1.078879885 -0.356586412 1.140017528 0
-1.053258055 -0.9199884374 -0.2036404857 -0.09967988453 -0.6835984744 -0.0614006445 -0.278294946 -0.3342841811 -0.7464855574 0.201915509 0.03171894781 -1.346997347 0.555827269 -1.940368782 -1.097401286 -0.4882788852 -0.7806160247 -0.8923040436 -1.078879885 -0.6237890804 -0.4932939694 0
-1.053258055 -0.9199884374 -0.2036404857 0.08698377004 -0.6835984744 -0.0614006445 -0.278294946 -0.4539351117 -0.7464855574 0.2641557947 0.304063114 -1.267568274 0.6627380887 -1.6103604 -0.7533948225 -0.4882788852 -0.7806160247 -0.5092155203 -0.7340436128 -0.6237890804 -0.4932939694 0
-1.053258055 -0.9199884374 -0.2036404857 0.6895247812 0.1808511649 -0.0614006445 -0.278294946 -0.8128879036 -0.514861247 0.01519465194 0.2189555621 -1.108710128 0.3776425695 -1.720363194 -0.7533948225 -0.4882788852 -0.7806160247 -0.7007597819 -0.8719781217 -0.5903887469 1.140017528 0
-1.053258055 -0.3959141422 -0.2036404857 -0.911022329 -0.6835984744 -0.0614006445 1.43970533 -0.8128879036 -0.2832369366 -0.3582470622 0.01469743742 -0.3673721146 -0.121274589 -0.950343636 -0.7533948225 0.9630825414 -0.9609627534 -0.8923040436 -0.9409453761 -0.3899867455 -0.4932939694 0
-1.053258055 0.03063503195 -0.2036404857 -0.978465998 -0.6835984744 -0.0614006445 -0.278294946 -0.8128879036 -0.1674247814 -0.4204873479 0.09980498935 -0.5791829757 0.1638209302 -0.950343636 -0.7533948225 0.9630825414 -0.9609627534 -0.6369116947 -0.8719781217 -0.5235880797 -0.4932939694 0
-1.053258055 0.3538949069 -0.2036404857 -0.3144371025 0.1351246038 -0.0614006445 -0.278294946 -0.8128879036 -0.2832369366 -0.4204873479 -0.2576467288 -0.4468011875 0.09254705036 -0.785339445 -0.7533948225 -0.4882788852 -0.1794602621 -0.1899750842 -0.1823055771 -0.2897857449 1.140017528 0
-1.053258055 -0.2956283329 -0.2036404857 0.09123772207 0.1189522914 -0.0614006445 -0.278294946 -1.291491626 0.2958238393 -0.2337664908 0.1849125413 -0.02317946547 -0.2281854087 -0.4003296658 -0.4093883587 -0.4882788852 -0.6002692959 -0.7646078691 -1.009912631 -0.2229850778 -0.4932939694 0
-1.053258055 -0.9199884374 -0.2036404857 0.559146915 -0.003612995251 -0.0614006445 -0.278294946 -1.052189765 -0.05161262623 -0.1715262051 0.6955578529 -0.552706618 0.02127317057 -1.115347827 -0.06538189482 -0.4882788852 -0.6002692959 -0.8284559564 -1.009912631 -0.4901877462 -0.4932939694 0
-1.053258055 -0.4081142616 -0.2036404857 0.1340658125 0.3033440016 -0.0614006445 -0.278294946 -1.11201523 0.06419952896 -0.4204873479 -0.0874316249 -0.1555612536 -0.05000070923 -0.4003296658 -0.7533948225 -0.4882788852 -0.6603848721 -0.7007597819 -0.8719781217 -0.3231860784 -0.4932939694 0
-1.053258055 -0.6303368352 -0.2036404857 -0.03339899462 0.4333536179 -0.0614006445 -0.278294946 -0.9923642996 -0.05161262623 -0.4204873479 0.0487404582 -0.5791829757 -0.05000070923 -1.280352018 -0.4093883587 -0.4882788852 -0.6603848721 -0.8284559564 -0.9409453761 -0.3899867455 -0.4932939694 0
-1.053258055 0.3750990985 -0.2036404857 -0.292441388 0.148752525 -0.0614006445 -0.278294946 -0.7530624383 -0.2832369366 -0.4204873479 -0.2916897495 -0.4468011875 0.09254705036 -0.785339445 -0.7533948225 -0.4882788852 -0.1794602621 -0.1899750842 -0.1823055771 -0.2897857449 1.140017528 0
-1.053258055 0.2798494918 -0.2036404857 0.4385033846 -0.6835984744 -0.0614006445 -0.278294946 -0.6334115077 -0.514861247 -0.4204873479 0.01469743742 -0.552706618 0.2350948099 -0.785339445 -0.4093883587 0.9630825414 -0.1794602621 -0.06227890976 -0.1823055771 -0.5903887469 1.140017528 0
-1.053258055 -0.9199884374 -0.2036404857 0.6549992278 0.3809202922 -0.0614006445 -0.278294946 -0.8727133689 -0.1674247814 -0.4204873479 0.5764072802 -0.6056593333 -0.05000070923 -1.335353415 -1.097401286 -0.4882788852 -0.5401537196 -0.7646078691 -0.8030108672 -0.4233870791 1.140017528 0
-1.053258055 -0.9199884374 -0.2036404857 1.220811256 -0.6835984744 -0.0614006445 -0.278294946 -0.6334115077 -0.6306734022 -0.4204873479 0.6615148321 -1.161662843 0.6271011488 -1.445356209 -1.097401286 -0.4882788852 -0.5401537196 -0.5092155203 -0.5961091038 -0.6237890804 -0.4932939694 0
-1.053258055 -0.4568641916 -0.2036404857 -0.03449958999 -0.0882998391 -0.0614006445 -0.278294946 -1.11201523 0.06419952896 -0.1715262051 0.304063114 -0.2085139689 0.02127317057 -0.4003296658 -0.4093883587 -0.4882788852 -0.6002692959 -0.7646078691 -0.9409453761 -0.3231860784 -0.4932939694 0
-0.6299899074 -0.08819289856 -0.2036404857 0.6650469302 0.3855892296 -0.0614006445 -0.278294946 -1.171840696 0.4116359945 -0.4204873479 1.087052592 0.7446349057 -1.368567485 -0.5653338569 -0.4093883587 -0.4882788852 0.0008864667171 -0.1899750842 -0.1823055771 -0.2897857449 1.140017528 0
-0.6299899074 -0.2253020686 -0.2036404857 0.2857747133 -0.2371244817 -0.0614006445 -0.278294946 -0.8727133689 -0.2832369366 -0.4204873479 0.4402351971 -0.5791829757 0.1638209302 -0.950343636 -0.4093883587 0.9630825414 0.0008864667171 -0.126126997 -0.1823055771 -0.4567874126 1.140017528 0
-0.6299899074 -0.9199884374 -0.2036404857 1.092915946 -0.6835984744 -0.0614006445 -0.278294946 -0.693236973 -0.514861247 -0.4204873479 0.9338589983 -1.108710128 0.6627380887 -1.280352018 -1.097401286 -0.4882788852 -0.2996914146 -0.126126997 -0.2512728315 -0.6237890804 1.140017528 0
-0.6299899074 -0.9199884374 -0.2036404857 0.8699393246 -0.6835984744 -0.0614006445 -0.278294946 -0.6334115077 -0.6306734022 -0.4204873479 1.121095613 -1.135186486 0.7340119685 -1.225350621 -1.097401286 -0.4882788852 -0.1794602621 -0.06227890976 -0.1823055771 -0.6237890804 1.140017528 0
-0.6299899074 -0.9199884374 -0.2036404857 1.191122881 -0.6835984744 -0.0614006445 -0.278294946 -0.6334115077 -0.514861247 -0.4204873479 1.189181654 -1.082233771 0.6627380887 -1.225350621 -1.097401286 -0.4882788852 -0.1193446858 -0.126126997 -0.1823055771 -0.5903887469 1.140017528 0
0.4281804627 -0.9199884374 -0.2036404857 0.3916044657 0.2585263305 -0.0614006445 -0.278294946 0.6827487292 -0.3990490918 1.571201794 -0.1384961561 0.5593004023 -0.5845548077 0.2596870984 -0.06538189482 3.865805395 0.2413487718 0.2569615263 0.2314979497 -0.2897857449 1.140017528 0
0.4281804627 -0.05598213951 -0.2036404857 -0.04252467862 -0.6835984744 -0.0614006445 -0.278294946 0.5630977986 -0.8622977126 0.5131169375 0.3891706659 -0.8174701943 0.9834705478 -0.1803240777 0.9666374967 -0.4882788852 0.0008864667171 0.5123538752 0.3004652042 -0.4233870791 -0.4932939694 0
0.4281804627 -0.2883501965 -0.2036404857 -1.053457256 -0.6835984744 -0.0614006445 -0.278294946 0.5630977986 -1.093922023 0.07743493764 0.2189555621 -0.6586120485 0.9834705478 0.1496843044 -1.097401286 -0.4882788852 0.9026201106 1.023138573 0.9901377488 -0.4567874126 1.140017528 0
0.6398145367 0.09417938374 -0.2036404857 -1.635871141 0.1854738826 -0.0614006445 -0.278294946 0.08449407608 -0.514861247 0.5753572232 -0.7342490196 1.115303913 -1.404204425 0.1496843044 0.6226310329 3.865805395 0.9026201106 0.7038981368 0.9901377488 0.3114202591 1.140017528 0
1.063082685 -0.9199884374 -0.2036404857 0.03353003261 0.480004378 -0.0614006445 -0.278294946 -0.7530624383 -0.1674247814 -0.1715262051 1.087052592 0.2151077532 -0.5132809279 -0.3453282688 -0.06538189482 -0.4882788852 0.6621578056 0.5123538752 0.5073669676 -0.2897857449 1.140017528 0
1.063082685 -0.1466983927 -0.2036404857 0.8597219286 0.3103864279 -0.0614006445 -0.278294946 -0.8727133689 -0.05161262623 -0.4204873479 1.529611862 0.2415841108 -0.5132809279 -0.2903268718 -0.06538189482 0.9630825414 0.4818110768 0.5762019624 0.576334222 -0.356586412 1.140017528 0
1.063082685 0.5086321387 -0.2036404857 -1.240685216 -0.6835984744 -0.0614006445 -0.278294946 0.02466861077 -0.7464855574 -0.3582470622 0.4912997282 -0.7115647638 0.8052858483 -0.2353254748 -0.06538189482 2.414443968 0.8425045344 0.9592904857 0.9901377488 -0.5569884133 1.140017528 0
1.063082685 0.373442979 -0.2036404857 -1.188633864 -0.6835984744 -0.0614006445 -0.278294946 -0.3342841811 -0.7464855574 -0.4204873479 0.3381061348 -0.552706618 0.555827269 -0.2903268718 0.9666374967 -0.4882788852 0.8425045344 1.023138573 0.9901377488 -0.6237890804 1.140017528 0
1.063082685 -0.2204978705 -0.2036404857 -0.1846697067 -0.6835984744 -0.0614006445 -0.278294946 -0.6334115077 -0.3990490918 -0.4204873479 1.938128111 -0.1820376112 0.1281839903 -0.1803240777 0.278624569 0.9630825414 0.9026201106 0.8315943113 0.8522032399 -0.4233870791 1.140017528 0
1.063082685 -0.9199884374 -0.2036404857 -0.7951510646 -0.6835984744 -0.0614006445 -0.278294946 -0.8128879036 -0.2832369366 -0.4204873479 2.704096078 -0.1820376112 0.1281839903 -0.1803240777 -0.7533948225 -0.4882788852 0.9026201106 0.7677462241 0.7832359854 -0.356586412 1.140017528 0
0.4281804627 1.483679262 -0.2036404857 0.3588411099 0.2433018795 -0.0614006445 -0.278294946 -0.5735860424 -0.2832369366 -0.4204873479 -0.1044531353 0.5328240447 -0.9052872667 -0.2903268718 0.278624569 -0.4882788852 0.4818110768 0.448505788 0.5073669676 -0.05598340998 1.140017528 0
0.4281804627 0.3901972881 -0.2036404857 -0.5485979404 0.6636888163 -0.0614006445 -0.278294946 -0.4539351117 -0.2832369366 -0.4204873479 0.06576196858 0.5328240447 -0.9409242066 -0.3453282688 -0.7533948225 -0.4882788852 0.1812331955 0.2569615263 0.3004652042 0.01081725713 1.140017528 0
0.4281804627 -0.9199884374 -0.2036404857 0.8246080782 0.6230670945 -0.0614006445 -0.278294946 -0.5735860424 -0.3990490918 -0.4204873479 0.5593857698 0.3210131837 -0.7627395072 -0.5103324599 -0.4093883587 -0.4882788852 0.0008864667171 0.001569177458 0.02459618633 -0.2229850778 1.140017528 0
0.4281804627 -0.9199884374 -0.2036404857 1.320864151 0.8866095555 -0.0614006445 -0.278294946 -0.7530624383 -0.1674247814 -0.4204873479 1.580676393 0.7446349057 -1.047835026 -0.07032128369 0.9666374967 -0.4882788852 0.0008864667171 0.001569177458 0.02459618633 -0.1227840771 1.140017528 0
0.4281804627 -0.9199884374 -0.2036404857 1.23420719 1.602683325 -0.0614006445 -0.278294946 -0.7530624383 -0.1674247814 -0.4204873479 0.7976869152 0.4798713295 -0.6914656274 -0.07032128369 -0.06538189482 -0.4882788852 -0.1794602621 0.001569177458 0.02459618633 -0.05598340998 1.140017528 0
0.4281804627 -0.9199884374 -0.2036404857 1.117983528 1.875716947 -0.0614006445 -0.278294946 -0.693236973 -0.1674247814 -0.4204873479 -0.03636709374 0.1886313956 -0.6201917476 -0.5653338569 -0.06538189482 0.9630825414 -0.1794602621 -0.06227890976 -0.1133383226 -0.1227840771 1.140017528 0
0.4281804627 -0.9199884374 -0.2036404857 1.202923862 0.8993547519 -0.0614006445 -0.278294946 -0.693236973 -0.2832369366 -0.4204873479 1.053009571 0.4533949718 -1.047835026 -0.6753366509 0.278624569 -0.4882788852 0.0008864667171 -0.06227890976 0.02459618633 -0.1227840771 1.140017528 0
0.1107293517 -0.9199884374 -0.2036404857 1.165780753 1.920137655 -0.0614006445 -0.278294946 -1.470968022 1.338133236 -0.4204873479 2.431751912 0.6387294752 -0.9765611465 -0.1803240777 0.9666374967 -0.4882788852 0.0008864667171 -0.4453674331 -0.1133383226 1.113028264 1.140017528 0
0.1107293517 -0.9199884374 -0.2036404857 0.5097702314 2.307503313 -0.0614006445 -0.278294946 -1.470968022 1.453945391 -0.4204873479 1.750891497 0.6387294752 -0.9765611465 -0.1803240777 0.9666374967 -0.4882788852 0.0008864667171 -0.5730636075 -0.1823055771 1.346830599 1.140017528 0
0.1107293517 -0.9199884374 -0.2036404857 0.7325682063 0.416964931 -0.0614006445 -0.278294946 -0.5735860424 -0.1674247814 -0.1715262051 3.19771988 0.4269186142 -0.834013387 -0.4003296658 0.9666374967 -0.4882788852 0.1812331955 0.1292653519 0.1625306953 -0.1561844106 1.140017528 0
0.1107293517 -0.7060579417 -0.2036404857 -1.044095253 1.791272545 -0.0614006445 -0.278294946 -0.693236973 -0.05161262623 -0.2337664908 0.7806654048 0.3474895413 -0.9052872667 -0.6753366509 0.6226310329 -0.4882788852 0.0008864667171 -0.1899750842 0.02459618633 0.1778189249 1.140017528 0
0.1107293517 -0.9199884374 -0.2036404857 -1.185175849 1.829543758 -0.0614006445 -0.278294946 -0.4539351117 -0.1674247814 -0.1715262051 1.087052592 0.1886313956 -0.6914656274 -0.6753366509 -0.06538189482 -0.4882788852 0.0008864667171 -0.1899750842 -0.04437106814 0.1110182578 1.140017528 0
0.1107293517 0.2474438996 -0.2036404857 -0.02119179046 0.5168929651 -0.0614006445 -0.278294946 -1.052189765 0.4116359945 -0.4204873479 1.631740924 0.4798713295 -1.047835026 -0.6203352539 0.278624569 0.9630825414 0.3615799243 0.06541726467 0.2314979497 0.2780199256 1.140017528 0
0.1107293517 -0.1944049476 -0.2036404857 -0.1305359357 0.7153960506 -0.0614006445 -0.278294946 -0.9923642996 0.1800116841 -0.4204873479 1.189181654 0.58577676 -1.190382786 -0.6203352539 0.278624569 2.414443968 0.301464348 0.1292653519 0.2314979497 0.1778189249 1.140017528 0
0.1107293517 0.4524177608 -0.2036404857 -0.2122366323 -0.2425766837 -0.0614006445 -0.278294946 -0.9325388343 0.2958238393 -0.4204873479 2.584945506 0.4004422566 -0.9409242066 -0.6203352539 1.654650424 2.414443968 0.3615799243 0.1292653519 0.3004652042 0.04421759068 1.140017528 0
0.1107293517 0.3443407756 -0.2036404857 -0.470072669 -0.1418766961 -0.0614006445 -0.278294946 -1.052189765 0.2958238393 -0.4204873479 2.074300194 0.4004422566 -0.9409242066 -0.6203352539 1.654650424 2.414443968 0.3615799243 0.1292653519 0.2314979497 0.01081725713 1.140017528 0
0.1107293517 -0.9199884374 -0.2036404857 0.7145290253 -0.2467260883 -0.0614006445 -0.278294946 -0.4539351117 -0.3990490918 -0.4204873479 3.555171598 0.4269186142 -0.834013387 -0.4003296658 1.654650424 0.9630825414 0.2413487718 0.1931134391 0.2314979497 -0.2897857449 1.140017528 0
0.1107293517 -0.9199884374 -0.2036404857 1.003672592 -0.6835984744 -0.0614006445 -0.278294946 -0.2146332505 -0.514861247 -0.1092859194 3.521128577 -0.02317946547 -0.2281854087 -0.4003296658 1.310643961 2.414443968 0.2413487718 0.1931134391 0.2314979497 -0.4233870791 1.140017528 0
0.1107293517 -0.9199884374 -0.2036404857 -1.135528432 -0.2186012376 -0.0614006445 -0.278294946 -0.03515685455 -0.7464855574 0.3886363661 1.631740924 -0.2349903265 -0.2994592885 -0.950343636 -0.7533948225 -0.4882788852 0.2413487718 0.1931134391 0.1625306953 -0.4233870791 1.140017528 0
-0.1009047223 -0.9199884374 -0.2036404857 0.4335936359 2.201310332 -0.0614006445 -0.278294946 -0.9325388343 0.7590724601 -0.1715262051 -0.7853135507 0.9034930515 -1.119108906 0.1496843044 0.9666374967 0.9630825414 -0.05922910954 -0.8284559564 -0.320240086 1.714234268 1.140017528 0
-0.1009047223 -0.9199884374 -0.2036404857 0.9904583478 2.164000307 -0.0614006445 -0.278294946 -1.171840696 1.106508926 -0.2337664908 -0.7342490196 0.9034930515 -1.119108906 0.1496843044 0.9666374967 0.9630825414 0.0008864667171 -0.8284559564 -0.1823055771 2.048237604 1.140017528 0
-0.1009047223 -0.9199884374 -0.2036404857 0.2752739233 1.980606936 -0.0614006445 -0.278294946 -0.7530624383 0.4116359945 -0.04704563375 -1.006593186 0.6122531176 -1.119108906 -0.4553310628 -0.4093883587 0.9630825414 -0.05922910954 -0.8284559564 -0.2512728315 1.647433601 1.140017528 0
-0.1009047223 -0.9199884374 -0.2036404857 -0.1816526435 2.019379154 -0.0614006445 -0.278294946 -0.3342841811 -0.514861247 -0.04704563375 -0.972550165 -0.1555612536 -0.6201917476 -1.280352018 0.278624569 -0.4882788852 -0.05922910954 -0.5730636075 -0.1823055771 0.6120232611 1.140017528 0
-0.1009047223 -0.9199884374 -0.2036404857 0.2048633089 1.454776934 -0.0614006445 -0.278294946 -0.7530624383 0.8748846153 0.3263960804 -0.3597757911 0.9034930515 -1.119108906 0.1496843044 0.6226310329 0.9630825414 0.4216955005 -0.5092155203 0.02459618633 2.348840606 1.140017528 0
-0.1009047223 -0.3446395238 -0.2036404857 -0.04433737869 0.7955053239 -0.0614006445 -0.278294946 -0.1548077852 -0.514861247 0.2641557947 -0.6150984469 0.7446349057 -1.404204425 -0.6203352539 0.6226310329 -0.4882788852 0.4216955005 0.06541726467 0.3004652042 0.4450215933 1.140017528 0
-0.1009047223 -0.9199884374 -0.2036404857 0.8098599463 1.02112036 -0.0614006445 -0.278294946 -0.2744587158 -0.3990490918 0.3886363661 -0.5640339157 0.6916821905 -1.404204425 -0.7303380479 0.9666374967 -0.4882788852 0.4216955005 -0.06227890976 0.1625306953 0.7456245953 1.140017528 0
-0.1009047223 0.1469560505 -0.2036404857 0.2087467119 1.716434658 -0.0614006445 1.470513368 -0.693236973 0.5274481497 -0.4204873479 -0.9895716754 1.406543846 -1.404204425 0.7546996716 0.9666374967 -0.4882788852 0.3615799243 -0.4453674331 0.1625306953 2.315440272 1.140017528 0
-0.1009047223 0.640911824 -0.2036404857 -0.5564280842 0.8211842033 -0.0614006445 2.280146936 -0.5735860424 0.2958238393 -0.4204873479 -1.398087925 1.380067489 -1.368567485 0.7546996716 0.6226310329 0.9630825414 0.4216955005 -0.3176712586 0.3694324586 2.38224094 1.140017528 0
-0.1009047223 0.6218764627 -0.2036404857 -0.03645250064 1.298310439 -0.0614006445 -0.278294946 -0.3941096464 -0.1674247814 -0.4204873479 -0.9044641234 0.5593004023 -1.154745846 -0.6203352539 0.278624569 -0.4882788852 0.4216955005 -0.126126997 0.3694324586 1.4470316 1.140017528 0
-0.1009047223 0.7885645641 -0.2036404857 0.7272339088 0.7805144091 -0.0614006445 -0.278294946 -0.1548077852 -0.6306734022 -0.4204873479 -0.8533995923 0.1356786803 -0.5845548077 -0.6203352539 -0.7533948225 -0.4882788852 0.3615799243 0.1931134391 0.3694324586 0.1110182578 1.140017528 0
-0.1009047223 -0.9199884374 -0.2036404857 -0.1632835882 -0.6835984744 -0.0614006445 -0.278294946 -0.9325388343 -0.514861247 -0.4204873479 0.8147084256 -1.135186486 0.9478336079 -0.895342239 -1.44140775 -0.4882788852 -0.4199225671 0.001569177458 -0.1823055771 -0.5235880797 -0.4932939694 0
-0.1009047223 -0.9199884374 -0.2036404857 0.0375238134 -0.6835984744 -0.0614006445 -0.278294946 -0.9325388343 -0.514861247 -0.4204873479 0.7976869152 -1.135186486 0.8765597281 -1.005345033 -1.44140775 -0.4882788852 -0.4199225671 -0.126126997 -0.320240086 -0.5903887469 -0.4932939694 0
-0.1009047223 -0.566329916 -0.2036404857 -0.6575787062 -0.6835984744 -0.0614006445 -0.278294946 -0.9325388343 -0.514861247 -0.4204873479 0.7125793633 -1.241091916 1.126018307 -0.840340842 -1.44140775 -0.4882788852 0.0008864667171 0.1931134391 0.09356344079 -0.6237890804 -0.4932939694 0
-0.1009047223 1.184304286 -0.2036404857 0.3044314644 -0.6835984744 -0.0614006445 -0.278294946 -1.171840696 -0.1674247814 -0.4204873479 -0.2406252184 -0.8439465519 0.9478336079 -0.2903268718 -1.097401286 -0.4882788852 0.0008864667171 0.3208096135 0.1625306953 -0.5235880797 -0.4932939694 0
-0.1009047223 1.040211897 -0.2036404857 1.075288129 -0.6835984744 -0.0614006445 -0.278294946 -1.231666161 -0.1674247814 -0.4204873479 -0.1555176664 -0.8439465519 0.9478336079 -0.2903268718 -0.7533948225 -0.4882788852 0.0008864667171 0.3208096135 0.1625306953 -0.5235880797 -0.4932939694 0
-0.1009047223 2.173171716 -0.2036404857 0.5032086629 -0.6835984744 -0.0614006445 -0.278294946 -0.9923642996 -0.05161262623 -0.4204873479 -0.666162978 -0.5791829757 0.9834705478 0.3146884955 1.310643961 -0.4882788852 0.4216955005 0.7677462241 0.576334222 -0.4233870791 -0.4932939694 0
-0.1009047223 1.795349461 -0.2036404857 0.2419250686 -0.6835984744 -0.0614006445 -0.278294946 -0.9325388343 -0.1674247814 -0.4204873479 -0.6321199573 0.4004422566 -0.2994592885 0.3696898925 1.310643961 -0.4882788852 0.4216955005 0.7677462241 0.576334222 -0.3899867455 1.140017528 0
-0.1009047223 1.772677839 -0.2036404857 0.05696307177 -0.6835984744 -0.0614006445 -0.278294946 -1.291491626 0.06419952896 -0.4204873479 -0.2746682391 -0.5791829757 1.197292187 0.6446968776 -0.4093883587 -0.4882788852 0.7222733818 0.9592904857 0.8522032399 -0.4567874126 -0.4932939694 0
-0.1009047223 1.481722409 -0.2036404857 -0.6867814686 -0.6835984744 -0.0614006445 -0.278294946 -1.171840696 -0.05161262623 -0.4204873479 -0.2916897495 0.4533949718 -0.121274589 0.7546996716 0.6226310329 -0.4882788852 0.0008864667171 0.7038981368 0.5073669676 -0.1227840771 -0.4932939694 0
-0.1009047223 1.686875932 -0.2036404857 -1.034944073 -0.6835984744 -0.0614006445 -0.278294946 -1.171840696 -0.1674247814 -0.4204873479 -0.2406252184 0.2151077532 -0.121274589 0.2596870984 0.278624569 -0.4882788852 0.0008864667171 0.5123538752 0.3004652042 -0.3899867455 -0.4932939694 0
-0.1009047223 1.787354627 -0.2036404857 -0.1380572595 -0.6835984744 -0.0614006445 -0.278294946 -1.052189765 -0.05161262623 -0.4204873479 0.08278347897 -0.5791829757 0.9834705478 0.3146884955 0.9666374967 -0.4882788852 0.7222733818 0.8315943113 0.714268731 -0.4567874126 -0.4932939694 0
-0.1009047223 2.429228018 -0.2036404857 0.2170535856 -0.6835984744 -0.0614006445 -0.278294946 -0.9923642996 -0.1674247814 -0.4204873479 -0.7172275092 0.4004422566 -0.2994592885 0.3696898925 0.9666374967 -0.4882788852 0.4216955005 0.8315943113 0.6453014765 -0.4233870791 1.140017528 0
-0.3125387964 0.04392201937 -0.2036404857 -1.191475288 -0.6835984744 -0.0614006445 -0.278294946 -1.052189765 -0.2832369366 -0.3582470622 -0.05338860412 -0.3673721146 0.2707317498 -0.3453282688 -0.4093883587 -0.4882788852 -0.1794602621 0.001569177458 -0.1823055771 -0.5569884133 -0.4932939694 0
-0.3125387964 -0.1455141967 -0.2036404857 -1.635871141 -0.6835984744 -0.0614006445 -0.278294946 -0.9923642996 -0.3990490918 -0.3582470622 -0.1895606872 -1.161662843 1.126018307 -0.6753366509 -1.097401286 -0.4882788852 -0.1794602621 0.001569177458 -0.1823055771 -0.6237890804 -0.4932939694 0
-0.3125387964 0.6345146975 -0.2036404857 -0.2025123341 -0.350572786 -0.0614006445 -0.278294946 -1.171840696 0.06419952896 -0.4204873479 0.525342749 -0.3938484723 0.4489164493 -0.1253226807 -0.06538189482 -0.4882788852 -0.4199225671 -0.06227890976 -0.3892073404 -0.2229850778 -0.4932939694 0
-0.3125387964 0.8179211252 -0.2036404857 0.3672190508 -0.6835984744 -0.0614006445 -0.278294946 -1.291491626 0.06419952896 -0.4204873479 0.746622384 -0.7909938367 0.8765597281 -0.2903268718 -1.097401286 -0.4882788852 -0.1794602621 0.3846577008 0.3004652042 -0.3231860784 -0.4932939694 0
-0.3125387964 1.291666166 -0.2036404857 -0.1063979265 -0.6835984744 -0.0614006445 -0.278294946 -1.231666161 0.06419952896 -0.4204873479 0.8827944671 -0.764517479 0.8409227882 -0.2903268718 -1.097401286 -0.4882788852 -0.1794602621 0.3208096135 0.09356344079 -0.3899867455 -0.4932939694 0
-0.3125387964 2.626134498 -0.2036404857 1.005096312 -0.6835984744 -0.0614006445 -0.278294946 -1.291491626 0.06419952896 -0.4204873479 -1.312980373 -0.552706618 0.6627380887 -0.1253226807 0.278624569 -0.4882788852 0.4818110768 0.6400500496 0.576334222 -0.4233870791 -0.4932939694 0
-0.3125387964 2.849440273 -0.2036404857 0.5364241619 -0.6835984744 -0.0614006445 -0.278294946 -1.351317091 0.1800116841 -0.4204873479 -1.312980373 -0.4203248299 0.6271011488 0.09468290738 -0.06538189482 -0.4882788852 0.301464348 0.6400500496 0.5073669676 -0.3899867455 -0.4932939694 0
-0.3125387964 1.104557934 -0.2036404857 1.164285337 -0.6835984744 -0.0614006445 -0.278294946 -1.351317091 0.06419952896 -0.4204873479 0.4061921763 -0.552706618 0.6627380887 -0.1253226807 -0.06538189482 -0.4882788852 0.6621578056 0.6400500496 0.6453014765 -0.4567874126 1.140017528 0
-0.3125387964 1.858757088 -0.2036404857 1.246597623 -0.6835984744 -0.0614006445 -0.278294946 -1.411142557 0.06419952896 -0.4204873479 -0.6321199573 -0.5262302604 0.6271011488 -0.1253226807 -0.06538189482 -0.4882788852 0.4818110768 0.5762019624 0.5073669676 -0.4233870791 1.140017528 0
-0.3125387964 2.223371478 -0.2036404857 1.262522873 -0.6835984744 -0.0614006445 -0.278294946 -1.351317091 0.1800116841 -0.4204873479 -1.398087925 -0.4203248299 0.6271011488 0.09468290738 -0.06538189482 -0.4882788852 0.301464348 0.5762019624 0.5073669676 -0.3231860784 -0.4932939694 0
-0.3125387964 2.110937766 -0.2036404857 1.358474267 -0.6835984744 -0.0614006445 -0.278294946 -1.291491626 0.1800116841 -0.4204873479 -1.398087925 -0.5262302604 0.7696489084 0.09468290738 -0.06538189482 -0.4882788852 0.1211176192 0.6400500496 0.5073669676 -0.2563854113 -0.4932939694 0
-1.053258055 -0.07803780632 -0.2036404857 -1.247702949 0.7593896004 -0.0614006445 -0.278294946 -1.770095349 1.453945391 -0.4204873479 1.938128111 1.459496562 -1.404204425 0.8647024657 0.6226310329 0.9630825414 -0.8407316009 -0.7007597819 -0.9409453761 0.7456245953 -0.4932939694 0
-1.053258055 0.1263529715 -0.2036404857 -1.153471784 1.109687383 -0.0614006445 -0.278294946 -1.889746279 1.801381857 -0.4204873479 2.193450767 1.459496562 -1.404204425 0.8647024657 0.6226310329 0.9630825414 -0.8407316009 -0.7007597819 -0.9409453761 1.113028264 -0.4932939694 0
-1.053258055 -0.4517183464 -0.2036404857 -1.635871141 1.724053823 -0.0614006445 -0.278294946 -1.889746279 2.033006167 -0.4204873479 2.142386236 1.459496562 -1.404204425 0.8647024657 0.278624569 0.9630825414 -1.02107833 -0.8923040436 -1.078879885 1.380230933 -0.4932939694 0
-1.053258055 0.1988869822 -0.2036404857 -0.8621110788 0.03550122322 -0.0614006445 -0.278294946 -1.650444418 0.7590724601 -0.4204873479 1.223224675 -0.07613218073 0.1638209302 0.09468290738 -0.7533948225 -0.4882788852 -0.8407316009 -0.5730636075 -0.9409453761 -0.08938374354 -0.4932939694 0
-1.053258055 -0.3047430845 -0.2036404857 -1.635871141 1.688905625 -0.0614006445 -0.278294946 -1.949571745 2.496254788 -0.4204873479 2.908354203 1.459496562 -1.404204425 0.8647024657 0.9666374967 0.9630825414 -0.8407316009 -0.8923040436 -1.009912631 1.948036603 -0.4932939694 0
0.7456315737 0.1142277004 -0.2036404857 0.1521633301 -0.6835984744 -0.0614006445 -0.278294946 -0.693236973 -0.3990490918 -0.4204873479 0.7806654048 -0.8968992672 1.446750766 0.3696898925 -1.097401286 -0.4882788852 0.4818110768 0.7038981368 0.576334222 -0.5903887469 -2.126605467 0
0.7456315737 0.02471582187 -0.2036404857 0.1062934499 -0.6835984744 -0.0614006445 -0.278294946 -0.6334115077 -0.3990490918 -0.4204873479 1.00194504 -1.002804698 1.375476887 0.03968151036 -0.7533948225 -0.4882788852 0.4818110768 0.6400500496 0.5073669676 -0.6237890804 -0.4932939694 0
0.7456315737 0.7908765418 -0.2036404857 -0.6893500608 -0.6835984744 -0.0614006445 -0.278294946 -0.2146332505 -0.7464855574 -0.4204873479 -0.002324072964 -0.8439465519 1.446750766 0.4796926865 -0.7533948225 -0.4882788852 0.4818110768 0.7038981368 0.576334222 -0.5903887469 -2.126605467 0
0.7456315737 1.032643546 -0.2036404857 -0.2855253934 -0.6835984744 -0.0614006445 -0.278294946 -0.6334115077 -0.514861247 -0.4204873479 -0.01934558335 -0.8439465519 1.446750766 0.4796926865 -0.06538189482 -0.4882788852 0.4818110768 0.7677462241 0.6453014765 -0.5903887469 -2.126605467 0
0.7456315737 0.6760989405 -0.2036404857 -0.05904721411 -0.6835984744 -0.0614006445 -0.278294946 -0.3342841811 -0.7464855574 -0.4204873479 -0.1044531353 -1.055757413 1.624935466 0.3146884955 -1.097401286 -0.4882788852 0.4818110768 0.8315943113 0.6453014765 -0.5903887469 -2.126605467 0
0.7456315737 0.8021398944 -0.2036404857 -0.04795039803 -0.6835984744 -0.0614006445 -0.278294946 -0.3941096464 -0.6306734022 -0.4204873479 -0.1895606872 -1.055757413 1.624935466 0.3146884955 -1.097401286 -0.4882788852 0.4818110768 0.8315943113 0.6453014765 -0.5569884133 -2.126605467 0
0.7456315737 0.2259292898 -0.2036404857 -0.05094871515 -0.1926119841 -0.0614006445 -0.278294946 -0.4539351117 -0.1674247814 -0.4204873479 -0.07041011451 0.8505403362 -0.7983764471 0.5346940836 0.9666374967 0.9630825414 0.301464348 0.6400500496 0.576334222 -0.2563854113 1.140017528 0
0.7456315737 -0.1419396851 -0.2036404857 -0.5597494557 -0.6835984744 -0.0614006445 -0.278294946 -0.3941096464 -0.514861247 -0.4204873479 0.5934287906 -0.7115647638 0.8409227882 -0.1803240777 -0.7533948225 -0.4882788852 0.3615799243 0.5123538752 0.3694324586 -0.5903887469 -0.4932939694 0
0.7456315737 -0.2894002977 -0.2036404857 0.1084657522 -0.6835984744 -0.0614006445 -0.278294946 -0.5735860424 -0.514861247 -0.4204873479 0.5764072802 -1.214615559 1.446750766 -0.2903268718 -1.44140775 -0.4882788852 0.4818110768 0.6400500496 0.576334222 -0.657189414 -0.4932939694 0
0.3223634257 -0.06184642712 -0.2036404857 0.7379266708 -0.6835984744 -0.0614006445 -0.278294946 -0.9325388343 -0.1674247814 -0.4204873479 0.3721491555 -0.9763283401 1.161655247 -0.2353254748 -0.4093883587 -0.4882788852 0.1211176192 0.3846577008 0.2314979497 -0.5903887469 -0.4932939694 0
0.3223634257 -0.2185575297 -0.2036404857 0.7895071333 -0.6835984744 -0.0614006445 -0.278294946 -0.9923642996 -0.05161262623 -0.4204873479 0.2529985828 -0.8968992672 1.054744428 -0.2353254748 -0.7533948225 -0.4882788852 0.1211176192 0.3846577008 0.2314979497 -0.6237890804 -0.4932939694 0
0.3223634257 1.035879951 -0.2036404857 1.069296601 -0.3244459135 -0.0614006445 -0.278294946 -1.052189765 -0.05161262623 -0.4204873479 0.0487404582 0.8505403362 -0.9409242066 0.3146884955 -0.06538189482 2.414443968 0.1211176192 0.448505788 0.3004652042 -0.4233870791 1.140017528 0
0.3223634257 -0.4473419972 -0.2036404857 0.3252851744 -0.6835984744 -0.0614006445 -0.278294946 -1.11201523 -0.1674247814 -0.4204873479 0.3210846244 -0.9763283401 1.161655247 -0.2353254748 -1.097401286 0.9630825414 0.06100204298 0.3208096135 0.1625306953 -0.6237890804 -0.4932939694 0
0.3223634257 1.185034183 -0.2036404857 0.9116593702 0.6692966767 -0.0614006445 -0.278294946 -1.11201523 0.1800116841 -0.4204873479 -0.3767973015 0.8505403362 -0.9409242066 0.3146884955 -0.06538189482 2.414443968 0.301464348 0.3208096135 0.3004652042 -0.1561844106 1.140017528 0
0.3223634257 0.7856833601 -0.2036404857 1.313028901 0.9607508967 -0.0614006445 -0.278294946 -1.291491626 0.4116359945 -0.4204873479 0.09980498935 1.009398482 -1.083471966 0.4246912895 0.6226310329 2.414443968 0.1812331955 0.2569615263 0.2314979497 -0.02258307643 1.140017528 0
0.3223634257 0.5692096914 -0.2036404857 0.423843492 0.8477704775 -0.0614006445 -0.278294946 -1.052189765 0.06419952896 -0.4204873479 -0.4108403222 0.58577676 -0.7627395072 0.03968151036 0.278624569 2.414443968 0.4216955005 0.3846577008 0.3694324586 -0.1227840771 1.140017528 0
0.3223634257 -0.4091483565 -0.2036404857 0.4837624796 1.286298875 -0.0614006445 -0.278294946 -1.291491626 0.2958238393 -0.4204873479 0.03171894781 0.3739658989 -0.7627395072 -0.4003296658 0.6226310329 2.414443968 0.1812331955 0.06541726467 0.1625306953 -0.1227840771 1.140017528 0
0.3223634257 1.478468077 -0.2036404857 0.2597361495 0.1972499279 -0.0614006445 -0.278294946 -1.231666161 1.222321081 -0.4204873479 -0.7342490196 0.6387294752 -0.3707331683 0.7546996716 -0.06538189482 2.414443968 0.4216955005 0.6400500496 0.6453014765 -0.1895847442 -0.4932939694 0
0.3223634257 1.921200816 -0.2036404857 0.04826791715 -0.1618760778 -0.0614006445 -0.278294946 -1.171840696 1.222321081 -0.4204873479 -0.6150984469 0.4004422566 -0.05000070923 0.7546996716 0.278624569 2.414443968 0.4216955005 0.7677462241 0.714268731 -0.356586412 -0.4932939694 0
0.3223634257 -0.08175913178 -0.2036404857 -0.4765135424 0.3938591758 -0.0614006445 -0.278294946 -1.231666161 0.06419952896 -0.4204873479 0.831729936 -0.4997539028 0.4132795094 -0.4003296658 -0.06538189482 -0.4882788852 0.0008864667171 0.06541726467 -0.04437106814 -0.3899867455 -0.4932939694 0
0.3223634257 -0.1108177411 -0.2036404857 -0.5167045967 0.8765602158 -0.0614006445 -0.278294946 -1.291491626 0.1800116841 -0.4204873479 0.1508695205 -0.1820376112 -0.01436376933 -0.4003296658 -0.4093883587 -0.4882788852 -0.1794602621 0.001569177458 -0.1133383226 -0.356586412 1.140017528 0
0.4281804627 2.585082638 -0.2036404857 0.09551272843 -0.6835984744 -0.0614006445 -0.278294946 -1.291491626 1.106508926 -0.4204873479 -0.3938188119 -0.5791829757 0.9478336079 0.2596870984 -0.7533948225 -0.4882788852 0.4216955005 0.7677462241 0.6453014765 -0.4567874126 -0.4932939694 0
0.4281804627 2.478746002 -0.2036404857 0.244448999 -0.6835984744 -0.0614006445 -0.278294946 -1.351317091 0.9906967705 -0.4204873479 -0.1725391768 -0.2614666841 0.8409227882 0.7546996716 -0.4093883587 0.9630825414 0.5419266531 0.7038981368 0.576334222 -0.4901877462 -0.4932939694 0
0.3223634257 0.1234744732 -0.2036404857 -0.6737266007 0.6576658887 -0.0614006445 -0.278294946 -1.171840696 0.06419952896 -0.4204873479 0.1168264997 -0.1555612536 -0.01436376933 -0.3453282688 -0.4093883587 -0.4882788852 0.0008864667171 0.06541726467 -0.04437106814 -0.356586412 -0.4932939694 0
0.3223634257 0.8119693966 -0.2036404857 -0.03888693269 0.05848613111 -0.0614006445 -0.278294946 -1.11201523 0.06419952896 -0.4204873479 -0.8193565715 -0.1555612536 -0.01436376933 -0.3453282688 -0.06538189482 -0.4882788852 0.1812331955 0.2569615263 0.1625306953 -0.356586412 1.140017528 0
-0.7358069444 -0.9199884374 -0.2036404857 -0.222782084 -0.02696603559 -0.0614006445 -0.278294946 -0.7530624383 -0.514861247 0.5131169375 -0.3767973015 -1.082233771 0.2350948099 -1.885367385 -1.097401286 -0.4882788852 -0.7806160247 -0.7646078691 -0.8719781217 -0.6237890804 1.140017528 0
-0.7358069444 -0.7056953573 -0.2036404857 -0.1539239284 -0.4081467371 -0.0614006445 -0.278294946 -0.5735860424 -0.6306734022 0.824318366 -0.223603708 -0.8174701943 0.3776425695 -1.115347827 -0.06538189482 -0.4882788852 -0.6002692959 -0.5092155203 -0.6650763583 -0.6237890804 -0.4932939694 0
-0.7358069444 -0.9199884374 -0.2036404857 -0.2424865149 -0.6835984744 -0.0614006445 -0.278294946 -0.4539351117 -0.7464855574 0.824318366 -0.1895606872 -1.373473704 0.912196668 -1.445356209 -0.7533948225 -0.4882788852 -0.6002692959 -0.5092155203 -0.6650763583 -0.657189414 -0.4932939694 0
-0.7358069444 -0.6789342618 -0.2036404857 -0.302259906 -0.6835984744 -0.0614006445 -0.278294946 -0.3941096464 -0.7464855574 1.135519794 -0.3427542807 -1.214615559 0.912196668 -1.115347827 -1.097401286 -0.4882788852 -0.2996914146 -0.2538231714 -0.3892073404 -0.657189414 -0.4932939694 0
-0.7358069444 -0.9199884374 -0.2036404857 0.188856919 -0.6835984744 -0.0614006445 -0.278294946 -0.3941096464 -0.7464855574 0.6998377946 -0.2576467288 -1.294044632 0.9834705478 -1.170349224 -1.097401286 -0.4882788852 -0.2996914146 -0.2538231714 -0.3892073404 -0.6905897475 -0.4932939694 0
-0.7358069444 -0.6384006511 -0.2036404857 -0.4674762376 -0.6835984744 -0.0614006445 -0.278294946 -0.4539351117 -0.7464855574 0.3263960804 0.08278347897 -0.8439465519 0.4489164493 -1.06034643 -0.7533948225 -0.4882788852 -0.2996914146 -0.2538231714 -0.320240086 -0.657189414 1.140017528 0
-0.7358069444 -0.9199884374 -0.2036404857 -0.3625475541 -0.6835984744 -0.0614006445 -0.278294946 -0.3941096464 -0.7464855574 0.2641557947 0.1338480101 -1.029281055 0.4489164493 -1.445356209 -0.7533948225 -0.4882788852 -0.2996914146 -0.2538231714 -0.3892073404 -0.657189414 1.140017528 0
-0.7358069444 -0.9199884374 -0.2036404857 -0.2397052811 -0.6835984744 -0.0614006445 -0.278294946 -0.4539351117 -0.7464855574 0.5131169375 -0.03636709374 -1.055757413 0.4489164493 -1.500357606 -1.097401286 -0.4882788852 -0.2996914146 -0.2538231714 -0.3892073404 -0.657189414 1.140017528 0
-0.7358069444 -0.6361883784 -0.2036404857 -0.4582969036 -0.6835984744 -0.0614006445 -0.278294946 -0.3941096464 -0.7464855574 0.3263960804 0.09980498935 -0.8439465519 0.4489164493 -1.06034643 -0.7533948225 -0.4882788852 -0.2996914146 -0.2538231714 -0.320240086 -0.657189414 1.140017528 0
-0.7358069444 -0.9199884374 -0.2036404857 -0.1305359357 -0.6835984744 -0.0614006445 -0.278294946 -0.3941096464 -0.7464855574 0.2641557947 0.2189555621 -1.029281055 0.4489164493 -1.445356209 -0.7533948225 -0.4882788852 -0.2996914146 -0.2538231714 -0.3892073404 -0.657189414 1.140017528 0
-0.7358069444 -0.03481046639 -0.2036404857 0.4046162807 -0.6835984744 -0.0614006445 -0.278294946 -0.5137605771 -0.6306734022 -0.1715262051 -0.2916897495 -0.764517479 0.8765597281 -0.2353254748 -0.7533948225 -0.4882788852 -0.2996914146 -0.126126997 -0.3892073404 -0.5903887469 -0.4932939694 0
-0.7358069444 -0.1696446783 -0.2036404857 -0.07916692575 -0.6835984744 -0.0614006445 -0.278294946 -0.4539351117 -0.7464855574 -0.1092859194 -0.2576467288 -1.161662843 0.8765597281 -1.06034643 -0.7533948225 -0.4882788852 -0.2996914146 -0.1899750842 -0.320240086 -0.657189414 -0.4932939694 0
-0.7358069444 0.1818235192 -0.2036404857 0.6500082346 -0.6835984744 -0.0614006445 -0.278294946 -0.693236973 -0.6306734022 -0.2960067765 -0.2746682391 -0.6850884062 0.912196668 -0.01531988666 -0.7533948225 -0.4882788852 -0.5401537196 -0.126126997 -0.3892073404 -0.4901877462 -2.126605467 0
-0.7358069444 0.1424730931 -0.2036404857 -0.1663772443 -0.6835984744 -0.0614006445 -0.278294946 -0.7530624383 -0.514861247 -0.4204873479 -0.3257327703 -0.6321356909 0.8409227882 -0.01531988666 -0.7533948225 -0.4882788852 -0.5401537196 -0.126126997 -0.4581745949 -0.3899867455 -2.126605467 0
-0.7358069444 0.29134495 -0.2036404857 -0.3793218671 -0.6835984744 -0.0614006445 -0.278294946 -0.9923642996 -0.2832369366 -0.4204873479 -0.05338860412 0.3474895413 -0.4063701082 0.09468290738 -0.06538189482 -0.4882788852 -0.2996914146 -0.06227890976 -0.320240086 -0.4233870791 -0.4932939694 0
-0.7358069444 0.7246674391 -0.2036404857 0.07017542739 -0.6835984744 -0.0614006445 -0.278294946 -1.11201523 -0.1674247814 -0.4204873479 -0.03636709374 0.3474895413 -0.4063701082 0.09468290738 -0.06538189482 -0.4882788852 -0.2996914146 0.001569177458 -0.320240086 -0.3231860784 -0.4932939694 0
-0.5241728704 0.6199984281 -0.2036404857 0.494089554 -0.6835984744 -0.0614006445 -0.278294946 -0.693236973 -0.514861247 -0.4204873479 -0.2576467288 -0.5262302604 0.8409227882 0.2046857014 -0.4093883587 -0.4882788852 -0.2996914146 0.1292653519 -0.2512728315 -0.2897857449 -2.126605467 0
-0.5241728704 0.7463433015 -0.2036404857 0.6688375472 -0.6835984744 -0.0614006445 -0.278294946 -0.6334115077 -0.514861247 -0.4204873479 -0.3597757911 -0.5262302604 0.8409227882 0.2046857014 -1.097401286 -0.4882788852 -0.2996914146 0.1931134391 -0.1823055771 -0.1895847442 -2.126605467 0
-0.5241728704 1.580539043 -0.2036404857 0.957994474 -0.2818270911 -0.0614006445 -0.278294946 -0.8727133689 -0.05161262623 -0.4204873479 -0.2576467288 1.194732985 -0.9765611465 0.9747052597 1.654650424 -0.4882788852 -0.1193446858 0.3208096135 0.02459618633 -0.08938374354 -0.4932939694 0
-0.5241728704 0.3745465867 -0.2036404857 1.348254668 -0.6835984744 -0.0614006445 -0.278294946 -0.7530624383 -0.3990490918 -0.4204873479 -0.2065821976 -0.4468011875 0.8409227882 0.3696898925 -0.7533948225 -0.4882788852 -0.5401537196 0.2569615263 -0.1133383226 0.07761792424 -2.126605467 0
-0.5241728704 1.130275149 -0.2036404857 0.7272339088 0.1948692557 -0.0614006445 -0.278294946 -1.351317091 0.7590724601 -0.4204873479 2.465794933 1.194732985 -0.9765611465 0.9747052597 0.6226310329 -0.4882788852 -0.2996914146 0.001569177458 -0.1133383226 0.3782209262 -0.4932939694 0
-0.5241728704 0.8060582782 -0.2036404857 0.7514295201 0.4257293824 -0.0614006445 -0.278294946 -1.411142557 0.8748846153 -0.4204873479 2.840268162 0.7181585481 -0.3350962284 0.9747052597 0.278624569 -0.4882788852 -0.2996914146 -0.126126997 -0.2512728315 0.1778189249 -0.4932939694 0
-0.5241728704 -0.9199884374 -0.2036404857 0.990928013 1.757636954 -0.0614006445 -0.278294946 -1.590618953 1.222321081 -0.4204873479 1.853020559 0.2415841108 -0.5132809279 -0.2903268718 0.278624569 -0.4882788852 -0.9609627534 -0.9561521308 -1.078879885 -0.02258307643 -0.4932939694 0
-0.5241728704 -0.9199884374 -0.2036404857 0.786147885 1.117138701 -0.0614006445 -0.278294946 -1.470968022 0.8748846153 -0.4204873479 1.88706358 0.1092023227 -0.3350962284 -0.2903268718 -0.06538189482 -0.4882788852 -0.2996914146 -0.7007597819 -0.8719781217 0.07761792424 -0.4932939694 0
-0.5241728704 -0.9199884374 -0.2036404857 1.411968015 2.857066676 -0.0614006445 -0.278294946 -1.650444418 1.569757546 -0.4204873479 -0.7682920404 0.1886313956 -0.5132809279 -0.4003296658 -0.4093883587 -0.4882788852 -1.321656211 -1.339240654 -1.492683412 -0.1561844106 -0.4932939694 0
-0.5241728704 -0.9199884374 -0.2036404857 0.9484112257 3.319271717 -0.0614006445 -0.278294946 -1.650444418 1.569757546 -0.4204873479 -0.7682920404 0.1886313956 -0.5132809279 -0.4003296658 0.278624569 -0.4882788852 -1.321656211 -1.275392567 -1.423716157 -0.1561844106 -0.4932939694 0
-0.5241728704 0.1142277004 -0.2036404857 1.224984034 -0.6835984744 -0.0614006445 -0.278294946 -0.7530624383 -0.514861247 -0.4204873479 -0.1214746457 -0.4468011875 0.8409227882 0.3696898925 -1.097401286 -0.4882788852 -0.2996914146 0.1292653519 -0.1823055771 -0.2229850778 -2.126605467 0
-0.5241728704 -0.2749225145 -0.2036404857 1.040707002 -0.6835984744 -0.0614006445 -0.278294946 -0.693236973 -0.514861247 -0.4204873479 -0.1044531353 -1.108710128 0.8409227882 -1.005345033 -1.44140775 -0.4882788852 -0.4199225671 -0.1899750842 -0.320240086 -0.5903887469 -0.4932939694 0
-0.5241728704 -0.9199884374 -0.2036404857 -0.04252467862 0.7971899702 -0.0614006445 -0.278294946 -1.530793487 0.9906967705 -0.4204873479 2.874311182 0.1092023227 -0.3350962284 -0.2903268718 -0.7533948225 -0.4882788852 -0.2996914146 -0.6369116947 -0.8030108672 0.07761792424 -0.4932939694 0
-0.5241728704 -0.9199884374 -0.2036404857 0.1669100281 0.9918296804 -0.0614006445 -0.278294946 -1.530793487 0.9906967705 -0.4204873479 2.925375713 0.1092023227 -0.3350962284 -0.2903268718 -0.06538189482 -0.4882788852 -0.2996914146 -0.5092155203 -0.5961091038 -0.05598340998 -0.4932939694 0
0.1107293517 1.678838313 -0.2036404857 0.880240693 -0.6835984744 -0.0614006445 -0.278294946 -0.7530624383 -0.05161262623 -0.4204873479 -0.3257327703 0.2415841108 0.19945787 0.8097010687 0.278624569 -0.4882788852 1.624007026 1.023138573 0.8522032399 0.545222594 -0.4932939694 0
0.1107293517 2.696686318 -0.2036404857 0.4483931446 -0.6835984744 -0.0614006445 -0.278294946 -0.8128879036 -0.05161262623 -0.4204873479 -1.17680829 0.2415841108 0.19945787 0.8097010687 0.9666374967 0.9630825414 1.624007026 1.150834747 1.197039512 0.3448205927 1.140017528 0
0.1107293517 2.572633699 -0.2036404857 -0.186674134 -0.2346577733 -0.0614006445 -0.278294946 -0.9923642996 0.1800116841 -0.4204873479 -1.398087925 0.4004422566 0.02127317057 0.8647024657 0.9666374967 0.9630825414 1.624007026 1.214682835 1.47290853 0.4450215933 1.140017528 0
0.1107293517 1.502098187 -0.2036404857 0.3741262319 -0.6835984744 -0.0614006445 -0.278294946 -0.693236973 -0.2832369366 -0.4204873479 -0.6491414676 0.2151077532 0.2350948099 0.8097010687 0.9666374967 -0.4882788852 1.624007026 1.470075183 1.679810293 -0.05598340998 1.140017528 0
0.1107293517 0.9123727379 -0.2036404857 0.3916044657 1.200651135 -0.0614006445 -0.278294946 -1.650444418 1.106508926 -0.4204873479 -1.040636207 0.6387294752 -0.2994592885 0.8647024657 -0.06538189482 -0.4882788852 -0.6002692959 0.2569615263 0.09356344079 1.346830599 -0.4932939694 0
0.1107293517 1.135831421 -0.2036404857 -0.2141656557 1.298310439 -0.0614006445 -0.278294946 -1.710269883 1.338133236 -0.4204873479 -1.398087925 0.6387294752 -0.2994592885 0.8647024657 0.278624569 -0.4882788852 -0.2996914146 0.3208096135 -0.04437106814 1.113028264 -0.4932939694 0
0.1107293517 -0.6393382271 -0.2036404857 0.6931380454 0.7593896004 -0.0614006445 -0.278294946 -1.052189765 0.2958238393 0.3886363661 0.5423642594 0.5593004023 -0.2994592885 0.6996982746 -0.06538189482 -0.4882788852 0.6621578056 0.001569177458 0.09356344079 0.7456245953 -0.4932939694 0
0.1107293517 -0.9199884374 -0.2036404857 0.6500082346 0.3786010838 -0.0614006445 -0.278294946 -0.8128879036 -0.05161262623 0.5753572232 0.8147084256 0.2151077532 -0.2994592885 -0.01531988666 0.278624569 -0.4882788852 0.6621578056 0.1292653519 0.2314979497 0.3448205927 1.140017528 0
0.4281804627 0.558759176 -0.2036404857 0.4093893511 0.2667905886 -0.0614006445 -0.278294946 -0.5137605771 -0.2832369366 0.3263960804 -0.4108403222 0.1356786803 -0.08563764912 0.1496843044 -0.7533948225 -0.4882788852 0.6621578056 0.448505788 0.576334222 -0.1561844106 1.140017528 0
0.4281804627 0.7789981941 -0.2036404857 0.7140026323 0.04435912169 -0.0614006445 -0.278294946 -0.8128879036 -0.05161262623 -0.4204873479 -0.03636709374 0.1356786803 -0.08563764912 0.1496843044 -0.7533948225 -0.4882788852 0.4818110768 0.448505788 0.5073669676 -0.2229850778 1.140017528 0
0.5339974997 -0.3523883447 -0.2036404857 0.7192772992 1.140380548 -0.0614006445 -0.278294946 -1.052189765 0.1800116841 -0.4204873479 0.3210846244 0.1886313956 -0.1569115289 0.1496843044 -0.7533948225 -0.4882788852 0.4818110768 0.1931134391 0.3004652042 0.07761792424 1.140017528 0
0.5339974997 -0.3413480703 -0.2036404857 -1.635871141 3.035315262 -0.0614006445 -0.278294946 -1.470968022 0.6432603049 -0.4204873479 -1.398087925 0.003296892157 -0.1569115289 -0.2353254748 -1.097401286 -0.4882788852 -0.6002692959 -0.3176712586 -0.4581745949 0.07761792424 -0.4932939694 0
0.2165463887 -0.2945988907 -0.2036404857 1.824041919 0.9241495413 -0.0614006445 -0.278294946 -1.11201523 0.4116359945 0.201915509 1.172160144 0.2151077532 -0.2994592885 -0.01531988666 0.278624569 -0.4882788852 0.6621578056 0.001569177458 0.02459618633 0.6454235947 1.140017528 0
0.2165463887 -0.9199884374 -0.2036404857 0.1515541188 0.4238395427 -0.0614006445 -0.278294946 -0.8128879036 -0.05161262623 0.6375975089 1.087052592 0.2151077532 -0.2994592885 -0.01531988666 -0.06538189482 -0.4882788852 0.6621578056 0.1292653519 0.1625306953 0.3114202591 1.140017528 0
0.2165463887 -0.2130010051 -0.2036404857 0.6457474977 0.8310010468 -0.0614006445 -0.278294946 -1.171840696 0.5274481497 0.2641557947 0.2700200932 0.58577676 -0.2994592885 0.7546996716 0.278624569 -0.4882788852 0.6621578056 0.1292653519 0.09356344079 0.7456245953 -0.4932939694 0
0.2165463887 -0.2056781367 -0.2036404857 0.3400584876 2.070918997 -0.0614006445 -0.278294946 -1.829920814 1.801381857 -0.4204873479 -1.398087925 0.6387294752 -0.2994592885 0.8647024657 -0.4093883587 -0.4882788852 -0.6002692959 -0.2538231714 -0.5271418494 0.845825596 -0.4932939694 0
0.9572656477 -0.4517183464 -0.2036404857 0.3071263475 0.2192711452 -0.0614006445 -0.278294946 -0.5137605771 -0.1674247814 0.1396752233 0.2700200932 0.1356786803 0.05691011046 0.3696898925 0.6226310329 -0.4882788852 0.5419266531 0.6400500496 0.6453014765 -0.356586412 1.140017528 0
0.9572656477 -0.559266842 -0.2036404857 0.8587047811 0.7074132062 -0.0614006445 -0.278294946 -0.9923642996 0.2958238393 -0.2960067765 0.5934287906 0.3210131837 -0.1925484688 0.3696898925 1.654650424 -0.4882788852 0.4818110768 0.5123538752 0.5073669676 -0.1895847442 1.140017528 0
0.9572656477 -0.4700492235 -0.2036404857 0.8533782828 1.051453452 -0.0614006445 -0.278294946 -1.171840696 0.4116359945 -0.3582470622 0.746622384 0.3210131837 -0.1925484688 0.3696898925 1.654650424 -0.4882788852 0.5419266531 0.5123538752 0.576334222 -0.1227840771 1.140017528 0
-1.053258055 -0.4360346712 -0.2036404857 -0.6318341685 -0.6835984744 -0.0614006445 -0.278294946 -1.411142557 0.4116359945 -0.4204873479 1.376418268 -0.7909938367 0.6271011488 -0.6753366509 -1.097401286 -0.4882788852 -0.6603848721 -0.3815193458 -0.6650763583 -0.5235880797 -0.4932939694 0
-1.053258055 -0.6035105256 -0.2036404857 -0.3227063793 -0.6835984744 -0.0614006445 -0.278294946 -1.411142557 0.2958238393 -0.4204873479 1.342375248 -0.6850884062 0.4845533892 -0.6753366509 -0.7533948225 -0.4882788852 -0.6603848721 -0.4453674331 -0.7340436128 -0.5569884133 -0.4932939694 0
-1.053258055 -0.9199884374 -0.2036404857 -0.389027839 -0.6835984744 -0.0614006445 -0.278294946 -1.291491626 0.1800116841 -0.3582470622 1.478547331 -0.8704229096 0.7340119685 -0.6753366509 -0.7533948225 -0.4882788852 -0.6603848721 -0.3815193458 -0.6650763583 -0.5569884133 -0.4932939694 0
-1.053258055 0.67036278 -0.2036404857 -0.5360612466 -0.6835984744 -0.0614006445 -0.278294946 -1.470968022 0.6432603049 -0.4204873479 0.2870416036 -0.8174701943 0.6271011488 -0.7303380479 -1.44140775 -0.4882788852 -0.2996914146 -0.2538231714 -0.4581745949 -0.5569884133 -0.4932939694 0
-1.053258055 0.2139390996 -0.2036404857 -0.5903119705 -0.6835984744 -0.0614006445 -0.278294946 -1.470968022 0.6432603049 -0.4204873479 0.3381061348 -0.8439465519 0.4845533892 -1.005345033 -1.44140775 -0.4882788852 -0.2996914146 -0.3176712586 -0.4581745949 -0.5569884133 -0.4932939694 0
-1.053258055 -0.6830007744 -0.2036404857 -0.9803143715 -0.6835984744 -0.0614006445 -0.278294946 -1.052189765 -0.1674247814 -0.4204873479 0.1849125413 -1.241091916 0.8052858483 -1.335353415 -1.097401286 -0.4882788852 -0.6603848721 -0.5092155203 -0.7340436128 -0.657189414 -0.4932939694 0
-1.053258055 -0.9199884374 -0.2036404857 -1.635871141 -0.6835984744 -0.0614006445 -0.278294946 -0.9325388343 -0.1674247814 -0.4204873479 0.3381061348 -1.241091916 0.6983750286 -1.500357606 -1.44140775 0.9630825414 -0.5401537196 -0.4453674331 -0.6650763583 -0.657189414 -0.4932939694 0
-1.053258055 -0.4369591234 -0.2036404857 1.0364463 -0.6835984744 -0.0614006445 -0.278294946 -1.11201523 -0.05161262623 -0.3582470622 -0.002324072964 -1.002804698 0.8409227882 -0.785339445 -0.7533948225 -0.4882788852 -0.8407316009 -0.4453674331 -0.7340436128 -0.4901877462 -2.126605467 0
-1.053258055 -0.9199884374 -0.2036404857 -0.2083627772 -0.6835984744 -0.0614006445 -0.278294946 -1.291491626 0.06419952896 -0.3582470622 0.1678910309 -1.214615559 0.8052858483 -1.280352018 -1.097401286 -0.4882788852 -0.8407316009 -0.5730636075 -0.8719781217 -0.6237890804 -0.4932939694 0
-1.053258055 3.03545491 -0.2036404857 -1.245100712 -0.6835984744 -0.0614006445 -0.278294946 -1.351317091 0.8748846153 -0.4204873479 -1.074679227 -0.5791829757 0.3420056296 -0.6753366509 -1.097401286 -0.4882788852 -0.2996914146 0.001569177458 -0.1823055771 -0.5235880797 -0.4932939694 0
-1.053258055 3.547605949 -0.2036404857 -1.017956734 -0.6835984744 -0.0614006445 -0.278294946 -1.351317091 1.222321081 -0.4204873479 -1.023614696 -0.5791829757 0.3420056296 -0.6753366509 -1.097401286 -0.4882788852 0.0008864667171 -0.06227890976 -0.1823055771 -0.4901877462 -0.4932939694 0
-0.9474410184 2.006135115 -0.2036404857 -0.96134936 -0.6835984744 -0.0614006445 -0.278294946 -1.351317091 0.8748846153 -0.4204873479 -0.2576467288 -0.5791829757 0.3420056296 -0.6753366509 -0.7533948225 -0.4882788852 -0.2996914146 -0.06227890976 -0.2512728315 -0.5569884133 -0.4932939694 0
-0.9474410184 3.46496838 -0.2036404857 -0.961999176 -0.6835984744 -0.0614006445 -0.278294946 -1.231666161 0.8748846153 -0.4204873479 -1.108722248 -0.5791829757 0.3420056296 -0.6753366509 -1.097401286 -0.4882788852 0.0008864667171 0.001569177458 -0.1133383226 -0.5235880797 -0.4932939694 0
-1.053258055 -0.637140747 -0.2036404857 -0.4622485058 -0.6835984744 -0.0614006445 -0.278294946 -1.411142557 0.4116359945 -0.2960067765 1.138117123 -0.5262302604 0.3420056296 -0.5653338569 -0.4093883587 -0.4882788852 -0.6002692959 -0.5092155203 -0.6650763583 -0.5569884133 -0.4932939694 0
-1.053258055 -0.9199884374 -0.2036404857 -0.7560232186 -0.6835984744 -0.0614006445 -0.278294946 -1.351317091 0.4116359945 -0.2960067765 1.274289206 -1.002804698 0.4845533892 -1.335353415 -0.7533948225 -0.4882788852 -0.6002692959 -0.5092155203 -0.6650763583 -0.6237890804 -0.4932939694 0
-1.053258055 -0.148271724 -0.2036404857 -0.2127193778 -0.6835984744 -0.0614006445 -0.278294946 -1.351317091 0.4116359945 -0.4204873479 1.104074102 -0.6321356909 0.4489164493 -0.6203352539 -0.06538189482 -0.4882788852 -0.6002692959 -0.3815193458 -0.5961091038 -0.5569884133 -0.4932939694 0
-1.053258055 -0.9199884374 -0.2036404857 -0.2141656557 -0.6835984744 -0.0614006445 -0.278294946 -1.351317091 0.4116359945 -0.4204873479 1.274289206 -1.055757413 0.555827269 -1.335353415 -0.7533948225 0.9630825414 -0.6002692959 -0.5092155203 -0.6650763583 -0.6237890804 -0.4932939694 0
-1.053258055 0.1758548739 -0.2036404857 -0.499122875 -0.6835984744 -0.0614006445 -0.278294946 -1.411142557 0.2958238393 -0.4204873479 1.138117123 -0.4997539028 0.4845533892 -0.2903268718 -1.097401286 0.9630825414 -0.6002692959 -0.3815193458 -0.5961091038 -0.4901877462 -0.4932939694 0
-1.053258055 -0.3135955383 -0.2036404857 -1.635871141 -0.6835984744 -0.0614006445 -0.278294946 -1.291491626 0.1800116841 -0.4204873479 1.359396758 -1.082233771 0.6627380887 -1.225350621 -0.7533948225 0.9630825414 -0.6002692959 -0.3815193458 -0.5961091038 -0.5903887469 -0.4932939694 0
-1.053258055 0.843020437 -0.2036404857 -0.5908326627 -0.6835984744 -0.0614006445 -0.278294946 -1.530793487 0.9906967705 -0.4204873479 0.6615148321 -0.552706618 0.4845533892 -0.4003296658 -0.7533948225 0.9630825414 -0.6603848721 -0.3815193458 -0.5961091038 -0.4233870791 -0.4932939694 0
-1.053258055 -0.9199884374 -0.2036404857 -0.6616662872 -0.6835984744 -0.0614006445 -0.278294946 -1.411142557 0.8748846153 -0.4204873479 1.563654883 -0.9233756248 0.4845533892 -1.170349224 -0.06538189482 2.414443968 -0.4199225671 -0.4453674331 -0.5961091038 -0.5569884133 -0.4932939694 0
-1.053258055 -0.2123414804 -0.2036404857 -0.9833720045 -0.3803959994 -0.0614006445 -0.278294946 -1.530793487 0.6432603049 -0.4204873479 1.614719414 -0.7380411214 0.4132795094 -0.895342239 -0.4093883587 -0.4882788852 -0.6603848721 -0.5730636075 -0.7340436128 -0.4901877462 -0.4932939694 0
-1.053258055 -0.9199884374 -0.2036404857 -0.6308724547 -0.6835984744 -0.0614006445 -0.278294946 -1.411142557 0.8748846153 -0.4204873479 1.512590351 -1.055757413 0.4845533892 -1.445356209 -0.4093883587 2.414443968 -0.4199225671 -0.4453674331 -0.5961091038 -0.5903887469 1.140017528 0
-1.053258055 -0.5242672508 -0.2036404857 -1.635871141 -0.1749395466 -0.0614006445 -0.278294946 -1.650444418 0.6432603049 -0.4204873479 1.801956028 -0.7380411214 0.4132795094 -0.895342239 -0.7533948225 -0.4882788852 -1.02107833 -0.6369116947 -0.9409453761 -0.4233870791 -0.4932939694 0
-1.053258055 -0.3942798196 -0.2036404857 -1.635871141 -0.6835984744 -0.0614006445 -0.278294946 -1.590618953 0.5274481497 -0.4204873479 1.90408509 -0.8968992672 0.6271011488 -0.895342239 -0.4093883587 -0.4882788852 -1.02107833 -0.5092155203 -0.8030108672 -0.3899867455 -0.4932939694 0
-1.053258055 -0.1568118379 -0.2036404857 -0.2284685342 -0.6835984744 -0.0614006445 -0.278294946 -1.411142557 0.6432603049 -0.4204873479 0.746622384 -0.6586120485 0.5914642089 -0.4553310628 -0.4093883587 -0.4882788852 -0.6002692959 -0.5092155203 -0.7340436128 -0.5235880797 -0.4932939694 0
-1.053258055 0.2746533263 -0.2036404857 -1.635871141 -0.6835984744 -0.0614006445 -0.278294946 -1.470968022 0.7590724601 -0.4204873479 0.2700200932 -0.4997539028 0.3776425695 -0.4553310628 -0.06538189482 0.9630825414 -0.5401537196 -0.4453674331 -0.6650763583 -0.4567874126 -0.4932939694 0
-1.053258055 -0.9199884374 -0.2036404857 -1.635871141 -0.3522701736 -0.0614006445 -0.278294946 -1.470968022 0.4116359945 -0.4204873479 0.9508805087 -0.9233756248 0.4489164493 -1.225350621 -1.097401286 -0.4882788852 -0.9609627534 -0.8923040436 -1.078879885 -0.5903887469 -0.4932939694 0
-1.053258055 -0.9199884374 -0.2036404857 -1.635871141 -0.6835984744 -0.0614006445 -0.278294946 -1.530793487 0.5274481497 -0.4204873479 1.172160144 -0.9233756248 0.4489164493 -1.225350621 -1.097401286 -0.4882788852 -0.9609627534 -0.8284559564 -1.009912631 -0.5903887469 -0.4932939694 0
-1.053258055 -0.9199884374 -0.2036404857 -1.635871141 -0.6835984744 -0.0614006445 -0.278294946 -1.530793487 0.5274481497 -0.4204873479 1.172160144 -0.9233756248 0.4489164493 -1.225350621 -1.097401286 -0.4882788852 -0.9609627534 -0.8284559564 -1.009912631 -0.5903887469 -0.4932939694 0
-1.053258055 -0.9199884374 -0.2036404857 -1.635871141 -0.6835984744 -0.0614006445 -0.278294946 -1.530793487 0.5274481497 -0.4204873479 1.172160144 -0.9233756248 0.4489164493 -1.225350621 -1.097401286 -0.4882788852 -0.9609627534 -0.8284559564 -1.009912631 -0.5903887469 -0.4932939694 0
-1.053258055 -0.9199884374 -0.2036404857 -1.635871141 -0.6835984744 -0.0614006445 -0.278294946 -1.530793487 0.5274481497 -0.4204873479 1.172160144 -0.9233756248 0.4489164493 -1.225350621 -1.097401286 -0.4882788852 -0.9609627534 -0.8284559564 -1.009912631 -0.5903887469 -0.4932939694 0
-1.053258055 -0.9199884374 -0.2036404857 -1.294994381 -0.3668021092 -0.0614006445 -0.278294946 -1.171840696 -0.05161262623 -0.2337664908 0.1849125413 -1.135186486 0.5201903291 -1.555359003 -1.097401286 -0.4882788852 -0.6002692959 -0.7007597819 -0.8719781217 -0.5235880797 -0.4932939694 0
-1.053258055 -0.9199884374 -0.2036404857 -1.148089363 -0.6835984744 -0.0614006445 -0.278294946 -1.11201523 -0.1674247814 -0.1715262051 0.2700200932 -1.161662843 0.555827269 -1.555359003 -1.097401286 -0.4882788852 -0.6002692959 -0.7007597819 -0.8030108672 -0.5903887469 -0.4932939694 0
-1.053258055 -0.7312825738 -0.2036404857 0.4521261596 -0.4410364749 -0.0614006445 -0.278294946 -1.411142557 0.2958238393 -0.4204873479 1.035988061 -0.9763283401 0.5201903291 -1.225350621 -1.097401286 -0.4882788852 -0.6603848721 -0.6369116947 -0.8030108672 -0.5903887469 -0.4932939694 0
-1.053258055 -0.6167919752 -0.2036404857 0.460888709 -0.6835984744 -0.0614006445 -0.278294946 -1.351317091 0.2958238393 -0.4204873479 0.9679020191 -0.9763283401 0.5201903291 -1.225350621 -1.44140775 -0.4882788852 -0.6603848721 -0.5730636075 -0.7340436128 -0.5903887469 -0.4932939694 0
-1.053258055 -0.9199884374 -0.2036404857 -1.28507923 -0.3575873895 -0.0614006445 -0.278294946 -1.291491626 0.06419952896 -0.2337664908 0.2189555621 -1.082233771 0.4489164493 -1.555359003 -1.44140775 -0.4882788852 -0.6603848721 -0.8284559564 -1.009912631 -0.5235880797 -0.4932939694 0
-1.053258055 -0.9199884374 -0.2036404857 -1.120790792 -0.6835984744 -0.0614006445 -0.278294946 -1.171840696 -0.1674247814 -0.1715262051 0.2189555621 -1.161662843 0.555827269 -1.555359003 -1.097401286 -0.4882788852 -0.6603848721 -0.7007597819 -0.8719781217 -0.5903887469 -0.4932939694 0
-1.053258055 -0.6777797775 -0.2036404857 0.03912666973 -0.3722641273 -0.0614006445 -0.278294946 -1.411142557 0.2958238393 -0.4204873479 0.9849235294 -0.9763283401 0.5201903291 -1.225350621 -1.097401286 -0.4882788852 -0.6603848721 -0.6369116947 -0.8030108672 -0.5903887469 -0.4932939694 0
-1.053258055 -0.3942798196 -0.2036404857 -0.9087618924 -0.6835984744 -0.0614006445 -0.278294946 -1.470968022 0.4116359945 -0.4204873479 1.155138633 -0.9763283401 0.5201903291 -1.225350621 -1.44140775 -0.4882788852 -0.6603848721 -0.6369116947 -0.8030108672 -0.5569884133 -0.4932939694 0
-1.053258055 0.01539693169 -0.2036404857 0.08910812301 -0.6835984744 -0.0614006445 -0.278294946 -1.171840696 -0.05161262623 -0.4204873479 -0.03636709374 -0.7909938367 0.4845533892 -0.895342239 -0.06538189482 -0.4882788852 -0.6002692959 -0.5092155203 -0.6650763583 -0.5903887469 -0.4932939694 0
-1.053258055 0.09553704574 -0.2036404857 -0.9335829079 -0.6835984744 -0.0614006445 -0.278294946 -1.171840696 0.06419952896 -0.4204873479 0.01469743742 -0.7909938367 0.4845533892 -0.895342239 0.278624569 -0.4882788852 -0.6002692959 -0.5092155203 -0.7340436128 -0.5569884133 -0.4932939694 0
-1.053258055 -0.4855110341 -0.2036404857 -0.43401704 -0.6835984744 -0.0614006445 -0.278294946 -1.052189765 -0.1674247814 -0.4204873479 -0.01934558335 -0.9233756248 0.4845533892 -1.170349224 -0.4093883587 -0.4882788852 -0.6002692959 -0.5730636075 -0.7340436128 -0.6237890804 -0.4932939694 0
-1.053258055 -0.9199884374 -0.2036404857 -1.635871141 -0.6835984744 -0.0614006445 -0.278294946 -0.9325388343 -0.2832369366 -0.4204873479 0.0487404582 -1.267568274 0.5914642089 -1.720363194 -1.097401286 -0.4882788852 -0.6002692959 -0.5730636075 -0.7340436128 -0.657189414 1.140017528 0
-1.053258055 0.6143916843 -0.2036404857 -0.3625475541 -0.2891408875 -0.0614006445 -0.278294946 -1.351317091 0.4116359945 -0.4204873479 0.5593857698 -0.5791829757 0.19945787 -0.895342239 -1.097401286 -0.4882788852 -0.2996914146 -0.3176712586 -0.4581745949 -0.4567874126 -0.4932939694 0
-1.053258055 0.6880614419 -0.2036404857 0.03220301585 -0.6835984744 -0.0614006445 -0.278294946 -1.351317091 0.2958238393 -0.4204873479 0.8998159775 -0.764517479 0.4489164493 -0.895342239 -1.097401286 -0.4882788852 -0.2996914146 -0.2538231714 -0.3892073404 -0.5569884133 -0.4932939694 0
-1.053258055 0.2870084272 -0.2036404857 -0.3838202521 0.8678719846 -0.0614006445 -0.278294946 -1.470968022 1.338133236 -0.4204873479 1.614719414 0.6387294752 -1.083471966 -0.3453282688 0.6226310329 -0.4882788852 -0.2996914146 -0.7646078691 -0.7340436128 0.3448205927 -0.4932939694 0
-1.053258055 -0.1395382941 -0.2036404857 1.062736466 1.824372677 -0.0614006445 -0.278294946 -1.590618953 1.801381857 -0.4204873479 1.359396758 0.6387294752 -1.083471966 -0.3453282688 0.9666374967 -0.4882788852 -0.5401537196 -0.8284559564 -0.8719781217 0.244619592 -0.4932939694 0
-1.053258055 -0.3373482384 -0.2036404857 1.587534818 2.312097948 -0.0614006445 -0.278294946 -1.710269883 2.380442633 -0.4204873479 2.533880975 0.6387294752 -1.083471966 -0.3453282688 0.278624569 -0.4882788852 -1.742465245 -1.147696392 -1.492683412 0.4450215933 -0.4932939694 0
-1.053258055 -0.9199884374 -0.2036404857 2.084762328 2.77420005 -0.0614006445 -0.278294946 -1.889746279 2.727879098 -0.4204873479 2.618988527 0.6387294752 -1.083471966 -0.3453282688 0.6226310329 0.9630825414 -0.5401537196 -1.275392567 -1.492683412 0.6788239282 -0.4932939694 0
-1.053258055 -0.3426691679 -0.2036404857 0.7596052066 1.542655375 -0.0614006445 -0.278294946 -1.710269883 2.264630478 -0.4204873479 1.972171132 0.58577676 -1.012198086 -0.3453282688 0.6226310329 -0.4882788852 -0.6603848721 -0.8284559564 -0.8719781217 0.1444185913 -0.4932939694 0
-1.053258055 -0.2492567579 -0.2036404857 2.074893272 1.902871509 -0.0614006445 -0.278294946 -1.650444418 2.264630478 -0.4204873479 1.733869986 0.58577676 -1.012198086 -0.3453282688 1.654650424 -0.4882788852 -0.6603848721 -0.7007597819 -0.7340436128 0.1778189249 -0.4932939694 0
-1.053258055 -0.9199884374 -0.2036404857 0.292839592 -0.08611122899 -0.0614006445 -0.278294946 -1.052189765 -0.3990490918 -0.4204873479 0.4232136867 -1.029281055 0.3776425695 -1.555359003 -1.097401286 -0.4882788852 -0.6603848721 -0.7007597819 -0.8719781217 -0.5903887469 -0.4932939694 0
-1.053258055 -0.9199884374 -0.2036404857 0.458377649 0.6139387035 -0.0614006445 -0.278294946 -0.8727133689 -0.3990490918 -0.4204873479 -0.1044531353 -0.9233756248 0.09254705036 -1.775364591 -0.7533948225 -0.4882788852 -0.6002692959 -0.7007597819 -0.8030108672 -0.5569884133 1.140017528 0
-1.053258055 -0.9199884374 -0.2036404857 -0.101925772 -0.2084039429 -0.0614006445 -0.278294946 -1.052189765 -0.2832369366 -0.4204873479 0.3210846244 -0.8174701943 0.09254705036 -1.555359003 -0.7533948225 -0.4882788852 -0.6603848721 -0.7007597819 -0.8719781217 -0.5903887469 1.140017528 0
-1.053258055 -0.9199884374 -0.2036404857 -0.2776593313 -0.6835984744 -0.0614006445 -0.278294946 -1.171840696 -0.2832369366 -0.4204873479 0.4742782179 -1.135186486 0.5201903291 -1.555359003 -1.44140775 -0.4882788852 -0.6603848721 -0.7007597819 -0.8719781217 -0.6237890804 -0.4932939694 0
-1.053258055 -0.9199884374 -0.2036404857 0.1075961947 0.2885841528 -0.0614006445 -0.278294946 -1.052189765 -0.2832369366 -0.4204873479 0.3551276452 -0.8968992672 0.05691011046 -1.775364591 -0.4093883587 2.414443968 -0.9609627534 -0.8284559564 -0.9409453761 -0.5569884133 1.140017528 0
-1.053258055 -0.9199884374 -0.2036404857 0.09551272843 0.9254760663 -0.0614006445 -0.278294946 -1.11201523 -0.1674247814 -0.4204873479 0.2700200932 -0.7115647638 -0.1925484688 -1.775364591 -0.4093883587 2.414443968 -0.6002692959 -0.8923040436 -0.9409453761 -0.356586412 1.140017528 0
-1.053258055 0.1195422576 -0.2036404857 0.1613515825 0.6526114296 -0.0614006445 -0.278294946 -1.351317091 0.2958238393 -0.4204873479 -0.1384961561 -0.129084896 -0.5845548077 -1.170349224 -0.4093883587 -0.4882788852 -0.1794602621 -0.7007597819 -0.6650763583 0.1778189249 1.140017528 0
-1.053258055 0.1575648599 -0.2036404857 0.3512853718 1.163180284 -0.0614006445 -0.278294946 -1.411142557 0.2958238393 -0.4204873479 -0.2576467288 -0.129084896 -0.5845548077 -1.170349224 -0.06538189482 -0.4882788852 -0.1794602621 -0.7646078691 -0.7340436128 0.3782209262 1.140017528 0
-1.053258055 -0.9199884374 -0.2036404857 0.1632005855 0.3195899991 -0.0614006445 -0.278294946 -1.231666161 0.06419952896 -0.4204873479 0.4061921763 -0.02317946547 -0.477643988 -0.785339445 -1.097401286 2.414443968 -0.7205004484 -0.8923040436 -0.9409453761 -0.2897857449 -0.4932939694 0
-1.053258055 -0.9199884374 -0.2036404857 0.6957258382 1.483288606 -0.0614006445 -0.278294946 -1.411142557 0.5274481497 -0.4204873479 -0.444883343 -0.02317946547 -0.477643988 -0.785339445 -0.4093883587 2.414443968 -0.5401537196 -1.147696392 -1.354748903 0.3114202591 -0.4932939694 0
-1.053258055 -0.9199884374 -0.2036404857 0.7661861857 1.995245417 -0.0614006445 -0.278294946 -1.411142557 0.2958238393 -0.4204873479 -0.03636709374 -0.4997539028 -0.3350962284 -1.555359003 -0.7533948225 0.9630825414 -0.6002692959 -1.147696392 -1.285781648 0.04421759068 1.140017528 0
-1.053258055 -0.9199884374 -0.2036404857 0.4093893511 2.167568715 -0.0614006445 -0.278294946 -1.590618953 0.5274481497 -0.4204873479 0.09980498935 -0.7909938367 0.02127317057 -1.6103604 -0.06538189482 -0.4882788852 -0.6002692959 -1.020000218 -1.078879885 -0.05598340998 1.140017528 0
-1.053258055 -0.9199884374 -0.2036404857 -1.635871141 1.152746495 -0.0614006445 -0.278294946 -1.411142557 0.5274481497 -0.4204873479 0.2189555621 -0.4468011875 -0.2994592885 -1.390354812 -0.06538189482 -0.4882788852 -0.1794602621 -0.8923040436 -0.8719781217 0.5786229276 1.140017528 0
-1.053258055 0.8452181446 -0.2036404857 -1.635871141 -0.1163505498 -0.0614006445 -0.278294946 -1.11201523 -0.05161262623 -0.4204873479 -0.444883343 -0.340895757 -0.1925484688 -1.005345033 0.278624569 -0.4882788852 0.2413487718 -0.2538231714 -0.1823055771 0.244619592 1.140017528 0
-1.053258055 1.213900538 -0.2036404857 -1.635871141 0.002125268412 -0.0614006445 -0.278294946 -1.231666161 0.1800116841 -0.4204873479 0.03171894781 0.1092023227 -0.4063701082 -0.4003296658 -0.4093883587 -0.4882788852 0.0008864667171 -0.3815193458 -0.3892073404 0.01081725713 1.140017528 0
-1.053258055 1.337742293 -0.2036404857 -1.635871141 -0.6835984744 -0.0614006445 -0.278294946 -1.171840696 0.06419952896 -0.4204873479 0.4572567075 -0.0496558231 -0.1925484688 -0.4003296658 0.6226310329 2.414443968 0.0008864667171 -0.2538231714 -0.2512728315 -0.2229850778 1.140017528 0
-1.053258055 -0.05177953449 -0.2036404857 -1.635871141 2.385383217 -0.0614006445 -0.278294946 -1.590618953 1.106508926 -0.4204873479 -0.5640339157 0.003296892157 -0.7627395072 -1.170349224 -1.097401286 0.9630825414 -0.2996914146 -1.020000218 -1.14784714 0.6454235947 1.140017528 0
-1.053258055 -0.6549299096 -0.2036404857 -0.5360612466 3.064162173 -0.0614006445 -0.278294946 -1.710269883 1.453945391 -0.4204873479 -0.4619048534 0.58577676 -1.226019726 -0.6753366509 -1.097401286 2.414443968 -1.441887364 -1.275392567 -1.423716157 0.01081725713 -0.4932939694 0
-1.053258055 -0.9199884374 -0.2036404857 -0.5360612466 3.915925967 -0.0614006445 -0.278294946 -1.889746279 1.801381857 -0.4204873479 -1.330001883 0.58577676 -1.226019726 -0.6753366509 -0.4093883587 2.414443968 -1.622234092 -1.466936829 -1.699585175 -0.02258307643 -0.4932939694 0
-1.053258055 -0.9199884374 -0.2036404857 -0.7765602044 4.108043681 -0.0614006445 -0.278294946 -1.889746279 1.801381857 -0.4204873479 -1.278937352 0.2415841108 -0.7627395072 -0.6753366509 -0.4093883587 -0.4882788852 -1.562118516 -1.466936829 -1.630617921 -0.1561844106 -0.4932939694 0
-1.053258055 0.7866426825 -0.2036404857 -1.635871141 0.4132510057 -0.0614006445 -0.278294946 -1.291491626 0.2958238393 -0.4204873479 0.2529985828 0.1092023227 -0.4063701082 -0.4003296658 0.6226310329 -0.4882788852 -0.2996914146 -0.5092155203 -0.4581745949 -0.08938374354 -0.4932939694 0
-1.053258055 1.697670395 -0.2036404857 -1.635871141 -0.01065217123 -0.0614006445 -0.278294946 -1.171840696 0.1800116841 -0.4204873479 0.1508695205 -0.0496558231 -0.1925484688 -0.4003296658 0.6226310329 2.414443968 0.0008864667171 -0.2538231714 -0.2512728315 -0.1895847442 1.140017528 0
-0.5241728704 1.241258069 -0.2036404857 0.9263233198 0.1101330393 -0.0614006445 1.745966697 -1.351317091 0.2958238393 -0.4204873479 -1.398087925 1.459496562 -1.368567485 0.9197038627 1.310643961 -0.4882788852 0.2413487718 0.1931134391 0.3694324586 1.413631266 1.140017528 0
-0.5241728704 1.503645827 -0.2036404857 1.157575689 -0.1643763297 -0.0614006445 -0.278294946 -1.351317091 0.1800116841 -0.4204873479 -1.398087925 0.4269186142 0.02127317057 0.9197038627 -0.06538189482 0.9630825414 0.2413487718 0.7038981368 0.6453014765 0.1444185913 -0.4932939694 0
-0.5241728704 1.858757088 -0.2036404857 1.887146265 -0.3859491568 -0.0614006445 -0.278294946 -1.231666161 0.06419952896 -0.4204873479 -1.108722248 -0.1820376112 0.6627380887 0.6446968776 -0.4093883587 -0.4882788852 1.143082416 0.9592904857 1.059105003 -0.05598340998 -0.4932939694 0
-0.5241728704 1.612287538 -0.2036404857 1.366185045 -0.2186012376 -0.0614006445 -0.278294946 -1.231666161 0.06419952896 -0.4204873479 -1.398087925 -0.0496558231 0.6627380887 0.9197038627 -0.06538189482 -0.4882788852 1.022851263 1.08698666 1.197039512 -0.1561844106 -0.4932939694 0
-0.1009047223 0.6587785406 -0.2036404857 1.639525211 -0.6835984744 -0.0614006445 -0.278294946 -1.052189765 -0.05161262623 -0.4204873479 1.87004207 -0.1026085384 0.6983750286 0.8647024657 -0.7533948225 -0.4882788852 1.143082416 1.406227096 1.334974021 -0.2229850778 -0.4932939694 0
-0.1009047223 1.940484897 -0.2036404857 2.320458557 -0.6835984744 -0.0614006445 -0.278294946 -1.291491626 0.2958238393 -0.4204873479 -0.223603708 0.2680604684 0.6983750286 1.634722024 0.6226310329 -0.4882788852 1.443660297 1.597771358 1.679810293 0.07761792424 -0.4932939694 0
-0.1009047223 1.775809456 -0.2036404857 3.584122058 -0.6835984744 -0.0614006445 -0.278294946 -1.11201523 0.06419952896 -0.4204873479 -0.8874426131 -0.340895757 0.6627380887 0.3146884955 -0.7533948225 0.9630825414 1.143082416 1.150834747 1.197039512 -0.3231860784 1.140017528 0
-0.6299899074 1.303007983 -0.2036404857 0.2857747133 -0.6835984744 -0.0614006445 -0.278294946 -1.231666161 0.06419952896 -0.4204873479 0.2019340517 -1.082233771 1.126018307 -0.5103324599 -1.097401286 0.9630825414 0.0008864667171 0.2569615263 0.09356344079 -0.5903887469 -0.4932939694 0
-0.6299899074 1.385779116 -0.2036404857 1.021724189 -0.6835984744 -0.0614006445 -0.278294946 -1.291491626 0.06419952896 -0.4204873479 0.3551276452 -1.082233771 1.126018307 -0.5103324599 -0.7533948225 -0.4882788852 0.0008864667171 0.2569615263 0.1625306953 -0.5903887469 -0.4932939694 0
-0.6299899074 -0.9199884374 -0.2036404857 -0.4043938557 -0.6835984744 -0.0614006445 -0.278294946 -0.5735860424 -0.514861247 -0.1092859194 -0.07041011451 -1.399950062 1.090381367 -1.225350621 -1.097401286 -0.4882788852 0.0008864667171 0.001569177458 -0.1133383226 -0.6237890804 -0.4932939694 0
-0.6299899074 -0.9199884374 -0.2036404857 -0.5663312392 -0.6835984744 -0.0614006445 -0.278294946 -0.5137605771 -0.6306734022 -0.1715262051 -0.1555176664 -1.399950062 1.090381367 -1.225350621 -1.097401286 -0.4882788852 0.0008864667171 0.001569177458 -0.1133383226 -0.657189414 1.140017528 0
-0.6299899074 -0.2956283329 -0.2036404857 1.38656937 -0.6835984744 -0.0614006445 -0.278294946 -1.11201523 -0.1674247814 -0.4204873479 0.1338480101 -0.6056593333 0.8409227882 0.03968151036 -1.097401286 -0.4882788852 -0.4199225671 -0.06227890976 -0.3892073404 -0.356586412 -2.126605467 0
-0.6299899074 -0.9199884374 -0.2036404857 1.826896633 -0.6835984744 -0.0614006445 -0.278294946 -1.411142557 0.06419952896 -0.4204873479 0.3721491555 -1.346997347 0.8409227882 -1.500357606 -1.097401286 -0.4882788852 -0.4199225671 -0.3176712586 -0.4581745949 -0.657189414 -0.4932939694 0
-0.6299899074 -0.9199884374 -0.2036404857 -0.2083627772 -0.6835984744 -0.0614006445 -0.278294946 -0.6334115077 -0.514861247 -0.1715262051 0.01469743742 -1.320520989 0.9834705478 -1.225350621 -0.7533948225 -0.4882788852 0.0008864667171 -0.06227890976 -0.1823055771 -0.6237890804 -0.4932939694 0
-0.6299899074 0.07242068257 -0.2036404857 -0.5377878058 -0.6835984744 -0.0614006445 -0.278294946 -0.9923642996 -0.2832369366 -0.4204873479 0.3551276452 -0.8174701943 0.9834705478 -0.1803240777 -0.4093883587 0.9630825414 -0.2996914146 0.06541726467 -0.2512728315 -0.3899867455 -2.126605467 0
-0.6299899074 -0.9199884374 -0.2036404857 0.2752739233 -0.6835984744 -0.0614006445 -0.278294946 -1.291491626 -0.05161262623 -0.4204873479 0.6785363425 -0.8439465519 0.3776425695 -1.170349224 -0.4093883587 -0.4882788852 -0.6002692959 -0.3176712586 -0.5271418494 -0.6237890804 -0.4932939694 0
-0.6299899074 -0.2281530298 -0.2036404857 -0.2005515193 -0.6835984744 -0.0614006445 -0.278294946 -1.171840696 -0.1674247814 -0.4204873479 0.6274718113 -0.4732775451 0.3776425695 -0.4003296658 -0.7533948225 -0.4882788852 -0.6002692959 -0.126126997 -0.4581745949 -0.3899867455 -0.4932939694 0
-0.6299899074 -0.03377637153 -0.2036404857 0.4070000355 -0.6835984744 -0.0614006445 -0.278294946 -0.9325388343 -0.1674247814 -0.4204873479 0.1678910309 -0.2349903265 0.4489164493 0.2046857014 -0.7533948225 -0.4882788852 -0.5401537196 0.06541726467 -0.2512728315 -0.08938374354 -0.4932939694 0
-0.6299899074 -0.9199884374 -0.2036404857 0.2752739233 -0.6835984744 -0.0614006445 -0.278294946 -0.9923642996 -0.1674247814 -0.4204873479 0.4402351971 -1.055757413 0.5914642089 -1.280352018 -1.097401286 -0.4882788852 -0.5401537196 -0.3176712586 -0.5961091038 -0.5903887469 -0.4932939694 0
-0.6299899074 0.6143916843 -0.2036404857 0.06189362993 -0.6835984744 -0.0614006445 -0.278294946 -1.052189765 -0.1674247814 -0.4204873479 -0.444883343 -0.4203248299 0.4489164493 -0.1803240777 -0.7533948225 -0.4882788852 -0.1794602621 0.1292653519 -0.1133383226 -0.356586412 -0.4932939694 0
-0.6299899074 0.6604230788 -0.2036404857 0.5500010161 -0.6835984744 -0.0614006445 -0.278294946 -1.171840696 -0.05161262623 -0.4204873479 -0.3257327703 -0.6850884062 0.5914642089 -0.5103324599 -0.7533948225 -0.4882788852 -0.1794602621 0.1292653519 -0.1133383226 -0.3899867455 -0.4932939694 0
-0.6299899074 0.6125318307 -0.2036404857 1.694981662 -0.6835984744 -0.0614006445 -0.278294946 -1.052189765 -0.1674247814 -0.4204873479 -0.3257327703 -0.8174701943 0.8052858483 -0.4553310628 -0.4093883587 -0.4882788852 -0.4199225671 0.06541726467 -0.1823055771 -0.356586412 -0.4932939694 0
-0.6299899074 0.8514009927 -0.2036404857 0.8141431716 -0.6835984744 -0.0614006445 -0.278294946 -0.8727133689 -0.2832369366 -0.4204873479 -0.666162978 -0.6586120485 0.5914642089 -0.4553310628 -0.4093883587 -0.4882788852 -0.5401537196 0.06541726467 -0.1823055771 -0.3231860784 -0.4932939694 0
-0.6299899074 0.8390782838 -0.2036404857 0.7970995941 -0.6835984744 -0.0614006445 -0.278294946 -0.8727133689 -0.2832369366 -0.4204873479 -0.6831844884 -0.6586120485 0.5914642089 -0.4553310628 -0.4093883587 -0.4882788852 -0.5401537196 0.06541726467 -0.1823055771 -0.3231860784 -0.4932939694 0
-0.6299899074 0.4004598231 -0.2036404857 2.016761174 -0.6835984744 -0.0614006445 -0.278294946 -0.9325388343 -0.2832369366 -0.4204873479 -0.5810554261 -1.002804698 0.6271011488 -1.115347827 -0.4093883587 -0.4882788852 -0.5401537196 -0.126126997 -0.3892073404 -0.5569884133 -0.4932939694 0
-1.264892129 -0.9199884374 -0.2036404857 1.445534548 -0.6835984744 -0.0614006445 -0.278294946 0.263970472 -0.6306734022 -0.1715262051 1.189181654 -0.9233756248 0.1638209302 -1.665361797 0.278624569 -0.4882788852 -0.8407316009 -0.8284559564 -1.009912631 -0.5903887469 1.140017528 0
-1.264892129 -0.9199884374 -0.2036404857 2.451993677 -0.6835984744 -0.0614006445 -0.278294946 0.3836214026 -0.8622977126 -0.1715262051 0.5423642594 -1.267568274 0.4489164493 -1.940368782 -1.097401286 -0.4882788852 -0.8407316009 -0.8923040436 -1.078879885 -0.6237890804 1.140017528 0
-1.264892129 -0.9199884374 -0.2036404857 2.459439701 -0.6835984744 -0.0614006445 -0.278294946 0.5032723333 -0.8622977126 -0.2960067765 0.3721491555 -1.42642642 0.5914642089 -2.050371576 -0.7533948225 -0.4882788852 -0.8407316009 -0.8923040436 -1.078879885 -0.6237890804 1.140017528 0
-1.264892129 -0.6805321463 -0.2036404857 1.013670876 -0.3758020146 -0.0614006445 -0.278294946 0.1443195414 -0.514861247 -0.2960067765 0.2700200932 -0.1820376112 -0.6201917476 -1.335353415 1.654650424 -0.4882788852 -1.201425058 -0.7646078691 -1.078879885 -0.3899867455 1.140017528 0
-1.264892129 -0.9199884374 -0.2036404857 0.640091195 -0.6835984744 -0.0614006445 -0.278294946 0.263970472 -0.7464855574 -0.2960067765 0.3891706659 -1.108710128 0.4845533892 -1.555359003 -0.06538189482 -0.4882788852 -1.201425058 -0.8284559564 -1.078879885 -0.5569884133 -0.4932939694 0
-1.264892129 -0.9199884374 -0.2036404857 0.931966927 -0.6835984744 -0.0614006445 -0.278294946 0.3237959373 -0.7464855574 -0.2960067765 0.3381061348 -1.188139201 0.4845533892 -1.720363194 -0.7533948225 -0.4882788852 -1.201425058 -0.8923040436 -1.14784714 -0.5903887469 -0.4932939694 0
0.1107293517 -0.4473419972 -0.2036404857 0.3252851744 -0.6835984744 -0.0614006445 -0.278294946 0.3237959373 -0.6306734022 -0.3582470622 0.4402351971 -0.7380411214 0.8765597281 -0.1803240777 -0.7533948225 0.9630825414 -0.05922910954 0.1931134391 0.02459618633 -0.5903887469 -0.4932939694 0
0.1107293517 -0.5173358188 -0.2036404857 0.5917692908 -0.6835984744 -0.0614006445 -0.278294946 0.263970472 -0.514861247 -0.3582470622 0.5423642594 -0.3673721146 0.3776425695 -0.1803240777 -0.06538189482 0.9630825414 -0.05922910954 0.1931134391 0.02459618633 -0.5569884133 -0.4932939694 0
0.1107293517 -0.04400977632 -0.2036404857 0.7872665969 -0.6835984744 -0.0614006445 -0.278294946 0.443446868 -0.8622977126 -0.3582470622 0.1678910309 -0.1820376112 0.1281839903 -0.1803240777 -0.06538189482 -0.4882788852 0.0008864667171 0.2569615263 0.09356344079 -0.6237890804 -0.4932939694 0
0.1107293517 -0.3714725091 -0.2036404857 0.640091195 -0.6835984744 -0.0614006445 -0.278294946 0.443446868 -0.8622977126 -0.2960067765 0.06576196858 -0.9498519824 0.8052858483 -0.7303380479 -1.097401286 0.9630825414 0.0008864667171 0.1931134391 0.02459618633 -0.657189414 -0.4932939694 0
0.1107293517 0.006260079627 -0.2036404857 0.157664978 -0.6835984744 -0.0614006445 -0.278294946 -0.2146332505 -0.3990490918 0.1396752233 0.8147084256 0.2151077532 -0.1569115289 0.2046857014 -0.06538189482 0.9630825414 0.1812331955 0.6400500496 0.5073669676 -0.3899867455 1.140017528 0
0.1107293517 -0.2527962475 -0.2036404857 0.2097201419 -0.6835984744 -0.0614006445 -0.278294946 -0.3941096464 -0.3990490918 -0.4204873479 0.7296008737 -0.4203248299 0.8052858483 0.3696898925 0.278624569 0.9630825414 0.8425045344 0.8954423985 0.8522032399 -0.5235880797 -0.4932939694 0
0.6398145367 2.051725537 -0.2036404857 0.2323956452 -0.6835984744 -0.0614006445 -0.278294946 -0.4539351117 -0.2832369366 -0.4204873479 -0.7002059988 -0.6850884062 1.054744428 0.2046857014 -1.44140775 0.9630825414 0.6020422293 0.8954423985 0.7832359854 -0.5569884133 -0.4932939694 0
0.6398145367 1.142538839 -0.2036404857 0.07574163717 -0.6835984744 -0.0614006445 -0.278294946 -0.4539351117 -0.2832369366 -0.4204873479 -0.5129693846 -0.5791829757 0.912196668 0.2046857014 -0.7533948225 -0.4882788852 0.6020422293 0.8315943113 0.714268731 -0.5569884133 -0.4932939694 0
0.1107293517 -0.5464790623 -0.2036404857 0.4305368074 -0.6835984744 -0.0614006445 -0.278294946 0.3237959373 -0.7464855574 -0.1092859194 0.525342749 -0.4468011875 0.1281839903 -0.7303380479 -0.4093883587 -0.4882788852 0.0008864667171 0.1931134391 0.02459618633 -0.657189414 1.140017528 0
0.1107293517 -0.9199884374 -0.2036404857 0.3289577544 -0.6835984744 -0.0614006445 -0.278294946 0.5032723333 -0.8622977126 -0.2960067765 0.2700200932 -1.055757413 0.8052858483 -0.950343636 -0.06538189482 0.9630825414 0.0008864667171 0.1931134391 0.09356344079 -0.657189414 1.140017528 0
1.168899722 0.2378222026 -0.2036404857 -0.03449958999 -0.6835984744 -0.0614006445 -0.278294946 -0.03515685455 -0.3990490918 -0.1092859194 0.6785363425 -0.764517479 1.339839947 0.4796926865 -0.06538189482 -0.4882788852 0.6621578056 0.9592904857 0.8522032399 -0.5569884133 -0.4932939694 0
1.168899722 0.3635945119 -0.2036404857 0.139456488 -0.6835984744 -0.0614006445 -0.278294946 -0.4539351117 -0.514861247 -0.4204873479 0.2189555621 -0.7909938367 1.411113827 0.5346940836 -0.06538189482 -0.4882788852 0.6621578056 0.9592904857 0.8522032399 -0.5235880797 -0.4932939694 0
1.168899722 0.1503431632 -0.2036404857 0.2146026459 -0.6835984744 -0.0614006445 -0.278294946 -0.03515685455 -0.6306734022 -0.04704563375 0.2019340517 -0.8174701943 1.411113827 0.4796926865 0.9666374967 -0.4882788852 0.6621578056 0.9592904857 0.7832359854 -0.5569884133 -0.4932939694 0
1.168899722 0.5086321387 -0.2036404857 0.3400584876 -0.6835984744 -0.0614006445 -0.278294946 -0.09498231986 -0.6306734022 0.3263960804 -0.3938188119 -1.055757413 1.482387706 0.09468290738 -0.7533948225 -0.4882788852 0.6621578056 0.9592904857 0.8522032399 -0.6237890804 -0.4932939694 0
1.168899722 -0.1411408819 -0.2036404857 1.236732939 -0.6835984744 -0.0614006445 -0.278294946 0.1443195414 -0.8622977126 -0.4204873479 0.4572567075 -1.082233771 1.660572406 0.3146884955 -0.7533948225 0.9630825414 1.143082416 1.342379009 1.334974021 -0.5903887469 -0.4932939694 0
1.168899722 0.10653054 -0.2036404857 1.203692135 -0.6835984744 -0.0614006445 -0.278294946 0.2041450067 -0.8622977126 -0.4204873479 0.4061921763 -0.9498519824 1.624935466 0.5346940836 -0.7533948225 0.9630825414 1.143082416 1.406227096 1.403941276 -0.6237890804 -0.4932939694 0
0.4281804627 0.3349289066 -0.2036404857 0.533728999 -0.6835984744 -0.0614006445 -0.278294946 0.08449407608 -0.7464855574 -0.3582470622 -0.1384961561 -0.9233756248 1.019107488 -0.3453282688 -1.097401286 0.9630825414 0.4818110768 0.6400500496 0.576334222 -0.657189414 -0.4932939694 0
0.4281804627 0.5530164663 -0.2036404857 1.080552514 -0.6835984744 -0.0614006445 -0.278294946 0.02466861077 -0.7464855574 -0.2960067765 -0.3087112599 -1.188139201 1.375476887 -0.3453282688 -0.7533948225 -0.4882788852 0.4818110768 0.6400500496 0.576334222 -0.657189414 -0.4932939694 0
0.4281804627 -0.188457543 -0.2036404857 0.3876942027 -0.6835984744 -0.0614006445 -0.278294946 0.2041450067 -0.8622977126 -0.2960067765 0.2019340517 -0.8439465519 1.090381367 -0.07032128369 -1.097401286 0.9630825414 0.4818110768 0.7038981368 0.576334222 -0.6237890804 -0.4932939694 0
0.4281804627 -0.9199884374 -0.2036404857 -0.7549151038 -0.6835984744 -0.0614006445 -0.278294946 0.1443195414 -0.6306734022 -0.2960067765 0.4061921763 -0.9233756248 1.019107488 -0.3453282688 -0.7533948225 0.9630825414 0.4818110768 0.6400500496 0.576334222 -0.657189414 -0.4932939694 0
0.5339974997 -0.6780115543 -0.2036404857 0.0375238134 -0.6835984744 -0.0614006445 -0.278294946 0.8622251252 -1.093922023 1.135519794 -0.1895606872 -1.135186486 1.482387706 -0.07032128369 -0.7533948225 0.9630825414 0.3615799243 0.5123538752 0.3694324586 -0.6237890804 -2.126605467 0
0.3223634257 -0.9199884374 -0.2036404857 0.8893241285 -0.3902473289 -0.0614006445 -0.278294946 0.8023996598 -1.093922023 1.571201794 -0.3597757911 -1.135186486 0.9478336079 -0.895342239 -0.06538189482 -0.4882788852 0.2413487718 0.3846577008 0.3004652042 -0.657189414 1.140017528 0
0.3223634257 -0.9199884374 -0.2036404857 0.7502661115 -0.6835984744 -0.0614006445 -0.278294946 0.8622251252 -1.093922023 1.571201794 -0.3597757911 -1.53233185 1.482387706 -0.895342239 -1.097401286 -0.4882788852 0.2413487718 0.448505788 0.3694324586 -0.6905897475 -0.4932939694 0
0.3223634257 -0.9199884374 -0.2036404857 0.7657738078 -0.4046001388 -0.0614006445 -0.278294946 0.5630977986 -1.093922023 0.3263960804 0.1338480101 -1.108710128 0.9478336079 -0.840340842 -0.7533948225 -0.4882788852 0.2413487718 0.2569615263 0.2314979497 -0.6237890804 1.140017528 0
0.3223634257 -0.9199884374 -0.2036404857 0.2394079231 0.187803817 -0.0614006445 -0.278294946 0.3836214026 -0.9781098678 -0.2960067765 0.1168264997 -1.161662843 0.912196668 -1.005345033 -1.097401286 -0.4882788852 0.1211176192 0.06541726467 0.02459618633 -0.5903887469 1.140017528 0
0.3223634257 -0.9199884374 -0.2036404857 0.9263233198 -0.3859491568 -0.0614006445 -0.278294946 0.443446868 -0.9781098678 0.01519465194 0.2700200932 -1.108710128 0.9478336079 -0.840340842 -1.097401286 -0.4882788852 0.2413487718 0.2569615263 0.1625306953 -0.6237890804 -0.4932939694 0
0.3223634257 -0.9199884374 -0.2036404857 0.8730208447 -0.6835984744 -0.0614006445 -0.278294946 0.3237959373 -0.9781098678 -0.4204873479 0.6785363425 -1.055757413 0.9834705478 -0.6753366509 -1.44140775 -0.4882788852 0.06100204298 0.1931134391 0.09356344079 -0.657189414 -0.4932939694 0
0.3223634257 0.6604230788 -0.2036404857 0.914313054 -0.6835984744 -0.0614006445 -0.278294946 0.2041450067 -0.8622977126 -0.3582470622 -0.01934558335 -0.8439465519 1.054744428 -0.1253226807 0.278624569 -0.4882788852 0.1812331955 0.5123538752 0.3694324586 -0.5569884133 -0.4932939694 0
0.3223634257 1.538998697 -0.2036404857 0.6314841048 -0.6835984744 -0.0614006445 -0.278294946 0.3237959373 -0.8622977126 -0.2960067765 -1.091700738 -0.7380411214 1.126018307 0.2046857014 -0.4093883587 -0.4882788852 0.1812331955 0.5762019624 0.4383997131 -0.5569884133 -0.4932939694 0
0.3223634257 0.7573969272 -0.2036404857 0.6841258519 -0.6835984744 -0.0614006445 -0.278294946 0.1443195414 -0.7464855574 -0.2960067765 0.304063114 -0.9233756248 1.054744428 -0.2903268718 -1.097401286 -0.4882788852 0.1812331955 0.3846577008 0.3004652042 -0.5903887469 -0.4932939694 0
0.3223634257 -0.2956283329 -0.2036404857 0.9547921538 -0.6835984744 -0.0614006445 -0.278294946 0.1443195414 -0.7464855574 -0.2960067765 0.8657729567 -1.002804698 1.054744428 -0.4553310628 -1.097401286 -0.4882788852 0.1812331955 0.3208096135 0.1625306953 -0.6237890804 -0.4932939694 0
-0.7358069444 -0.6557608015 -0.2036404857 -0.1740548667 -0.6835984744 -0.0614006445 -0.278294946 -0.09498231986 -0.8622977126 1.508961509 -0.07041011451 -1.399950062 1.054744428 -1.280352018 -1.44140775 -0.4882788852 -0.2996914146 -0.1899750842 -0.320240086 -0.657189414 -0.4932939694 0
-0.7358069444 -0.9199884374 -0.2036404857 0.05369188786 -0.6835984744 -0.0614006445 -0.278294946 0.02466861077 -0.8622977126 1.63344208 -0.0874316249 -1.452902777 1.126018307 -1.280352018 -1.44140775 -0.4882788852 -0.2996914146 -0.1899750842 -0.3892073404 -0.657189414 -0.4932939694 0
-0.7358069444 -0.4433327587 -0.2036404857 0.01228881118 -0.6835984744 -0.0614006445 -0.278294946 -0.2744587158 -0.8622977126 0.1396752233 -0.01934558335 -1.188139201 1.126018307 -0.7303380479 -1.097401286 -0.4882788852 -0.2996914146 -0.06227890976 -0.320240086 -0.6237890804 -2.126605467 0
-0.7358069444 -0.9199884374 -0.2036404857 -0.3800738421 -0.6835984744 -0.0614006445 -0.278294946 -0.03515685455 -0.8622977126 0.5131169375 0.08278347897 -1.399950062 1.054744428 -1.280352018 -1.44140775 -0.4882788852 -0.2996914146 -0.1899750842 -0.3892073404 -0.657189414 -0.4932939694 0
-0.6299899074 -0.684983015 -0.2036404857 -0.01068739819 -0.6835984744 -0.0614006445 -0.278294946 -0.6334115077 -0.6306734022 -0.2337664908 0.3381061348 -0.8704229096 0.6983750286 -0.7303380479 -0.7533948225 -0.4882788852 -0.6002692959 -0.3176712586 -0.5271418494 -0.5569884133 -0.4932939694 0
-0.6299899074 -0.9199884374 -0.2036404857 -0.1063979265 -0.6835984744 -0.0614006445 -0.278294946 -0.7530624383 -0.6306734022 -0.1715262051 0.5083212386 -1.135186486 0.6983750286 -1.280352018 -1.097401286 -0.4882788852 -0.6002692959 -0.5092155203 -0.6650763583 -0.6237890804 -0.4932939694 0
-0.7358069444 -0.6838858807 -0.2036404857 -0.003100148498 -0.6835984744 -0.0614006445 -0.278294946 -0.8128879036 -0.3990490918 -0.3582470622 0.7296008737 -0.9498519824 0.6627380887 -0.950343636 -0.06538189482 -0.4882788852 -0.6603848721 -0.5092155203 -0.6650763583 -0.5903887469 -0.4932939694 0
-0.7358069444 -0.9199884374 -0.2036404857 1.16204522 -0.6835984744 -0.0614006445 -0.278294946 -0.7530624383 -0.3990490918 -0.2337664908 0.8147084256 -0.6056593333 0.19945787 -0.950343636 -0.06538189482 -0.4882788852 -0.6002692959 -0.5092155203 -0.6650763583 -0.6237890804 -0.4932939694 0
-0.7358069444 -0.3062363837 -0.2036404857 -0.2210671711 -0.420626739 -0.0614006445 -0.278294946 -0.8727133689 -0.3990490918 -0.2337664908 0.4742782179 -0.764517479 0.4132795094 -0.950343636 -1.097401286 -0.4882788852 -0.6002692959 -0.3815193458 -0.5961091038 -0.5903887469 -0.4932939694 0
-0.7358069444 -0.08360747995 -0.2036404857 -0.09346962937 -0.6835984744 -0.0614006445 -0.278294946 -0.7530624383 -0.514861247 -0.1092859194 0.4232136867 -0.7115647638 0.3420056296 -0.950343636 -1.097401286 -0.4882788852 -0.6002692959 -0.3815193458 -0.5961091038 -0.5903887469 -0.4932939694 0
-0.7358069444 -0.1827702362 -0.2036404857 -0.1063979265 -0.2097893638 -0.0614006445 -0.278294946 -0.7530624383 -0.514861247 0.01519465194 0.03171894781 -0.5262302604 0.09254705036 -0.950343636 -0.7533948225 -0.4882788852 -0.6002692959 -0.4453674331 -0.5961091038 -0.5903887469 -0.4932939694 0
-0.7358069444 -0.3690824717 -0.2036404857 -0.1119515457 0.02453454275 -0.0614006445 -0.278294946 -0.5137605771 -0.514861247 0.201915509 0.2359770724 -0.5262302604 0.09254705036 -0.950343636 -1.097401286 -0.4882788852 -0.6002692959 -0.3815193458 -0.5961091038 -0.5903887469 -0.4932939694 0
-1.793977314 -0.4473419972 -0.2036404857 0.3252851744 -0.07606003664 -0.0614006445 -0.278294946 -1.530793487 0.2958238393 -0.4204873479 1.01896655 -0.3938484723 -0.05000070923 -0.895342239 -1.097401286 0.9630825414 -0.9609627534 -0.9561521308 -1.078879885 -0.5235880797 -0.4932939694 0
-1.793977314 0.136922081 -0.2036404857 0.9223073655 -0.343960996 -0.0614006445 -0.278294946 -1.470968022 0.2958238393 -0.4204873479 0.2870416036 0.1092023227 -0.4063701082 -0.4003296658 -0.06538189482 2.414443968 -0.9609627534 -0.7646078691 -0.9409453761 -0.4567874126 -0.4932939694 0
-1.793977314 0.7714218783 -0.2036404857 1.288372543 -0.6835984744 -0.0614006445 -0.278294946 -1.470968022 0.2958238393 -0.4204873479 -0.8023350611 0.1092023227 -0.4063701082 -0.4003296658 0.6226310329 3.865805395 -0.7806160247 -0.5730636075 -0.8030108672 -0.4567874126 -0.4932939694 0
-1.793977314 0.4050727535 -0.2036404857 0.5022745435 -0.3997268206 -0.0614006445 -0.278294946 -1.291491626 0.06419952896 -0.4204873479 0.4402351971 -0.4468011875 0.1281839903 -0.7303380479 -0.7533948225 -0.4882788852 -0.9609627534 -0.7646078691 -1.009912631 -0.4901877462 -0.4932939694 0
-1.793977314 -0.9199884374 -0.2036404857 0.24782479 -0.1000561874 -0.0614006445 -0.278294946 -1.470968022 0.2958238393 -0.4204873479 0.9849235294 -0.3938484723 -0.05000070923 -0.895342239 -1.097401286 0.9630825414 -0.9609627534 -0.9561521308 -1.078879885 -0.5569884133 -0.4932939694 0
-1.793977314 0.5102482296 -0.2036404857 0.7379266708 -0.6835984744 -0.0614006445 -0.278294946 -1.231666161 -0.05161262623 -0.4204873479 0.8147084256 -0.6056593333 0.4132795094 -0.6203352539 -1.44140775 -0.4882788852 -1.441887364 -0.8284559564 -1.078879885 -0.1561844106 -0.4932939694 0
-1.793977314 0.2224777217 -0.2036404857 -0.05572259 -0.6835984744 -0.0614006445 -0.278294946 -1.351317091 0.06419952896 -0.4204873479 0.8487514464 -0.6056593333 0.4132795094 -0.6203352539 -0.7533948225 -0.4882788852 -1.441887364 -0.9561521308 -1.354748903 -0.3231860784 -2.126605467 0
-2.111428426 0.2539476849 -0.2036404857 -0.3369313358 -0.6835984744 -0.0614006445 -0.278294946 -1.231666161 -0.1674247814 -0.1092859194 0.3891706659 -0.8968992672 0.4489164493 -1.170349224 -1.097401286 -0.4882788852 -1.321656211 -1.21154448 -1.492683412 -0.5569884133 -2.126605467 0
-2.111428426 -0.9199884374 -0.2036404857 -0.3259851875 -0.6835984744 -0.0614006445 -0.278294946 -1.291491626 -0.1674247814 0.201915509 0.7296008737 -0.8968992672 0.4845533892 -1.115347827 -1.44140775 -0.4882788852 -1.441887364 -1.275392567 -1.630617921 -0.6237890804 -2.126605467 0
-2.111428426 1.665551882 -0.2036404857 0.1521633301 -0.6835984744 -0.0614006445 -0.278294946 -1.231666161 -0.1674247814 -0.1092859194 -0.3767973015 -0.9233756248 0.5201903291 -1.115347827 -1.44140775 -0.4882788852 -1.321656211 -1.083848305 -1.423716157 -0.5235880797 -2.126605467 0
-2.111428426 3.595473049 -0.2036404857 0.8622684522 -0.6835984744 -0.0614006445 -0.278294946 -1.171840696 -0.05161262623 -0.4204873479 -1.295958862 -1.029281055 0.6627380887 -1.115347827 -1.44140775 -0.4882788852 -1.201425058 -0.8284559564 -1.216814394 -0.4901877462 -2.126605467 0
-2.111428426 1.253643438 -0.2036404857 0.368366931 -0.6835984744 -0.0614006445 -0.278294946 -1.231666161 -0.1674247814 -0.04704563375 -0.3087112599 -0.9763283401 0.5201903291 -1.225350621 -1.097401286 -0.4882788852 -1.321656211 -1.083848305 -1.492683412 -0.5569884133 -2.126605467 0
-2.111428426 1.017680842 -0.2036404857 0.3741262319 -0.6835984744 -0.0614006445 -0.278294946 -1.171840696 -0.1674247814 -0.4204873479 -0.1555176664 -0.9763283401 0.5201903291 -1.225350621 -1.097401286 -0.4882788852 -1.321656211 -1.147696392 -1.492683412 -0.5569884133 -2.126605467 0
-2.111428426 -0.1806146307 -0.2036404857 -0.101925772 -0.6835984744 -0.0614006445 -0.278294946 -1.231666161 -0.1674247814 0.07743493764 0.3721491555 -0.8968992672 0.4845533892 -1.115347827 -1.44140775 0.9630825414 -1.321656211 -1.21154448 -1.561650666 -0.5903887469 -2.126605467 0
-2.111428426 -0.9199884374 -0.2036404857 -0.2452566619 -0.6835984744 -0.0614006445 -0.278294946 -1.291491626 -0.1674247814 0.2641557947 0.8147084256 -0.8968992672 0.4845533892 -1.115347827 -1.097401286 -0.4882788852 -1.441887364 -1.275392567 -1.561650666 -0.6237890804 -2.126605467 0
-1.264892129 1.169811912 -0.2036404857 -0.6724013327 -0.6835984744 -0.0614006445 -0.278294946 -1.470968022 0.2958238393 -0.4204873479 -0.4108403222 -0.8439465519 0.6627380887 -0.7303380479 -0.7533948225 -0.4882788852 -0.8407316009 -0.4453674331 -0.8030108672 -0.4233870791 -0.4932939694 0
-1.476526203 -0.6865019801 -0.2036404857 -0.6670635378 -0.3834756227 -0.0614006445 -0.278294946 -1.11201523 -0.05161262623 -0.4204873479 0.4742782179 -0.4732775451 0.1281839903 -0.785339445 -0.4093883587 -0.4882788852 -0.9609627534 -0.9561521308 -1.216814394 -0.4901877462 -0.4932939694 0
-1.476526203 -0.2614836306 -0.2036404857 -1.635871141 0.1628417981 -0.0614006445 -0.278294946 -1.231666161 0.2958238393 -0.4204873479 -0.1895606872 -0.3144193994 -0.08563764912 -0.785339445 -0.06538189482 0.9630825414 -1.321656211 -1.083848305 -1.423716157 -0.2897857449 -0.4932939694 0
-1.476526203 -0.6676273151 -0.2036404857 0.8074190791 -0.3592141799 -0.0614006445 -0.278294946 -1.171840696 -0.1674247814 -0.4204873479 0.4572567075 -0.340895757 -0.05000070923 -0.785339445 0.278624569 -0.4882788852 -0.9609627534 -0.8923040436 -1.14784714 -0.4901877462 -0.4932939694 0
-1.476526203 -0.9199884374 -0.2036404857 0.8375344169 -0.6835984744 -0.0614006445 -0.278294946 -1.11201523 -0.2832369366 -0.4204873479 0.4912997282 -0.7909938367 0.3420056296 -1.115347827 -0.4093883587 -0.4882788852 -0.9609627534 -0.8923040436 -1.14784714 -0.6237890804 -0.4932939694 0
-1.476526203 -0.4873693705 -0.2036404857 0.1591992504 -0.1275111124 -0.0614006445 -0.278294946 -1.171840696 -0.05161262623 0.9487989373 -0.05338860412 0.3739658989 -0.6558286875 -0.2353254748 -0.7533948225 2.414443968 -0.6002692959 -0.8284559564 -0.9409453761 -0.3231860784 -0.4932939694 0
-1.476526203 -0.2971661618 -0.2036404857 -0.3437299578 0.1169755703 -0.0614006445 -0.278294946 -1.171840696 0.06419952896 1.757922651 -0.2916897495 0.4269186142 -0.7271025673 -0.2353254748 -0.7533948225 2.414443968 -0.6002692959 -0.8284559564 -0.8719781217 -0.2563854113 -0.4932939694 0
-1.476526203 -0.9199884374 -0.2036404857 1.153120462 -0.1652044489 -0.0614006445 -0.278294946 -1.411142557 0.06419952896 -0.4204873479 0.3551276452 -0.4997539028 -0.05000070923 -1.115347827 -1.097401286 0.9630825414 -0.7806160247 -0.9561521308 -1.078879885 -0.4901877462 -0.4932939694 0
-1.476526203 -0.9199884374 -0.2036404857 -0.9132687761 -0.01204256516 -0.0614006445 -0.278294946 -1.231666161 0.06419952896 -0.4204873479 0.2529985828 -0.4997539028 -0.05000070923 -1.115347827 -1.097401286 0.9630825414 -0.6603848721 -0.9561521308 -1.078879885 -0.356586412 -0.4932939694 0
-1.370709166 -0.04121922474 -0.2036404857 -0.1165855247 -0.4012065986 -0.0614006445 -0.278294946 -1.11201523 -0.05161262623 1.011039223 -0.3257327703 0.3739658989 -0.6558286875 -0.2353254748 -1.097401286 0.9630825414 -0.6002692959 -0.6369116947 -0.7340436128 -0.4567874126 -0.4932939694 0
-1.370709166 0.2038597407 -0.2036404857 0.9547921538 -0.2020680084 -0.0614006445 -0.278294946 -1.291491626 0.06419952896 -0.1092859194 -0.05338860412 0.02977324978 -0.7271025673 -1.06034643 -1.097401286 0.9630825414 -0.6002692959 -0.7007597819 -0.8030108672 -0.3899867455 1.140017528 0
-1.370709166 0.04607019056 -0.2036404857 0.702406633 -0.6835984744 -0.0614006445 -0.278294946 -1.231666161 -0.05161262623 -0.2960067765 0.4912997282 -0.8439465519 0.4489164493 -1.06034643 -1.097401286 -0.4882788852 -0.6603848721 -0.5730636075 -0.7340436128 -0.5569884133 -0.4932939694 0
-1.370709166 -0.9199884374 -0.2036404857 -0.8244104848 -0.6835984744 -0.0614006445 -0.278294946 -1.171840696 -0.1674247814 0.1396752233 0.1849125413 -0.8968992672 0.4489164493 -1.170349224 -0.4093883587 -0.4882788852 -0.6002692959 -0.7007597819 -0.8719781217 -0.5569884133 -0.4932939694 0
-1.370709166 -0.1905677337 -0.2036404857 0.3818570147 -0.6835984744 -0.0614006445 -0.278294946 -1.171840696 -0.1674247814 -0.4204873479 0.9508805087 -0.9233756248 0.555827269 -1.06034643 -1.44140775 -0.4882788852 -0.9609627534 -0.6369116947 -0.9409453761 -0.5235880797 -0.4932939694 0
-1.370709166 -0.9199884374 -0.2036404857 -0.7344805566 -0.6835984744 -0.0614006445 -0.278294946 -1.291491626 0.06419952896 -0.4204873479 1.342375248 -0.9233756248 0.555827269 -1.06034643 -0.4093883587 0.9630825414 -0.6603848721 -0.5730636075 -0.7340436128 -0.5903887469 -0.4932939694 0
-1.370709166 -0.6728077523 -0.2036404857 0.4153871745 -0.6835984744 -0.0614006445 -0.278294946 -1.11201523 -0.2832369366 -0.4204873479 0.9508805087 -0.9233756248 0.555827269 -1.06034643 -1.097401286 -0.4882788852 -0.9609627534 -0.7007597819 -1.009912631 -0.5903887469 -0.4932939694 0
-1.370709166 -0.9199884374 -0.2036404857 0.5097702314 -0.6835984744 -0.0614006445 -0.278294946 -1.231666161 -0.05161262623 -0.4204873479 1.240246185 -0.9233756248 0.555827269 -1.06034643 -0.4093883587 -0.4882788852 -0.6603848721 -0.5730636075 -0.7340436128 -0.5903887469 -0.4932939694 0
-1.370709166 -0.9199884374 -0.2036404857 0.9207044742 -0.6835984744 -0.0614006445 -0.278294946 -1.052189765 -0.2832369366 -0.4204873479 0.8147084256 -0.9763283401 0.6627380887 -1.005345033 -1.097401286 -0.4882788852 -0.9609627534 -0.8284559564 -1.078879885 -0.657189414 -2.126605467 0
-1.370709166 -0.9199884374 -0.2036404857 1.497995759 -0.6835984744 -0.0614006445 -0.278294946 -1.052189765 -0.2832369366 -0.4204873479 0.8827944671 -1.002804698 0.6983750286 -1.005345033 -1.097401286 -0.4882788852 -0.9609627534 -0.8284559564 -1.078879885 -0.657189414 -2.126605467 0
-1.793977314 0.3936003566 -0.2036404857 0.4837624796 -0.4021845581 -0.0614006445 -0.278294946 -1.470968022 0.1800116841 -0.4204873479 0.4232136867 0.3210131837 -0.6914656274 -0.4003296658 0.278624569 -0.4882788852 -1.201425058 -0.8923040436 -1.285781648 -0.3231860784 -0.4932939694 0
-1.793977314 0.8582523674 -0.2036404857 0.3317212214 -0.6835984744 -0.0614006445 -0.278294946 -1.470968022 0.1800116841 -0.4204873479 0.2019340517 0.2151077532 -0.5489178678 -0.4003296658 -0.4093883587 -0.4882788852 -0.9609627534 -0.7646078691 -1.078879885 -0.4233870791 -0.4932939694 0
-1.793977314 0.5806990555 -0.2036404857 0.4397344678 -0.3621018711 -0.0614006445 -0.278294946 -1.470968022 0.2958238393 -0.4204873479 0.4402351971 0.3739658989 -0.7627395072 -0.4003296658 0.278624569 -0.4882788852 -1.321656211 -0.9561521308 -1.285781648 -0.2563854113 -0.4932939694 0
-1.793977314 0.3924640281 -0.2036404857 0.1793860071 -0.1212575414 -0.0614006445 -0.278294946 -1.470968022 0.2958238393 -0.4204873479 0.4061921763 0.2680604684 -0.7627395072 -0.6203352539 0.278624569 -0.4882788852 -1.321656211 -1.020000218 -1.423716157 -0.2563854113 -0.4932939694 0
-1.793977314 0.9776914241 -0.2036404857 0.66072999 -0.6835984744 -0.0614006445 -0.278294946 -1.470968022 0.2958238393 -0.4204873479 0.2359770724 -0.4732775451 0.3776425695 -0.4003296658 -0.7533948225 -0.4882788852 -1.321656211 -0.9561521308 -1.285781648 -0.356586412 -2.126605467 0
-1.793977314 -0.9199884374 -0.2036404857 0.1669100281 -0.6835984744 -0.0614006445 -0.278294946 -1.411142557 0.1800116841 -0.4204873479 0.831729936 -0.8704229096 0.3420056296 -1.280352018 -1.097401286 -0.4882788852 -1.321656211 -1.275392567 -1.561650666 -0.6237890804 -2.126605467 0
-1.793977314 0.8360243472 -0.2036404857 0.4892823489 -0.6835984744 -0.0614006445 1.160828664 -1.650444418 0.6432603049 -0.4204873479 0.9679020191 -0.02317946547 -0.2281854087 -0.4003296658 -1.44140775 0.9630825414 -0.9609627534 -1.020000218 -1.216814394 -0.2563854113 -0.4932939694 0
-1.793977314 2.287612096 -0.2036404857 -0.8964640707 -0.6835984744 -0.0614006445 -0.278294946 -1.530793487 0.4116359945 -0.4204873479 -0.2576467288 -0.4732775451 0.3776425695 -0.4003296658 -1.097401286 0.9630825414 -0.9609627534 -0.7646078691 -1.078879885 -0.3899867455 -0.4932939694 0
-2.111428426 0.3147080597 -0.2036404857 0.7549265308 -0.04876827818 -0.0614006445 -0.278294946 -1.650444418 0.6432603049 -0.3582470622 0.1338480101 -0.2085139689 -0.4420070481 -1.115347827 -1.44140775 0.9630825414 -1.441887364 -1.339240654 -1.630617921 -0.3899867455 -0.4932939694 0
-2.111428426 -0.5279483706 -0.2036404857 0.533056275 0.3242559787 -0.0614006445 -0.278294946 -1.650444418 0.6432603049 -0.4204873479 0.5764072802 -0.2085139689 -0.4420070481 -1.115347827 -0.4093883587 0.9630825414 -1.441887364 -1.530784916 -1.76855243 -0.3899867455 -0.4932939694 0
-2.111428426 -0.2798217396 -0.2036404857 0.7252397289 -0.1350194737 -0.0614006445 -0.278294946 -1.411142557 0.2958238393 -0.2960067765 0.2870416036 -0.3673721146 -0.2281854087 -1.115347827 -1.097401286 0.9630825414 -1.321656211 -1.275392567 -1.492683412 -0.4567874126 -0.4932939694 0
-2.111428426 -0.9199884374 -0.2036404857 0.7325682063 0.7838194103 -0.0614006445 -0.278294946 -1.710269883 0.8748846153 -0.2337664908 0.3721491555 -0.3144193994 -0.4420070481 -1.335353415 -0.4093883587 0.9630825414 -1.441887364 -1.594633003 -1.837519684 -0.356586412 -0.4932939694 0
-2.111428426 -0.2909689257 -0.2036404857 0.6841258519 -0.4140851561 -0.0614006445 -0.278294946 -1.291491626 0.06419952896 -0.3582470622 0.1678910309 -0.4997539028 -0.05000070923 -1.115347827 0.278624569 -0.4882788852 -1.321656211 -1.21154448 -1.423716157 -0.5569884133 -0.4932939694 0
-2.111428426 -0.9199884374 -0.2036404857 0.02559937366 -0.6835984744 -0.0614006445 -0.278294946 -1.11201523 -0.1674247814 -0.4204873479 0.3210846244 -0.9763283401 -0.01436376933 -2.050371576 -0.7533948225 0.9630825414 -1.321656211 -1.21154448 -1.423716157 -0.6237890804 1.140017528 0
-2.111428426 -0.1751700498 -0.2036404857 -0.09063012898 -0.6835984744 -0.0614006445 -0.278294946 -1.11201523 -0.2832369366 -0.3582470622 0.03171894781 -0.5262302604 -0.01436376933 -1.115347827 -0.06538189482 2.414443968 -0.9609627534 -1.083848305 -1.354748903 -0.5569884133 -0.4932939694 0
-2.111428426 -0.9199884374 -0.2036404857 0.4459118824 -0.6835984744 -0.0614006445 -0.278294946 -1.171840696 -0.1674247814 -0.4204873479 0.1849125413 -1.055757413 0.4845533892 -1.445356209 -0.06538189482 0.9630825414 -1.02107833 -1.083848305 -1.285781648 -0.6237890804 -0.4932939694 0
-1.793977314 0.2594231407 -0.2036404857 1.626624613 -0.07719352443 -0.0614006445 1.268225835 -1.650444418 0.6432603049 -0.4204873479 -0.2406252184 0.4004422566 -0.3707331683 0.2596870984 -0.4093883587 0.9630825414 -0.9008471772 -1.147696392 -1.216814394 0.1444185913 -0.4932939694 0
-1.793977314 -0.4517183464 -0.2036404857 1.602457995 0.5202276743 -0.0614006445 2.791835345 -1.770095349 0.9906967705 -0.4204873479 -0.444883343 0.4798713295 -0.477643988 0.2596870984 -0.06538189482 0.9630825414 -1.321656211 -1.530784916 -1.837519684 0.4116212598 -2.126605467 0
-1.793977314 -0.1896899858 -0.2036404857 1.646882716 -0.2142366612 -0.0614006445 -0.278294946 -1.411142557 0.2958238393 -0.4204873479 0.4232136867 0.2415841108 -0.1925484688 0.2046857014 -0.7533948225 -0.4882788852 -0.4199225671 -0.7007597819 -0.8030108672 -0.05598340998 -0.4932939694 0
-1.793977314 -0.9199884374 -0.2036404857 1.047552489 0.9789747203 -0.0614006445 -0.278294946 -1.770095349 0.8748846153 -0.4204873479 -0.2406252184 -0.4997539028 -0.2281854087 -1.390354812 -0.06538189482 -0.4882788852 -1.02107833 -1.403088741 -1.492683412 -0.05598340998 -0.4932939694 0
-1.793977314 0.2018653372 -0.2036404857 1.777735774 -0.3951929345 -0.0614006445 -0.278294946 -1.351317091 0.2958238393 -0.4204873479 0.3381061348 0.7446349057 -0.5132809279 0.7546996716 -0.4093883587 2.414443968 -0.4199225671 -0.5730636075 -0.5961091038 -0.1227840771 -0.4932939694 0
-1.793977314 0.6829646021 -0.2036404857 1.135440638 -0.6835984744 -0.0614006445 -0.278294946 -1.530793487 0.2958238393 -0.4204873479 -0.05338860412 -0.4997539028 -0.05000070923 -1.115347827 -0.7533948225 0.9630825414 -0.6002692959 -0.7646078691 -0.9409453761 -0.3899867455 -0.4932939694 0
-1.793977314 -0.1552731999 -0.2036404857 1.184609052 -0.02828989524 -0.0614006445 1.392945263 -1.231666161 0.1800116841 -0.4204873479 0.3210846244 0.9034930515 -0.6914656274 0.8097010687 -0.4093883587 2.414443968 -0.1794602621 -0.7007597819 -0.5271418494 0.8124252624 -0.4932939694 0
-1.793977314 -0.5519158802 -0.2036404857 1.418622719 -0.210479019 -0.0614006445 2.13490788 -1.171840696 0.2958238393 -0.4204873479 0.3551276452 0.9034930515 -0.6914656274 0.8097010687 -0.4093883587 2.414443968 -0.4199225671 -0.7007597819 -0.4581745949 0.7122242618 -0.4932939694 0
-1.793977314 0.1415810077 -0.2036404857 1.30064896 -0.1377830997 -0.0614006445 1.113703701 -1.291491626 0.5274481497 -0.4204873479 0.0487404582 1.300638416 -0.6914656274 1.634722024 -0.06538189482 -0.4882788852 -0.2996914146 -0.2538231714 -0.320240086 1.280029932 -0.4932939694 0
-1.793977314 0.5046078547 -0.2036404857 0.8270833949 0.2319876087 -0.0614006445 2.056733658 -1.411142557 0.9906967705 -0.4204873479 -1.108722248 1.353591131 -0.6914656274 1.744724818 -0.4093883587 -0.4882788852 0.5419266531 -0.3815193458 -0.4581745949 3.551252614 -0.4932939694 0
-1.899794351 0.7714218783 -0.2036404857 1.87322128 0.04111291901 -0.0614006445 1.569943974 -1.530793487 1.569757546 -0.4204873479 0.6785363425 1.406543846 -0.6914656274 1.854727612 0.278624569 -0.4882788852 0.5419266531 0.001569177458 -0.04437106814 3.117048278 -0.4932939694 0
-1.899794351 1.751129623 -0.2036404857 2.05856068 -0.6835984744 -0.0614006445 -0.278294946 -1.590618953 1.801381857 -0.4204873479 1.138117123 1.274162058 -0.5132809279 1.854727612 -0.06538189482 0.9630825414 0.5419266531 0.8315943113 0.714268731 1.480431934 -0.4932939694 0
0.4281804627 -0.481746064 -0.2036404857 0.1825320542 1.288005883 -0.0614006445 1.158334398 -1.231666161 0.1800116841 -0.4204873479 -0.7342490196 1.088827555 -1.083471966 0.5896954806 1.310643961 -0.4882788852 0.0008864667171 -0.3176712586 -0.1133383226 0.4784219269 -0.4932939694 0
0.4281804627 -0.9199884374 -0.2036404857 -0.001574199888 1.442786042 -0.0614006445 1.271116497 -1.171840696 0.1800116841 -0.4204873479 -0.7172275092 0.6387294752 -1.083471966 -0.3453282688 0.6226310329 -0.4882788852 0.0008864667171 -0.4453674331 -0.1823055771 0.4450215933 1.140017528 0
0.4281804627 0.7099018946 -0.2036404857 -0.02565222872 -0.3843046845 -0.0614006445 -0.278294946 -0.3342841811 -0.7464855574 -0.4204873479 -0.6321199573 -0.2879430417 0.8765597281 0.7546996716 0.278624569 -0.4882788852 0.7222733818 1.214682835 1.059105003 -0.2897857449 -0.4932939694 0
0.5339974997 0.2671751477 -0.2036404857 0.006098561124 -0.1749395466 -0.0614006445 -0.278294946 -0.5137605771 -0.6306734022 -0.4204873479 -0.5470124053 -0.2879430417 0.8765597281 0.7546996716 -0.06538189482 -0.4882788852 0.7222733818 0.9592904857 0.8522032399 -0.3899867455 -0.4932939694 0
0.6398145367 -0.9199884374 -0.2036404857 0.7061347516 0.04192176378 -0.0614006445 -0.278294946 -0.6334115077 -0.514861247 -0.04704563375 0.3891706659 -0.4732775451 0.3063686897 -0.5103324599 0.278624569 -0.4882788852 0.7222733818 0.5762019624 0.6453014765 -0.3899867455 1.140017528 0
0.6398145367 -0.9199884374 -0.2036404857 0.9420616343 0.1150085677 -0.0614006445 -0.278294946 -0.6334115077 -0.514861247 0.01519465194 0.2359770724 -0.3144193994 0.09254705036 -0.5103324599 0.278624569 -0.4882788852 0.7222733818 0.5762019624 0.6453014765 -0.356586412 1.140017528 0
0.6398145367 -0.4881082698 -0.2036404857 0.7534681869 0.9818143067 -0.0614006445 -0.278294946 -0.7530624383 -0.3990490918 0.5753572232 -0.2746682391 0.1092023227 0.2350948099 0.5896954806 0.278624569 -0.4882788852 0.5419266531 0.3846577008 0.5073669676 -0.1561844106 -0.4932939694 0
0.6398145367 -0.9199884374 -0.2036404857 0.368366931 0.8686128975 -0.0614006445 -0.278294946 -0.693236973 -0.514861247 0.6998377946 -0.2576467288 -0.1820376112 0.2350948099 -0.01531988666 -0.7533948225 -0.4882788852 0.5419266531 0.3846577008 0.5073669676 -0.2897857449 1.140017528 0
0.6398145367 -0.06184642712 -0.2036404857 1.133559634 1.154823814 -0.0614006445 -0.278294946 -0.9923642996 -0.1674247814 0.1396752233 -0.8023350611 0.4269186142 -0.1925484688 0.5896954806 0.6226310329 -0.4882788852 0.4818110768 0.06541726467 0.09356344079 0.3448205927 -0.4932939694 0
0.6398145367 0.7436026403 -0.2036404857 0.6650469302 1.454776934 -0.0614006445 -0.278294946 -0.9923642996 -0.05161262623 0.5753572232 -1.125743758 0.4269186142 -0.1925484688 0.5896954806 1.310643961 -0.4882788852 0.4216955005 0.1931134391 0.3004652042 0.3782209262 -0.4932939694 0
-0.6299899074 0.7972668662 -0.04256838522 0.1454847737 1.523756782 -0.0614006445 1.129065195 -1.411142557 0.9906967705 -0.4204873479 -0.6831844884 0.8770166939 -0.834013387 0.5346940836 0.6226310329 -0.4882788852 0.4216955005 -0.5092155203 -0.2512728315 1.91463627 -0.4932939694 0
-0.7358069444 2.701002157 -0.002375107757 0.03353003261 0.8678719846 -0.0614006445 -0.278294946 -1.351317091 0.8748846153 -0.4204873479 -1.398087925 0.8770166939 -0.834013387 0.5346940836 0.9666374967 0.9630825414 -0.1193446858 0.06541726467 0.09356344079 0.01081725713 -0.4932939694 0
-0.7358069444 2.90166157 0.00877813795 0.1260409337 0.1351246038 -0.0614006445 -0.278294946 -1.351317091 0.7590724601 -0.4204873479 -1.398087925 0.8770166939 -0.834013387 0.5346940836 -0.06538189482 -0.4882788852 -0.1193446858 0.1931134391 0.09356344079 -0.1561844106 -0.4932939694 0
-0.7358069444 0.8623258591 -0.0550410274 0.212972265 1.607383433 -0.0614006445 1.182383797 -1.411142557 0.9906967705 -0.4204873479 -0.666162978 0.8770166939 -0.834013387 0.5346940836 0.9666374967 -0.4882788852 0.4216955005 -0.5092155203 -0.1823055771 1.948036603 -0.4932939694 0
-0.7358069444 1.111062504 -0.0625257052 0.7050896599 1.056873054 -0.0614006445 -0.278294946 -1.291491626 0.7590724601 -0.4204873479 -0.4619048534 1.353591131 -1.332930546 0.7546996716 1.310643961 -0.4882788852 0.4216955005 -0.3176712586 0.02459618633 1.480431934 1.140017528 0
-0.7358069444 -0.02223987319 0.04585712668 0.01970066649 1.239674085 -0.0614006445 -0.278294946 -1.291491626 0.8748846153 -0.4204873479 -0.1384961561 1.353591131 -1.332930546 0.7546996716 1.310643961 -0.4882788852 0.4216955005 -0.7007597819 -0.3892073404 2.38224094 -0.4932939694 0
-0.7358069444 -0.1773574658 0.04402527882 -0.09516831434 1.225553121 -0.0614006445 -0.278294946 -1.351317091 0.8748846153 -0.4204873479 0.0487404582 1.353591131 -1.332930546 0.7546996716 1.654650424 -0.4882788852 0.4216955005 -0.6369116947 -0.3892073404 2.115038271 -0.4932939694 0
-0.7358069444 -0.9199884374 0.03948610076 0.09266039259 1.458299772 -0.0614006445 -0.278294946 -1.351317091 0.9906967705 -0.4204873479 0.0487404582 1.353591131 -1.332930546 0.7546996716 1.310643961 -0.4882788852 0.4216955005 -0.7007597819 -0.4581745949 2.449041607 -0.4932939694 0
-0.7358069444 -0.3986155585 0.1006437167 0.527466248 1.997086567 -0.0614006445 -0.278294946 -1.590618953 1.453945391 -0.4204873479 -0.3257327703 1.353591131 -1.332930546 0.7546996716 1.998656888 -0.4882788852 -0.2996914146 -1.147696392 -1.078879885 1.714234268 -0.4932939694 0
-0.4183558334 1.209408124 -0.048295392 -0.1632835882 0.6849617751 -0.0614006445 1.466831735 -1.470968022 0.8748846153 -0.4204873479 -1.074679227 0.8770166939 -0.834013387 0.5346940836 -0.06538189482 -0.4882788852 -0.1193446858 -0.4453674331 -0.2512728315 0.8792259295 -0.4932939694 0
-0.4183558334 0.7284199177 -0.03871833453 0.1880639196 1.011489208 -0.0614006445 1.88320487 -1.530793487 1.106508926 -0.4204873479 -1.074679227 0.8770166939 -0.834013387 0.5346940836 0.9666374967 -0.4882788852 -0.1193446858 -0.6369116947 -0.5271418494 1.213229265 -0.4932939694 0
-0.4183558334 0.6125318307 0.01539897731 -0.1218471463 1.004884958 -0.0614006445 1.157090664 -1.351317091 0.8748846153 -0.4204873479 -0.3257327703 0.9299694091 -0.9052872667 0.5346940836 0.9666374967 -0.4882788852 0.4216955005 -0.4453674331 -0.1823055771 1.647433601 -0.4932939694 0
-0.4183558334 -0.9199884374 0.05080406231 0.1731265086 1.558008831 -0.0614006445 2.580102096 -1.351317091 0.9906967705 -0.4204873479 0.03171894781 1.353591131 -1.332930546 0.7546996716 1.654650424 -0.4882788852 0.4216955005 -0.7646078691 -0.4581745949 2.549242607 -0.4932939694 0
-0.4183558334 -0.2116807673 -0.006791294447 0.6500082346 0.833829452 -0.0614006445 1.26966984 -1.231666161 0.6432603049 -0.4204873479 0.1338480101 0.4533949718 -0.9052872667 -0.4553310628 0.6226310329 -0.4882788852 -0.1794602621 -0.5092155203 -0.3892073404 0.7122242618 1.140017528 0
-0.4183558334 -0.5773517817 0.02489662315 0.2597361495 0.6376741452 -0.0614006445 1.968141877 -1.351317091 0.8748846153 -0.4204873479 0.2019340517 1.353591131 -1.332930546 0.7546996716 0.9666374967 -0.4882788852 0.4216955005 -0.6369116947 -0.4581745949 1.981436937 -0.4932939694 0
-0.4183558334 -0.03351746219 -0.0003906770593 0.2032500303 1.025602533 -0.0614006445 1.174702718 -1.171840696 0.6432603049 -0.4204873479 -0.1555176664 0.4533949718 -0.9052872667 -0.4553310628 1.310643961 -0.4882788852 -0.1794602621 -0.5092155203 -0.3892073404 0.6788239282 1.140017528 0
-0.4183558334 -0.9199884374 0.08347592984 1.085837393 1.213481653 -0.0614006445 2.947133694 -1.650444418 1.453945391 -0.4204873479 0.08278347897 1.353591131 -1.332930546 0.7546996716 1.654650424 -0.4882788852 -0.1794602621 -1.21154448 -1.009912631 1.747634602 -0.4932939694 0
-0.4183558334 0.4120528875 0.0184759141 -0.1005790299 1.028603791 -0.0614006445 -0.278294946 -0.8727133689 0.2958238393 -0.4204873479 -0.2065821976 1.168256628 -1.119108906 0.6996982746 0.9666374967 0.9630825414 -0.1794602621 -0.3176712586 -0.2512728315 0.3114202591 -0.4932939694 0
-0.4183558334 0.6237590741 -0.07493139975 0.07225851109 0.5069988287 -0.0614006445 -0.278294946 -0.7530624383 0.06419952896 -0.4204873479 -0.4789263638 0.4269186142 -0.7983764471 -0.3453282688 0.6226310329 -0.4882788852 -0.1794602621 0.001569177458 -0.1133383226 -0.1561844106 1.140017528 0
-0.4183558334 0.7935264746 0.0004500106364 -0.2816037988 1.204299274 -0.0614006445 -0.278294946 -0.8128879036 0.2958238393 -0.4204873479 -0.7682920404 0.9299694091 -0.7983764471 0.6996982746 2.342663352 -0.4882788852 0.06100204298 -0.3176712586 -0.1133383226 0.6454235947 -0.4932939694 0
-0.4183558334 1.220351222 0.0003019394667 -0.3671666343 0.8885082361 -0.0614006445 -0.278294946 -0.8128879036 0.2958238393 -0.4204873479 -0.9044641234 1.777212853 -1.190382786 1.854727612 2.342663352 -0.4882788852 0.06100204298 -0.1899750842 0.02459618633 0.6788239282 -0.4932939694 0
-0.4183558334 1.129167496 0.001376192282 -0.5021935183 0.8967891684 -0.0614006445 -0.278294946 -0.8727133689 0.5274481497 -0.4204873479 -0.75127053 1.777212853 -1.190382786 1.854727612 2.686669816 -0.4882788852 0.06100204298 -0.3815193458 -0.04437106814 0.9460265967 -0.4932939694 0
-0.4183558334 1.015209331 0.01148755743 -0.7436784269 0.9747334614 -0.0614006445 -0.278294946 -1.052189765 0.5274481497 -0.4204873479 -1.21085131 1.777212853 -1.190382786 1.854727612 2.686669816 -0.4882788852 -0.05922910954 -0.5092155203 -0.1133383226 1.280029932 -0.4932939694 0
-0.4183558334 0.7871227483 -0.06131104472 -0.1601768518 1.236428044 -0.0614006445 1.120751805 -1.411142557 0.9906967705 -0.4204873479 -0.5129693846 0.8770166939 -0.834013387 0.5346940836 0.9666374967 -0.4882788852 0.4216955005 -0.4453674331 -0.1133383226 1.847835603 -0.4932939694 0
-0.4183558334 -0.2116807673 -0.08553097136 -0.6562085666 1.137315031 -0.0614006445 4.365599411 -1.829920814 1.453945391 -0.4204873479 -1.398087925 0.4004422566 -0.834013387 -0.4553310628 -0.06538189482 -0.4882788852 -1.261540635 -1.147696392 -1.423716157 0.7790249289 -0.4932939694 0
-0.4183558334 0.6950306268 0.007954434355 -0.04034401759 0.7992165839 -0.0614006445 1.234360518 -1.351317091 0.8748846153 -0.4204873479 -0.2746682391 0.9299694091 -0.9052872667 0.5346940836 0.6226310329 -0.4882788852 0.4216955005 -0.3815193458 -0.1133383226 1.680833935 -0.4932939694 0
-0.4183558334 -0.9199884374 0.03776273947 -0.3009873787 1.177277813 -0.0614006445 2.885579622 -1.351317091 1.106508926 -0.4204873479 0.1678910309 1.353591131 -1.332930546 0.7546996716 2.342663352 -0.4882788852 0.4216955005 -0.7646078691 -0.3892073404 2.682843942 -0.4932939694 0
-0.4183558334 0.2190468885 0.005285668356 -0.0604677862 0.7805144091 -0.0614006445 1.215281912 -1.11201523 0.6432603049 -0.4204873479 -0.002324072964 0.4533949718 -0.9052872667 -0.4553310628 1.310643961 -0.4882788852 -0.1794602621 -0.4453674331 -0.320240086 0.6788239282 1.140017528 0
-0.4183558334 -0.9199884374 0.1238554105 1.759658436 1.840930153 -0.0614006445 2.940870758 -1.710269883 1.685569702 -0.4204873479 -0.07041011451 1.353591131 -1.332930546 0.7546996716 1.654650424 -0.4882788852 -0.1794602621 -1.21154448 -1.078879885 1.781034936 -0.4932939694 0
-0.4183558334 0.194940328 0.0008639517143 0.2146026459 0.4629026335 -0.0614006445 1.183671796 -0.9325388343 0.1800116841 -0.4204873479 -0.3087112599 0.4533949718 -0.9052872667 -0.4553310628 1.310643961 -0.4882788852 -0.1794602621 -0.2538231714 -0.2512728315 0.2112192585 1.140017528 0
-0.4183558334 0.4143959677 -0.03676015582 -0.2516777051 1.03161558 -0.0614006445 -0.278294946 -0.9325388343 0.1800116841 -0.4204873479 -0.1895606872 0.4269186142 -0.7983764471 -0.3453282688 0.6226310329 -0.4882788852 -0.1794602621 -0.126126997 -0.2512728315 -0.05598340998 1.140017528 0
-0.4183558334 0.8031178278 -0.02406170901 -0.4442543012 0.9775585513 -0.0614006445 -0.278294946 -0.7530624383 0.1800116841 -0.4204873479 -0.8023350611 0.9299694091 -0.7983764471 0.6996982746 2.342663352 -0.4882788852 0.06100204298 -0.2538231714 -0.1133383226 0.4784219269 -0.4932939694 0
-0.4183558334 1.172282133 -0.02919859628 -0.3956599849 0.8532008698 -0.0614006445 -0.278294946 -0.693236973 0.06419952896 -0.4204873479 -0.7342490196 1.777212853 -1.190382786 1.854727612 1.310643961 -0.4882788852 0.06100204298 -0.06227890976 -0.04437106814 0.01081725713 -0.4932939694 0
-0.4183558334 0.6381637539 0.01906248962 -0.4043938557 0.7470048007 -0.0614006445 1.181097952 -0.9325388343 0.2958238393 -0.4204873479 -0.4108403222 1.088827555 -1.012198086 0.6996982746 2.342663352 -0.4882788852 0.06100204298 -0.3176712586 -0.2512728315 0.545222594 -0.4932939694 0
-0.4183558334 1.806327935 0.02366461806 0.2495172496 0.1925014224 -0.0614006445 -0.278294946 -0.5137605771 0.1800116841 -0.4204873479 -0.5640339157 1.327114774 -1.119108906 1.029706657 0.278624569 -0.4882788852 0.06100204298 0.1292653519 0.1625306953 -0.08938374354 -0.4932939694 0
-0.1009047223 -0.6960151472 -0.2036404857 0.2227978478 0.1800854845 -0.0614006445 -0.278294946 -1.052189765 -0.05161262623 -0.4204873479 0.6785363425 0.2680604684 -0.6914656274 -0.5103324599 -0.7533948225 -0.4882788852 0.0008864667171 -0.06227890976 0.02459618633 -0.1895847442 1.140017528 0
-0.1009047223 -0.9199884374 -0.2036404857 0.6108497164 0.7084060522 -0.0614006445 -0.278294946 -1.530793487 0.5274481497 -0.4204873479 0.6955578529 0.1886313956 -0.7271025673 -0.7303380479 -0.4093883587 0.9630825414 -0.5401537196 -0.4453674331 -0.4581745949 0.01081725713 1.140017528 0
0.004912314662 -0.7058767886 -0.2036404857 0.1409597385 -0.1331614547 -0.0614006445 -0.278294946 -0.9923642996 -0.1674247814 -0.4204873479 0.8657729567 0.1356786803 -0.5132809279 -0.5103324599 -0.4093883587 2.414443968 0.2413487718 0.1292653519 0.09356344079 -0.3231860784 1.140017528 0
0.004912314662 -0.9199884374 -0.2036404857 0.03220301585 -0.6835984744 -0.0614006445 -0.278294946 -0.693236973 -0.514861247 -0.4204873479 0.8657729567 -1.029281055 1.054744428 -0.5103324599 -1.097401286 -0.4882788852 0.1211176192 0.3208096135 0.1625306953 -0.6237890804 -0.4932939694 0
0.004912314662 0.3571117903 -0.2036404857 -1.047084022 0.1371920741 -0.0614006445 -0.278294946 -1.171840696 0.06419952896 -0.4204873479 0.4742782179 0.4798713295 -0.5132809279 0.2046857014 -0.06538189482 2.414443968 0.301464348 0.3208096135 0.2314979497 -0.1561844106 1.140017528 0
0.004912314662 -0.6074225119 -0.2036404857 -0.3389383512 0.5217157081 -0.0614006445 -0.278294946 -1.231666161 0.06419952896 -0.4204873479 0.6444933217 0.08272596504 -0.5132809279 -0.6203352539 0.278624569 2.414443968 0.2413487718 0.001569177458 0.02459618633 -0.1227840771 1.140017528 0
0.004912314662 1.680174456 -0.2036404857 -0.736797756 0.9875226673 -0.0614006445 -0.278294946 -1.470968022 0.7590724601 -0.4204873479 -0.9044641234 0.6652058328 -0.5132809279 0.5896954806 0.278624569 -0.4882788852 0.301464348 0.3208096135 0.3694324586 0.2780199256 1.140017528 0
0.004912314662 1.298132983 -0.2036404857 -0.7593309153 1.352949536 -0.0614006445 -0.278294946 -1.530793487 0.9906967705 -0.4204873479 -0.7172275092 0.6916821905 -0.5132809279 0.6446968776 0.6226310329 0.9630825414 0.5419266531 0.3208096135 0.4383997131 0.5118222604 1.140017528 0
0.004912314662 1.632063796 -0.2036404857 -0.7534332573 0.6832352644 -0.0614006445 -0.278294946 -1.411142557 0.6432603049 -0.4204873479 -0.3257327703 0.5593004023 -0.3707331683 0.5896954806 0.6226310329 2.414443968 0.4216955005 0.3846577008 0.3694324586 0.07761792424 -0.4932939694 0
0.004912314662 1.589846225 -0.2036404857 -1.635871141 -0.6835984744 -0.0614006445 -0.278294946 -1.11201523 -0.05161262623 -0.4204873479 -0.7172275092 -0.4203248299 0.6983750286 0.2046857014 -0.7533948225 0.9630825414 0.5419266531 0.8315943113 0.714268731 -0.3231860784 -0.4932939694 0
0.004912314662 1.106541035 -0.2036404857 -1.013004632 0.4741328183 -0.0614006445 -0.278294946 -1.351317091 0.5274481497 -0.4204873479 -0.07041011451 0.5593004023 -0.3707331683 0.5896954806 0.9666374967 2.414443968 0.4216955005 0.448505788 0.4383997131 0.04421759068 -0.4932939694 0
0.004912314662 1.082342886 -0.2036404857 -0.8446052156 0.787139363 -0.0614006445 -0.278294946 -1.470968022 0.7590724601 -0.4204873479 -0.03636709374 0.7446349057 -0.5845548077 0.6446968776 1.654650424 2.414443968 0.301464348 0.1931134391 0.2314979497 0.1110182578 -0.4932939694 0
0.004912314662 0.3712414025 -0.2036404857 -1.040569774 0.1462731728 -0.0614006445 -0.278294946 -1.11201523 0.06419952896 -0.4204873479 -0.1214746457 0.5328240447 -0.7983764471 -0.1253226807 1.654650424 0.9630825414 0.4216955005 0.2569615263 0.3694324586 0.1778189249 1.140017528 0
0.004912314662 -0.3549250948 -0.2036404857 -0.8543302483 0.4058978153 -0.0614006445 -0.278294946 -0.9325388343 0.06419952896 -0.4204873479 0.06576196858 0.7446349057 -0.834013387 0.2596870984 2.342663352 0.9630825414 0.4216955005 0.1931134391 0.3004652042 0.4116212598 1.140017528 0
0.004912314662 -0.4451229983 -0.2036404857 -0.6506893268 0.2319876087 -0.0614006445 -0.278294946 -0.9923642996 -0.05161262623 -0.4204873479 0.03171894781 0.5328240447 -0.7983764471 -0.1253226807 2.342663352 0.9630825414 0.4216955005 0.2569615263 0.3694324586 0.1778189249 1.140017528 0
0.004912314662 -0.9199884374 -0.2036404857 -0.2480157922 -0.6835984744 -0.0614006445 -0.278294946 -1.291491626 0.06419952896 -0.4204873479 0.831729936 -0.8439465519 0.555827269 -0.895342239 0.278624569 -0.4882788852 0.1211176192 0.1931134391 0.09356344079 -0.5903887469 1.140017528 0
0.1107293517 -0.2724446568 -0.2036404857 -0.292441388 0.5649280084 -0.0614006445 -0.278294946 -0.8727133689 0.06419952896 -0.4204873479 -0.4959478742 0.7446349057 -0.834013387 0.2596870984 1.654650424 0.9630825414 0.6621578056 0.2569615263 0.5073669676 0.6454235947 1.140017528 0
0.2165463887 -0.5442591025 -0.2036404857 -0.5965262826 0.7652858952 -0.0614006445 -0.278294946 -0.9325388343 0.1800116841 -0.4204873479 -0.5129693846 0.7446349057 -0.834013387 0.2596870984 1.998656888 0.9630825414 0.6621578056 0.1931134391 0.4383997131 0.8124252624 1.140017528 0
0.2165463887 -0.9199884374 -0.2036404857 -0.1816526435 1.343634739 -0.0614006445 -0.278294946 -0.9923642996 0.5274481497 -0.4204873479 -0.4619048534 0.7446349057 -0.834013387 0.2596870984 2.342663352 2.414443968 0.7222733818 0.001569177458 0.2314979497 1.513832267 1.140017528 0
0.2165463887 -0.9199884374 -0.2036404857 -0.8031579318 0.8641780164 -0.0614006445 -0.278294946 -0.8727133689 0.1800116841 -0.4204873479 -0.5810554261 0.7446349057 -0.834013387 0.2596870984 1.998656888 2.414443968 0.7222733818 0.1292653519 0.3694324586 0.9794269302 1.140017528 0
-1.159075092 1.159500397 -0.2036404857 0.0898173948 -0.6835984744 -0.0614006445 -0.278294946 -0.7530624383 -0.514861247 -0.4204873479 -0.9555286546 -0.7115647638 0.6983750286 -0.4003296658 -1.097401286 -0.4882788852 -0.2996914146 -0.126126997 -0.3892073404 -0.4233870791 -0.4932939694 0
-1.159075092 1.185034183 -0.2036404857 0.54772645 -0.3453746948 -0.0614006445 -0.278294946 -1.052189765 -0.2832369366 -0.4204873479 -0.8363780819 -0.1820376112 -0.01436376933 -0.4003296658 -0.06538189482 -0.4882788852 -0.4199225671 -0.2538231714 -0.5271418494 -0.2897857449 -0.4932939694 0
-1.159075092 0.1794282728 -0.2036404857 1.405342304 0.02299512117 -0.0614006445 -0.278294946 -1.231666161 0.06419952896 -0.4204873479 -0.5640339157 -0.1820376112 -0.01436376933 -0.4003296658 -0.7533948225 -0.4882788852 -0.9609627534 -0.5092155203 -0.9409453761 -0.1561844106 -0.4932939694 0
-1.159075092 0.80521712 -0.2036404857 1.772896358 0.5835869538 -0.0614006445 -0.278294946 -1.411142557 0.5274481497 -0.4204873479 -0.9044641234 0.2415841108 -0.5845548077 -0.4003296658 -0.7533948225 -0.4882788852 -0.6603848721 -0.6369116947 -0.7340436128 -0.05598340998 -0.4932939694 0
-1.159075092 0.5616473591 -0.2036404857 1.096469055 0.586061918 -0.0614006445 -0.278294946 -1.231666161 0.2958238393 -0.4204873479 -0.7002059988 -0.0496558231 -0.5845548077 -1.005345033 -0.06538189482 -0.4882788852 -0.4199225671 -0.7646078691 -0.7340436128 0.1444185913 1.140017528 0
-1.159075092 -0.06281609177 -0.2036404857 0.7352444133 1.152746495 -0.0614006445 -0.278294946 -1.171840696 0.1800116841 -0.4204873479 -0.75127053 -0.02317946547 -0.6914656274 -1.115347827 -0.7533948225 -0.4882788852 -0.9609627534 -1.21154448 -1.216814394 0.2780199256 1.140017528 0
-1.159075092 -0.2046678113 -0.2036404857 0.3428532912 1.155343867 -0.0614006445 -0.278294946 -1.171840696 0.06419952896 -0.4204873479 -0.6491414676 -0.02317946547 -0.6914656274 -1.115347827 -0.06538189482 -0.4882788852 -0.8407316009 -1.339240654 -1.354748903 0.4450215933 -0.4932939694 0
-1.159075092 -0.178446382 -0.2036404857 0.7572635604 0.9050283989 -0.0614006445 1.342301636 -1.11201523 -0.05161262623 -0.4204873479 -1.21085131 -0.02317946547 -0.6914656274 -1.115347827 0.6226310329 -0.4882788852 -0.7806160247 -1.339240654 -1.354748903 0.5118222604 -0.4932939694 0
-1.159075092 -0.9199884374 -0.2036404857 -0.4193857561 1.012226187 -0.0614006445 2.604957717 -1.231666161 0.06419952896 -0.4204873479 -1.398087925 -0.1555612536 -0.6914656274 -1.390354812 -0.7533948225 -0.4882788852 -0.7806160247 -1.722329177 -1.975454193 1.079627931 -0.4932939694 0
-1.159075092 -0.6911505647 -0.2036404857 1.212686247 1.375434478 -0.0614006445 1.22204022 -1.052189765 -0.05161262623 -0.4204873479 -0.6491414676 -0.129084896 -0.7271025673 -1.390354812 -0.06538189482 -0.4882788852 -1.321656211 -1.466936829 -1.561650666 0.1110182578 -0.4932939694 0
-1.159075092 -0.9199884374 -0.2036404857 1.139839522 1.896028978 -0.0614006445 -0.278294946 -0.9923642996 -0.05161262623 -0.4204873479 -0.4278618326 -0.1820376112 -0.7271025673 -1.500357606 -0.7533948225 0.9630825414 -1.321656211 -1.339240654 -1.423716157 0.01081725713 1.140017528 0
-1.159075092 -0.02409527631 -0.2036404857 1.461910472 0.7558747904 -0.0614006445 -0.278294946 -0.6334115077 -0.3990490918 -0.4204873479 -0.3257327703 0.2415841108 -0.7271025673 -0.6203352539 0.278624569 0.9630825414 -0.5401537196 -0.6369116947 -0.7340436128 0.2780199256 1.140017528 0
-1.159075092 -0.9199884374 -0.2036404857 0.9780268207 1.745647134 -0.0614006445 -0.278294946 -0.9923642996 -0.1674247814 -0.4204873479 -0.444883343 -0.1820376112 -0.7271025673 -1.500357606 -0.4093883587 0.9630825414 -1.321656211 -1.275392567 -1.354748903 -0.02258307643 1.140017528 0
-1.159075092 0.1051433685 -0.2036404857 1.672475922 0.1948692557 -0.0614006445 -0.278294946 -0.4539351117 -0.514861247 -0.4204873479 -0.2746682391 -0.07613218073 -0.2994592885 -0.6203352539 0.6226310329 -0.4882788852 0.0008864667171 -0.4453674331 -0.5271418494 0.4784219269 1.140017528 0
-1.159075092 0.4900441476 -0.2036404857 1.61449638 -0.6835984744 -0.0614006445 -0.278294946 -0.3342841811 -0.6306734022 -0.4204873479 0.06576196858 -0.4203248299 0.1638209302 -0.6203352539 -0.06538189482 -0.4882788852 0.8425045344 -0.126126997 -0.320240086 0.8792259295 -0.4932939694 0
-1.159075092 0.3277048582 -0.2036404857 1.240276431 -0.1490046386 -0.0614006445 -0.278294946 -0.4539351117 -0.6306734022 -0.4204873479 -0.1214746457 -0.07613218073 -0.2994592885 -0.6203352539 0.278624569 -0.4882788852 0.8425045344 -0.3176712586 -0.4581745949 1.580632934 1.140017528 0
-1.159075092 0.9257476468 -0.2036404857 1.767920054 -0.6835984744 -0.0614006445 -0.278294946 -0.2146332505 -0.7464855574 -0.4204873479 -0.2746682391 -0.6850884062 0.5201903291 -0.6203352539 -0.4093883587 -0.4882788852 0.8425045344 0.1292653519 0.02459618633 0.3782209262 1.140017528 0
1.063082685 -0.9199884374 -0.2036404857 0.7761257136 -0.6835984744 -0.0614006445 -0.278294946 0.8023996598 -1.209734178 0.1396752233 -0.05338860412 -1.42642642 1.624935466 -0.4553310628 -1.44140775 -0.4882788852 0.7222733818 0.8954423985 0.8522032399 -0.657189414 -0.4932939694 0
1.063082685 -0.9199884374 -0.2036404857 1.336419622 -0.6835984744 -0.0614006445 -0.278294946 0.8023996598 -1.209734178 0.9487989373 -0.3257327703 -1.611760923 1.945667925 -0.3453282688 -1.44140775 -0.4882788852 1.022851263 1.150834747 1.128072258 -0.6905897475 -0.4932939694 0
1.063082685 -0.6995299824 -0.2036404857 0.8034631051 0.7332849602 -0.0614006445 -0.278294946 0.263970472 -0.6306734022 1.322240652 -0.4108403222 1.062351197 -0.7983764471 0.9747052597 -0.7533948225 -0.4882788852 1.022851263 0.8315943113 1.197039512 0.545222594 1.140017528 0
1.063082685 -0.5731217155 -0.2036404857 1.242643643 1.545709223 -0.0614006445 -0.278294946 -0.2146332505 -0.2832369366 0.9487989373 -0.4959478742 1.088827555 -0.834013387 0.9747052597 -1.097401286 -0.4882788852 1.263313568 0.448505788 0.8522032399 1.747634602 1.140017528 0
1.063082685 -0.5006420963 -0.2036404857 1.2641251 1.472508072 -0.0614006445 -0.278294946 -0.2146332505 -0.05161262623 1.260000366 -0.6150984469 1.088827555 -0.834013387 0.9747052597 -0.06538189482 -0.4882788852 1.263313568 0.448505788 0.9211704943 1.981436937 1.140017528 0
1.063082685 -0.9199884374 -0.2036404857 1.47292482 1.483288606 -0.0614006445 -0.278294946 -0.03515685455 0.06419952896 1.63344208 -0.4278618326 1.088827555 -0.834013387 0.9747052597 -0.7533948225 0.9630825414 1.263313568 0.5123538752 1.128072258 2.215239272 1.140017528 0
1.063082685 0.1424730931 -0.2036404857 0.5683696867 2.730614352 -0.0614006445 -0.278294946 -0.7530624383 0.4116359945 -0.4204873479 -1.398087925 1.088827555 -0.834013387 0.9747052597 -0.7533948225 -0.4882788852 1.263313568 0.001569177458 0.3694324586 3.150448611 1.140017528 0
1.063082685 -0.2830467653 -0.2036404857 0.1260409337 3.410016884 -0.0614006445 -0.278294946 -1.171840696 0.7590724601 -0.4204873479 -1.398087925 1.088827555 -0.834013387 0.9747052597 -0.7533948225 -0.4882788852 0.4216955005 -0.3176712586 -0.2512728315 2.081637938 -0.4932939694 0
1.380533796 0.3614263137 -0.2036404857 -1.045094879 -0.6835984744 -0.0614006445 -0.278294946 0.08449407608 -0.7464855574 -0.4204873479 0.06576196858 -0.1820376112 0.4845533892 0.3696898925 -0.06538189482 -0.4882788852 1.143082416 1.278530922 1.197039512 -0.5569884133 1.140017528 0
1.380533796 0.3215787028 -0.2036404857 -0.4910608539 -0.6835984744 -0.0614006445 -0.278294946 0.08449407608 -0.7464855574 -0.4204873479 0.03171894781 -1.135186486 1.767483225 0.3696898925 -0.7533948225 -0.4882788852 1.022851263 1.214682835 1.059105003 -0.5903887469 -0.4932939694 0
1.380533796 0.3756520908 -0.2036404857 -0.1425340656 -0.6835984744 -0.0614006445 -0.278294946 0.3836214026 -0.8622977126 -0.1092859194 -0.0874316249 -0.1820376112 0.4845533892 0.3696898925 0.278624569 -0.4882788852 0.7823889581 1.278530922 1.197039512 -0.5235880797 1.140017528 0
1.380533796 0.008527502351 -0.2036404857 0.9325955138 -0.6835984744 -0.0614006445 -0.278294946 0.6229232639 -0.9781098678 0.07743493764 -0.3938188119 -1.241091916 1.696209346 0.03968151036 0.278624569 -0.4882788852 0.7823889581 1.08698666 0.9901377488 -0.6237890804 -0.4932939694 0
1.380533796 0.06520315811 -0.2036404857 0.6351648687 -0.6835984744 -0.0614006445 -0.278294946 0.6229232639 -0.9781098678 0.07743493764 -0.2746682391 -0.02317946547 0.09254705036 0.09468290738 0.278624569 -0.4882788852 0.7823889581 1.08698666 0.9901377488 -0.657189414 1.140017528 0
1.380533796 -0.9199884374 -0.2036404857 1.044125356 -0.6835984744 -0.0614006445 -0.278294946 0.7425741945 -0.9781098678 0.201915509 -0.002324072964 -0.2085139689 0.09254705036 -0.2903268718 -0.06538189482 -0.4882788852 0.7823889581 1.023138573 0.9211704943 -0.657189414 1.140017528 0
1.063082685 1.421361967 -0.2036404857 0.9547921538 -0.6835984744 -0.0614006445 -0.278294946 -0.09498231986 -0.6306734022 -0.4204873479 -0.3597757911 -0.7380411214 1.304203007 0.4796926865 -0.4093883587 -0.4882788852 0.7823889581 1.023138573 0.9211704943 -0.5569884133 -0.4932939694 0
1.063082685 2.419749114 -0.2036404857 1.003672592 -0.6835984744 -0.0614006445 -0.278294946 -0.2146332505 -0.514861247 -0.4204873479 -1.278937352 -0.7909938367 1.553661586 0.7546996716 -0.06538189482 -0.4882788852 0.7823889581 1.214682835 1.059105003 -0.5235880797 -0.4932939694 0
1.063082685 1.152682401 -0.2036404857 0.8213153504 -0.6835984744 -0.0614006445 -0.278294946 -0.03515685455 -0.6306734022 -0.4204873479 -0.2065821976 -0.7380411214 1.304203007 0.4796926865 -0.7533948225 -0.4882788852 0.7823889581 1.023138573 0.9211704943 -0.5569884133 -0.4932939694 0
1.063082685 -0.4101782791 -0.2036404857 1.184609052 -0.6835984744 -0.0614006445 -0.278294946 0.2041450067 -0.8622977126 -0.4204873479 0.09980498935 -0.9233756248 1.161655247 -0.1253226807 -0.4093883587 -0.4882788852 0.7823889581 0.8954423985 0.8522032399 -0.6237890804 -0.4932939694 0
1.063082685 1.293817574 -0.2036404857 1.426050942 -0.6835984744 -0.0614006445 -0.278294946 -0.2146332505 -0.514861247 -0.4204873479 -0.1725391768 -0.8704229096 1.482387706 0.4796926865 -0.4093883587 -0.4882788852 0.8425045344 1.08698666 0.9901377488 -0.5903887469 -0.4932939694 0
1.063082685 1.016197177 -0.2036404857 0.5064844284 -0.6835984744 -0.0614006445 -0.278294946 -0.1548077852 -0.514861247 -0.4204873479 0.0487404582 -0.340895757 0.555827269 0.1496843044 -0.7533948225 -0.4882788852 0.8425045344 1.023138573 0.9901377488 -0.5903887469 1.140017528 0
1.063082685 0.562474635 -0.2036404857 0.7074423928 -0.6835984744 -0.0614006445 -0.278294946 -0.1548077852 -0.514861247 -0.4204873479 0.5423642594 0.6122531176 -0.5845548077 0.3696898925 0.6226310329 -0.4882788852 0.7222733818 0.9592904857 0.8522032399 -0.5235880797 1.140017528 0
1.063082685 -0.3135955383 -0.2036404857 0.880240693 -0.6835984744 -0.0614006445 -0.278294946 -0.1548077852 -0.514861247 -0.4204873479 0.6785363425 -0.340895757 1.411113827 1.469717833 -0.06538189482 -0.4882788852 0.7222733818 0.8954423985 0.8522032399 -0.6237890804 -2.126605467 0
1.063082685 0.5815902053 -0.2036404857 0.4409670199 -0.6835984744 -0.0614006445 -0.278294946 -0.2146332505 -0.514861247 -0.4204873479 0.3381061348 -0.4468011875 0.7340119685 0.2046857014 0.278624569 -0.4882788852 0.6621578056 0.8954423985 0.8522032399 -0.5569884133 -0.4932939694 0
1.063082685 1.540993 -0.2036404857 0.9169722636 -0.6835984744 -0.0614006445 -0.278294946 -0.2744587158 -0.514861247 -0.4204873479 -1.040636207 -0.4468011875 0.7340119685 0.2046857014 0.6226310329 -0.4882788852 0.6621578056 0.9592904857 0.8522032399 -0.4901877462 -0.4932939694 0
1.274716759 0.4108844197 -0.2036404857 0.2048633089 -0.398481749 -0.0614006445 -0.278294946 -0.2146332505 -0.6306734022 -0.04704563375 -0.5640339157 -0.2879430417 0.912196668 0.8097010687 0.6226310329 0.9630825414 1.143082416 1.278530922 1.197039512 -0.5235880797 -0.4932939694 0
1.274716759 0.08079984742 -0.2036404857 -1.174473329 -0.254794969 -0.0614006445 -0.278294946 -0.2744587158 -0.6306734022 -0.1092859194 0.01469743742 0.6122531176 -0.2994592885 0.8097010687 0.9666374967 0.9630825414 0.9627356869 1.278530922 1.197039512 -0.4567874126 1.140017528 0
1.274716759 0.1496640161 -0.2036404857 0.139456488 -0.408612802 -0.0614006445 -0.278294946 -0.3941096464 -0.514861247 -0.2337664908 -0.2065821976 -0.2879430417 0.912196668 0.8097010687 -0.4093883587 -0.4882788852 1.143082416 1.278530922 1.266006767 -0.4901877462 -0.4932939694 0
1.274716759 0.6218764627 -0.2036404857 -0.2141656557 -0.6835984744 -0.0614006445 -0.278294946 -0.3342841811 -0.514861247 -0.1092859194 -0.9214856338 -0.8174701943 1.624935466 0.8097010687 -1.097401286 -0.4882788852 1.263313568 1.533923271 1.403941276 -0.5569884133 -0.4932939694 0
1.274716759 -0.7065995297 -0.2036404857 0.1349619851 -0.6835984744 -0.0614006445 -0.278294946 -0.09498231986 -0.7464855574 -0.3582470622 0.3381061348 -0.764517479 1.375476887 0.5346940836 -1.44140775 -0.4882788852 1.143082416 1.342379009 1.334974021 -0.6237890804 -0.4932939694 0
1.274716759 -0.4953606644 -0.2036404857 0.1260409337 -0.6835984744 -0.0614006445 -0.278294946 -0.1548077852 -0.8622977126 -0.4204873479 0.304063114 -0.9763283401 1.624935466 0.4796926865 -1.097401286 -0.4882788852 1.143082416 1.342379009 1.334974021 -0.6237890804 -0.4932939694 0
1.274716759 1.329707683 -0.2036404857 0.5422221091 -0.6835984744 -0.0614006445 -0.278294946 -0.6334115077 -0.514861247 -0.4204873479 0.08278347897 -0.6850884062 1.268566067 0.5346940836 -1.097401286 -0.4882788852 1.022851263 1.278530922 1.197039512 -0.5235880797 -0.4932939694 0
1.274716759 1.694577138 -0.2036404857 0.4305368074 -0.6835984744 -0.0614006445 -0.278294946 -0.693236973 -0.3990490918 -0.4204873479 -0.4959478742 -0.5262302604 1.054744428 0.5346940836 -1.097401286 -0.4882788852 1.143082416 1.342379009 1.266006767 -0.5235880797 -0.4932939694 0
1.274716759 1.684191205 -0.2036404857 0.5252383022 -0.6835984744 -0.0614006445 -0.278294946 -0.3941096464 -0.6306734022 -0.4204873479 -0.3767973015 -0.6850884062 1.268566067 0.5346940836 -1.097401286 -0.4882788852 1.143082416 1.342379009 1.266006767 -0.5569884133 -0.4932939694 0
1.274716759 1.74737277 -0.2036404857 0.5776702755 -0.6835984744 -0.0614006445 -0.278294946 -0.09498231986 -0.7464855574 -0.4204873479 -0.6150984469 -0.8968992672 1.553661586 0.5346940836 -0.7533948225 -0.4882788852 1.143082416 1.342379009 1.334974021 -0.5903887469 -0.4932939694 0
1.486350833 0.6618354104 -0.2036404857 -0.0731386051 -0.6835984744 -0.0614006445 -0.278294946 -0.3941096464 -0.6306734022 -0.4204873479 0.03171894781 -0.6586120485 1.268566067 0.5896954806 -0.7533948225 -0.4882788852 1.263313568 1.214682835 1.197039512 -0.4901877462 -0.4932939694 0
1.486350833 1.025133431 -0.2036404857 0.5163722298 -0.6835984744 -0.0614006445 -0.278294946 -0.3342841811 -0.6306734022 -0.4204873479 -0.6491414676 -0.6586120485 1.268566067 0.5896954806 -0.06538189482 -0.4882788852 1.263313568 1.342379009 1.334974021 -0.5235880797 -0.4932939694 0
1.486350833 0.558759176 -0.2036404857 0.1172092758 -0.6835984744 -0.0614006445 -0.278294946 -0.4539351117 -0.6306734022 -0.4204873479 -0.05338860412 -0.6586120485 1.268566067 0.5896954806 -0.7533948225 -0.4882788852 1.143082416 1.214682835 1.197039512 -0.5569884133 -0.4932939694 0
1.486350833 0.7219975551 -0.2036404857 -0.5003531538 -0.6835984744 -0.0614006445 -0.278294946 -0.3941096464 -0.514861247 -0.4204873479 0.09980498935 -0.6586120485 1.268566067 0.5896954806 -0.4093883587 -0.4882788852 0.8425045344 1.214682835 1.128072258 -0.5235880797 -0.4932939694 0
1.486350833 0.8702122137 -0.2036404857 -0.3978550553 -0.6835984744 -0.0614006445 -0.278294946 -0.4539351117 -0.6306734022 -0.4204873479 -0.223603708 -0.5791829757 1.268566067 0.7546996716 -1.44140775 -0.4882788852 1.143082416 1.278530922 1.266006767 -0.5569884133 -0.4932939694 0
1.486350833 1.601465841 -0.2036404857 -0.1412576911 -0.6835984744 -0.0614006445 -0.278294946 -0.5735860424 -0.514861247 -0.4204873479 -0.8193565715 -0.5791829757 1.268566067 0.7546996716 -0.7533948225 -0.4882788852 1.143082416 1.342379009 1.266006767 -0.5569884133 -0.4932939694 0
1.59216787 0.6032997747 -0.2036404857 -0.1309677591 -0.6835984744 -0.0614006445 -0.278294946 -0.03515685455 -0.8622977126 1.820162937 -0.7853135507 -1.029281055 1.874394045 0.7546996716 -1.44140775 -0.4882788852 1.263313568 1.597771358 1.541875785 -0.657189414 -0.4932939694 0
1.59216787 1.031136896 -0.2036404857 -0.5564280842 -0.6835984744 -0.0614006445 -0.278294946 -0.2146332505 -0.7464855574 0.5131169375 -1.091700738 -1.029281055 1.767483225 0.5896954806 -1.44140775 -0.4882788852 1.263313568 1.533923271 1.47290853 -0.657189414 -0.4932939694 0
1.59216787 -0.4598140233 -0.2036404857 0.5917692908 -0.6835984744 -0.0614006445 -0.278294946 0.08449407608 -0.9781098678 2.629286651 -0.5810554261 -1.320520989 1.874394045 0.1496843044 -1.097401286 -0.4882788852 1.443660297 1.533923271 1.541875785 -0.657189414 -0.4932939694 0
1.59216787 -0.2809003894 -0.2036404857 -0.1626632901 -0.6835984744 -0.0614006445 -0.278294946 0.08449407608 -0.8622977126 2.442565794 -0.5129693846 -1.188139201 1.910030985 0.4796926865 -0.7533948225 -0.4882788852 1.263313568 1.533923271 1.541875785 -0.657189414 -0.4932939694 0
1.59216787 -0.6050870177 -0.2036404857 -0.7647888457 -0.6835984744 -0.0614006445 -0.278294946 0.08449407608 -0.8622977126 2.131364366 -0.4959478742 -1.346997347 1.910030985 0.1496843044 -1.097401286 -0.4882788852 1.263313568 1.533923271 1.541875785 -0.6905897475 -0.4932939694 0
1.59216787 0.498613771 -0.2036404857 0.3262020516 -0.6835984744 -0.0614006445 -0.278294946 -0.1548077852 -0.6306734022 1.882403223 -0.5640339157 -0.8439465519 1.482387706 0.5346940836 -1.097401286 -0.4882788852 1.263313568 1.533923271 1.541875785 -0.657189414 -0.4932939694 0
1.59216787 2.297134239 -0.2036404857 1.923818869 -0.6835984744 -0.0614006445 -0.278294946 -0.5137605771 -0.2832369366 -0.4204873479 -0.5810554261 -0.8439465519 1.482387706 0.5346940836 -0.7533948225 -0.4882788852 1.263313568 1.533923271 1.47290853 -0.6237890804 -0.4932939694 0
1.697984907 -0.07286667456 -0.2036404857 -0.1713001781 -0.6835984744 -0.0614006445 -0.278294946 -0.03515685455 -0.8622977126 -0.04704563375 -0.002324072964 -1.214615559 1.838757105 0.3146884955 -1.097401286 -0.4882788852 1.143082416 1.406227096 1.334974021 -0.657189414 -0.4932939694 0
1.697984907 -0.9199884374 -0.2036404857 0.24782479 -0.6835984744 -0.0614006445 -0.278294946 0.263970472 -0.9781098678 -0.3582470622 0.2359770724 -1.399950062 1.874394045 -0.01531988666 -1.44140775 -0.4882788852 1.143082416 1.342379009 1.334974021 -0.6905897475 -0.4932939694 0
1.697984907 -0.03351746219 -0.2036404857 0.2032500303 -0.6835984744 -0.0614006445 -0.278294946 -0.03515685455 -0.7464855574 0.07743493764 0.2019340517 -1.135186486 1.838757105 0.4796926865 -0.06538189482 -0.4882788852 1.263313568 1.470075183 1.47290853 -0.657189414 -0.4932939694 0
1.697984907 0.01828926177 -0.2036404857 -0.01370257276 -0.6835984744 -0.0614006445 -0.278294946 -0.2744587158 -0.6306734022 0.07743493764 0.6104503009 -0.7115647638 1.268566067 0.4796926865 0.278624569 -0.4882788852 1.263313568 1.470075183 1.47290853 -0.5903887469 -0.4932939694 0
1.697984907 -0.191268425 -0.2036404857 -0.2920112083 -0.6835984744 -0.0614006445 -0.278294946 -0.1548077852 -0.7464855574 0.824318366 0.1849125413 -0.764517479 1.268566067 0.3696898925 -0.7533948225 -0.4882788852 1.263313568 1.406227096 1.47290853 -0.5903887469 1.140017528 0
1.697984907 0.272774963 -0.2036404857 -0.8110137115 -0.6835984744 -0.0614006445 -0.278294946 -0.2744587158 -0.6306734022 -0.4204873479 0.4061921763 -1.029281055 1.624935466 0.3696898925 -1.097401286 -0.4882788852 1.022851263 1.406227096 1.334974021 -0.5569884133 -0.4932939694 0
1.697984907 0.272774963 -0.2036404857 -0.8110137115 -0.6835984744 -0.0614006445 -0.278294946 -0.2744587158 -0.6306734022 -0.4204873479 0.4061921763 -1.029281055 1.624935466 0.3696898925 -1.097401286 -0.4882788852 1.022851263 1.406227096 1.334974021 -0.5569884133 -0.4932939694 0
1.697984907 -0.7067794691 -0.2036404857 -0.1614211202 -0.6835984744 -0.0614006445 -0.278294946 0.08449407608 -0.8622977126 2.94048808 -0.1895606872 -0.764517479 1.268566067 0.3696898925 -0.4093883587 -0.4882788852 1.443660297 1.597771358 1.610843039 -0.6237890804 1.140017528 0
1.697984907 -0.9199884374 -0.2036404857 0.9263233198 -0.6835984744 -0.0614006445 -0.278294946 -0.4539351117 -0.3990490918 -0.2337664908 0.8147084256 -0.8439465519 1.268566067 0.2046857014 -0.7533948225 -0.4882788852 1.263313568 1.278530922 1.334974021 -0.5235880797 1.140017528 0
1.697984907 -0.9199884374 -0.2036404857 0.139456488 -0.6835984744 -0.0614006445 -0.278294946 0.3237959373 -1.093922023 3.313929794 -0.5640339157 -1.638237281 2.159489564 -0.07032128369 -1.097401286 -0.4882788852 1.443660297 1.661619445 1.610843039 -0.6905897475 1.140017528 0
1.697984907 -0.9199884374 -0.2036404857 0.4459118824 -0.6835984744 -0.0614006445 -0.278294946 0.3836214026 -1.093922023 3.251689508 -0.5810554261 -1.664713638 2.195126504 -0.07032128369 -1.097401286 -0.4882788852 1.443660297 1.661619445 1.679810293 -0.6905897475 1.140017528 0
1.697984907 -0.9199884374 -0.2036404857 0.805591655 -0.6835984744 -0.0614006445 -0.278294946 0.3836214026 -0.9781098678 3.064968651 -0.6491414676 -1.611760923 2.195126504 0.03968151036 -0.7533948225 -0.4882788852 1.443660297 1.661619445 1.679810293 -0.6905897475 -0.4932939694 0
1.697984907 -0.9199884374 -0.2036404857 0.9294555872 -0.6835984744 -0.0614006445 -0.278294946 0.3836214026 -0.9781098678 2.629286651 -0.666162978 -1.611760923 2.195126504 0.03968151036 -1.097401286 -0.4882788852 1.443660297 1.661619445 1.610843039 -0.6905897475 -0.4932939694 0
1.697984907 0.2273157532 -0.2036404857 0.2683369094 -0.6835984744 -0.0614006445 -0.278294946 -1.052189765 0.06419952896 0.07743493764 0.8147084256 -0.6321356909 1.375476887 0.8097010687 -0.4093883587 -0.4882788852 1.263313568 1.342379009 1.403941276 -0.4901877462 -0.4932939694 0
1.697984907 0.5896583958 -0.2036404857 1.496124793 -0.6835984744 -0.0614006445 -0.278294946 -1.411142557 0.4116359945 -0.4204873479 1.240246185 -0.4732775451 1.375476887 1.139709451 -0.7533948225 -0.4882788852 1.263313568 1.406227096 1.334974021 -0.4567874126 -0.4932939694 0
1.697984907 -0.001311431725 -0.2036404857 0.2700664414 -0.6835984744 -0.0614006445 -0.278294946 -0.5137605771 -0.7464855574 0.07743493764 0.2019340517 -0.764517479 1.589298526 0.8647024657 -0.4093883587 -0.4882788852 1.263313568 1.533923271 1.47290853 -0.5903887469 -0.4932939694 0
1.697984907 -0.4564396804 -0.2036404857 0.9286718209 -0.6835984744 -0.0614006445 -0.278294946 -0.1548077852 -0.8622977126 0.3263960804 -0.1895606872 -1.002804698 1.910030985 0.8647024657 -1.097401286 -0.4882788852 1.624007026 1.661619445 1.679810293 -0.5903887469 -0.4932939694 0
1.697984907 -0.01850592972 -0.2036404857 0.2343938122 -0.6835984744 -0.0614006445 -0.278294946 -0.4539351117 -0.7464855574 -0.4204873479 -0.1895606872 -0.9233756248 1.838757105 0.9197038627 -1.097401286 -0.4882788852 1.263313568 1.533923271 1.541875785 -0.5903887469 -0.4932939694 0
1.803801944 0.6720315681 -0.2036404857 1.667020684 -0.342535466 -0.0614006445 -0.278294946 -0.6334115077 -0.1674247814 -0.3582470622 -0.4959478742 0.02977324978 0.4845533892 0.8097010687 1.310643961 -0.4882788852 1.624007026 1.78931562 1.886712057 -0.356586412 1.140017528 0
1.803801944 1.604462579 -0.2036404857 1.855705029 -0.1427780778 -0.0614006445 -0.278294946 -0.9325388343 0.2958238393 -0.4204873479 -1.091700738 1.247685701 -1.154745846 0.8097010687 0.9666374967 -0.4882788852 1.984700483 1.78931562 2.024646566 0.04421759068 1.140017528 0
1.803801944 1.358082214 -0.2036404857 2.145096911 -0.097953321 -0.0614006445 -0.278294946 -0.8727133689 0.06419952896 -0.4204873479 -1.091700738 -0.4468011875 1.126018307 0.8097010687 -0.4093883587 -0.4882788852 1.984700483 1.78931562 2.09361382 -0.05598340998 1.140017528 0
1.803801944 1.608669989 -0.2036404857 0.9871754476 -0.6835984744 -0.0614006445 -0.278294946 -0.5735860424 -0.514861247 -0.4204873479 -1.312980373 -1.055757413 1.945667925 0.8097010687 -0.4093883587 -0.4882788852 1.984700483 2.108556056 2.231548329 -0.5235880797 1.140017528 0
0.004912314662 -0.4806038184 -0.2036404857 1.098842948 -0.4012065986 -0.0614006445 -0.278294946 -0.09498231986 -0.7464855574 -0.4204873479 0.6615148321 -0.4997539028 0.6627380887 -0.01531988666 -0.4093883587 -0.4882788852 0.0008864667171 0.1292653519 0.02459618633 -0.5569884133 -0.4932939694 0
0.004912314662 -0.9199884374 -0.2036404857 0.7733565108 -0.3104261975 -0.0614006445 -0.278294946 0.1443195414 -0.8622977126 -0.3582470622 0.5083212386 -1.135186486 0.8409227882 -1.06034643 -1.097401286 -0.4882788852 0.0008864667171 0.06541726467 -0.04437106814 -0.6237890804 1.140017528 0
0.004912314662 -0.9199884374 -0.2036404857 1.054433055 -0.6835984744 -0.0614006445 -0.278294946 0.3836214026 -0.9781098678 -0.2960067765 0.2359770724 -1.294044632 0.912196668 -1.280352018 -1.097401286 -0.4882788852 0.0008864667171 0.1292653519 0.02459618633 -0.657189414 1.140017528 0
0.004912314662 1.264073547 -0.2036404857 1.384911884 -0.6835984744 -0.0614006445 -0.278294946 -0.5735860424 -0.2832369366 -0.4204873479 0.746622384 -0.4997539028 0.6627380887 -0.01531988666 -0.4093883587 -0.4882788852 0.0008864667171 0.3846577008 0.2314979497 -0.3899867455 -0.4932939694 0
0.004912314662 2.345137229 -0.2036404857 1.87657766 -0.6835984744 -0.0614006445 -0.278294946 -0.8727133689 -0.1674247814 -0.4204873479 0.5083212386 -0.129084896 0.2350948099 0.09468290738 -0.7533948225 -0.4882788852 0.5419266531 0.5762019624 0.5073669676 -0.4233870791 1.140017528 0
0.004912314662 0.6547988368 -0.2036404857 1.164534456 -0.3944231587 -0.0614006445 1.196678618 -0.8727133689 0.06419952896 -0.4204873479 -0.05338860412 0.7446349057 -1.047835026 -0.07032128369 -0.06538189482 -0.4882788852 0.5419266531 -0.5730636075 -0.3892073404 2.515842274 1.140017528 0
0.004912314662 2.464449221 -0.2036404857 2.376437204 -0.6835984744 -0.0614006445 2.891629191 -0.9923642996 0.2958238393 -0.4204873479 -1.398087925 0.797587621 -1.012198086 0.09468290738 0.9666374967 0.9630825414 0.5419266531 0.06541726467 0.576334222 1.847835603 1.140017528 0
0.004912314662 -0.4696485575 -0.2036404857 1.167028169 -0.6835984744 13.07462921 1.197992148 -0.8128879036 -0.05161262623 -0.4204873479 0.5593857698 0.7446349057 -1.047835026 -0.07032128369 0.278624569 -0.4882788852 -2.223389855 -0.7646078691 -0.5271418494 2.449041607 1.140017528 0
0.004912314662 -0.9199884374 -0.2036404857 1.861524311 -0.6835984744 -0.0614006445 -0.278294946 -0.7530624383 -0.3990490918 -0.4204873479 1.240246185 -0.9233756248 0.7340119685 -0.785339445 -1.097401286 -0.4882788852 -0.1794602621 -0.126126997 -0.320240086 -0.5903887469 -0.4932939694 0
0.004912314662 0.7327294849 -0.2036404857 1.79294794 -0.6835984744 -0.0614006445 -0.278294946 -0.693236973 -0.2832369366 -0.4204873479 0.9849235294 -0.2614666841 0.4489164493 0.1496843044 0.278624569 -0.4882788852 0.8425045344 0.5123538752 0.3004652042 -0.08938374354 -0.4932939694 0
0.004912314662 -0.9199884374 -0.2036404857 1.370485967 -0.6835984744 -0.0614006445 -0.278294946 -0.693236973 -0.514861247 -0.4204873479 1.070031081 -0.9233756248 0.7340119685 -0.785339445 -0.7533948225 0.9630825414 -0.1794602621 -0.06227890976 -0.1823055771 -0.5903887469 -0.4932939694 0
0.004912314662 0.6286212797 -0.2036404857 1.729951244 -0.3992301051 -0.0614006445 -0.278294946 -0.7530624383 -0.2832369366 -0.4204873479 0.8998159775 -0.0496558231 0.1638209302 0.1496843044 -0.06538189482 0.9630825414 1.143082416 0.5762019624 0.5073669676 0.2112192585 1.140017528 0
0.004912314662 1.243900188 -0.2036404857 2.212118969 -0.6835984744 -0.0614006445 -0.278294946 -0.7530624383 -0.1674247814 -0.4204873479 0.6955578529 0.3474895413 0.1638209302 0.9747052597 0.278624569 -0.4882788852 1.143082416 0.8315943113 0.8522032399 -0.1895847442 -0.4932939694 0
0.004912314662 -0.4610667713 -0.2036404857 1.537808955 -0.6835984744 -0.0614006445 2.730544045 -0.8727133689 -0.2832369366 -0.4204873479 1.104074102 -0.4203248299 0.1638209302 -0.6203352539 -0.4093883587 -0.4882788852 -0.1794602621 -0.3176712586 -0.320240086 -0.1561844106 -0.4932939694 0
0.004912314662 -0.9199884374 -0.2036404857 1.479848649 0.04030589442 -0.0614006445 -0.278294946 -0.8727133689 -0.2832369366 -0.4204873479 1.087052592 -0.4997539028 0.1638209302 -0.785339445 -1.097401286 0.9630825414 -0.1794602621 -0.3176712586 -0.320240086 -0.2897857449 -0.4932939694 0
0.004912314662 1.591923898 -0.2036404857 1.838362739 -0.6835984744 -0.0614006445 -0.278294946 -1.052189765 0.2958238393 -0.4204873479 0.525342749 1.274162058 -1.297293606 0.6446968776 1.310643961 -0.4882788852 0.8425045344 0.8315943113 0.8522032399 -0.08938374354 1.140017528 0
0.004912314662 1.065868955 -0.2036404857 2.026323053 -0.6835984744 -0.0614006445 -0.278294946 -0.9325388343 0.1800116841 -0.4204873479 -0.1384961561 0.4798713295 -0.2281854087 0.6446968776 -0.4093883587 -0.4882788852 1.143082416 0.8954423985 0.9211704943 -0.1227840771 1.140017528 0
-0.2067217594 0.1890722726 -0.2036404857 1.125230516 -0.398481749 -0.0614006445 -0.278294946 -0.2744587158 -0.6306734022 0.6375975089 -0.2916897495 -0.764517479 0.6983750286 -0.5103324599 0.6226310329 -0.4882788852 0.0008864667171 0.001569177458 -0.1133383226 -0.5569884133 -0.4932939694 0
-0.2067217594 -0.3761909352 -0.2036404857 1.372641062 -0.6835984744 -0.0614006445 -0.278294946 0.3836214026 -0.9781098678 1.944643508 -0.5810554261 -1.346997347 1.232929127 -0.895342239 -1.097401286 -0.4882788852 -0.1193446858 0.1292653519 -0.04437106814 -0.657189414 -0.4932939694 0
-0.2067217594 0.6450521482 -0.2036404857 0.5287414333 -0.6835984744 -0.0614006445 -0.278294946 -0.3941096464 -0.514861247 -0.4204873479 -0.01934558335 -0.552706618 0.4132795094 -0.5103324599 0.6226310329 0.9630825414 0.0008864667171 0.1292653519 0.02459618633 -0.5569884133 -0.4932939694 0
-0.2067217594 0.8545087139 -0.2036404857 0.8184414706 -0.6835984744 -0.0614006445 -0.278294946 -0.5137605771 -0.3990490918 -0.4204873479 0.1168264997 -0.2085139689 -0.01436376933 -0.4553310628 0.6226310329 0.9630825414 0.0008864667171 0.1292653519 0.02459618633 -0.5235880797 1.140017528 0
-0.2067217594 0.0105206415 -0.2036404857 0.6163614368 -0.6835984744 -0.0614006445 -0.278294946 0.2041450067 -0.8622977126 1.571201794 -0.2576467288 -0.552706618 0.4132795094 -0.5103324599 0.278624569 -0.4882788852 0.06100204298 0.1931134391 0.09356344079 -0.6237890804 -0.4932939694 0
-0.2067217594 -0.9199884374 -0.2036404857 0.2211529878 -0.6835984744 -0.0614006445 -0.278294946 0.5032723333 -1.093922023 2.380325508 -0.3938188119 -1.42642642 1.161655247 -1.170349224 -0.7533948225 -0.4882788852 0.06100204298 0.1931134391 0.09356344079 -0.6905897475 1.140017528 0
-0.2067217594 0.2048596228 -0.2036404857 0.8533782828 -0.6835984744 -0.0614006445 -0.278294946 -0.2744587158 -0.6306734022 -0.3582470622 0.1508695205 -0.552706618 0.4132795094 -0.5103324599 0.6226310329 0.9630825414 0.0008864667171 0.1292653519 0.02459618633 -0.5903887469 -0.4932939694 0
-0.2067217594 -0.3876392845 -0.2036404857 0.5730102059 -0.6835984744 -0.0614006445 -0.278294946 0.1443195414 -0.8622977126 1.446721223 -0.2406252184 -0.9233756248 0.8409227882 -0.6203352539 -0.06538189482 -0.4882788852 0.06100204298 0.1931134391 0.09356344079 -0.6237890804 -0.4932939694 0
-0.2067217594 -0.9199884374 -0.2036404857 0.1856889782 -0.6835984744 -0.0614006445 -0.278294946 0.443446868 -0.9781098678 2.318085223 -0.3938188119 -1.161662843 1.161655247 -0.6203352539 -0.7533948225 0.9630825414 0.06100204298 0.1931134391 0.09356344079 -0.6905897475 -0.4932939694 0
-0.2067217594 -0.2603384012 -0.2036404857 0.7970995941 -0.6835984744 -0.0614006445 -0.278294946 -0.4539351117 -0.6306734022 -0.4204873479 0.8827944671 -0.8174701943 0.7696489084 -0.5103324599 -0.4093883587 -0.4882788852 0.0008864667171 0.06541726467 -0.1133383226 -0.5903887469 -0.4932939694 0
-0.2067217594 -0.1849133248 -0.2036404857 0.9058406835 -0.6835984744 -0.0614006445 -0.278294946 -0.693236973 -0.3990490918 -0.4204873479 1.393439779 -0.552706618 0.4489164493 -0.4553310628 -0.4093883587 -0.4882788852 -0.1794602621 0.001569177458 -0.1823055771 -0.5569884133 -0.4932939694 0
-0.2067217594 -0.5211464059 -0.2036404857 0.5706875156 -0.6835984744 -0.0614006445 -0.278294946 -0.3342841811 -0.6306734022 0.07743493764 0.6955578529 -0.8174701943 0.7696489084 -0.5103324599 -0.4093883587 -0.4882788852 0.0008864667171 0.06541726467 -0.04437106814 -0.5903887469 -0.4932939694 0
-0.2067217594 -0.9199884374 -0.2036404857 0.2343938122 -0.6835984744 -0.0614006445 -0.278294946 -0.8128879036 -0.3990490918 -0.4204873479 1.597697903 -0.7115647638 0.4489164493 -0.785339445 -0.4093883587 0.9630825414 -0.2996914146 -0.06227890976 -0.2512728315 -0.6237890804 -0.4932939694 0
-0.2067217594 -0.9199884374 -0.2036404857 -0.04614595182 -0.6835984744 -0.0614006445 -0.278294946 -0.8128879036 -0.3990490918 -0.4204873479 1.035988061 -1.002804698 0.8409227882 -0.785339445 -1.097401286 2.414443968 -0.2996914146 -0.06227890976 -0.2512728315 -0.657189414 -0.4932939694 0
-0.2067217594 -0.9199884374 -0.2036404857 -0.2907190606 -0.6835984744 -0.0614006445 -0.278294946 -0.9923642996 -0.2832369366 -0.4204873479 1.155138633 -1.002804698 0.8409227882 -0.785339445 -0.7533948225 2.414443968 -0.2996914146 -0.06227890976 -0.2512728315 -0.6237890804 -0.4932939694 0
-0.2067217594 -0.6104831242 -0.2036404857 0.504517738 -0.6835984744 -0.0614006445 -0.278294946 -0.2146332505 -0.7464855574 0.3886363661 0.2870416036 -0.8439465519 0.8409227882 -0.4553310628 -0.7533948225 0.9630825414 0.0008864667171 0.1292653519 0.02459618633 -0.6237890804 -0.4932939694 0
-0.2067217594 -0.9199884374 -0.2036404857 0.09123772207 -0.6835984744 -0.0614006445 -0.278294946 0.263970472 -0.9781098678 1.135519794 -0.4789263638 -1.585284566 1.375476887 -1.170349224 -1.097401286 -0.4882788852 0.06100204298 0.1931134391 0.09356344079 -0.6905897475 -0.4932939694 0
0.1107293517 -0.2110187898 -0.2036404857 0.979003958 -0.07606003664 -0.0614006445 -0.278294946 -0.9923642996 -0.05161262623 -0.4204873479 1.308332227 -0.5262302604 0.6627380887 -0.07032128369 -0.4093883587 -0.4882788852 0.2413487718 0.3208096135 0.1625306953 -0.3899867455 -0.4932939694 0
0.1107293517 0.4358605859 -0.2036404857 1.177047438 0.187803817 -0.0614006445 -0.278294946 -0.8128879036 -0.1674247814 -0.4204873479 0.7806654048 -0.3673721146 0.4489164493 -0.07032128369 -0.7533948225 -0.4882788852 0.2413487718 0.3846577008 0.2314979497 -0.356586412 -0.4932939694 0
0.1107293517 1.111062504 -0.2036404857 1.173281827 0.621755196 -0.0614006445 -0.278294946 -0.6334115077 -0.2832369366 -0.4204873479 -0.1895606872 -0.3673721146 0.4489164493 -0.07032128369 -0.7533948225 -0.4882788852 0.0008864667171 0.448505788 0.3004652042 -0.2229850778 -0.4932939694 0
0.1107293517 -0.9199884374 -0.2036404857 0.9839007313 1.751106097 -0.0614006445 -0.278294946 -0.7530624383 -0.05161262623 -0.4204873479 0.2700200932 -0.8174701943 0.4489164493 -1.005345033 -1.097401286 -0.4882788852 0.0008864667171 -0.06227890976 -0.04437106814 -0.4567874126 1.140017528 0
0.1107293517 -0.9199884374 -0.2036404857 0.8270833949 -0.4292690105 -0.0614006445 -0.278294946 -1.052189765 -0.05161262623 -0.3582470622 1.801956028 -0.4732775451 0.19945787 -0.6753366509 0.278624569 -0.4882788852 0.0008864667171 0.06541726467 0.02459618633 -0.5569884133 1.140017528 0
0.1107293517 -0.9199884374 -0.2036404857 0.6388575936 -0.6835984744 -0.0614006445 -0.278294946 -1.351317091 0.1800116841 -0.4204873479 2.227493788 -0.7115647638 0.5201903291 -0.6753366509 -1.097401286 -0.4882788852 0.1211176192 0.1292653519 0.09356344079 -0.5235880797 1.140017528 0
0.1107293517 -0.3002192134 -0.2036404857 0.9357431697 0.1130511861 -0.0614006445 -0.278294946 -0.6334115077 -0.3990490918 0.01519465194 1.035988061 -0.129084896 0.02127317057 -0.2353254748 -0.06538189482 -0.4882788852 0.0008864667171 0.1292653519 0.02459618633 -0.5235880797 -0.4932939694 0
0.1107293517 -0.9199884374 -0.2036404857 0.8270833949 -0.6835984744 -0.0614006445 -0.278294946 -0.5137605771 -0.514861247 0.07743493764 1.393439779 -0.3938484723 0.02127317057 -0.785339445 -0.4093883587 -0.4882788852 0.0008864667171 0.06541726467 0.02459618633 -0.5903887469 1.140017528 0
0.1107293517 -0.4899444804 -0.2036404857 0.4459118824 -0.6835984744 -0.0614006445 -0.278294946 -0.2744587158 -0.6306734022 0.8865586517 0.5083212386 -0.6321356909 0.555827269 -0.4553310628 -0.4093883587 -0.4882788852 0.3615799243 0.448505788 0.3694324586 -0.5903887469 1.140017528 0
0.1107293517 -0.1419396851 -0.2036404857 0.5163722298 -0.6835984744 -0.0614006445 -0.278294946 -0.6334115077 -0.3990490918 -0.04704563375 1.070031081 -0.4203248299 0.3776425695 -0.2903268718 -0.06538189482 -0.4882788852 0.3615799243 0.3846577008 0.3694324586 -0.5569884133 1.140017528 0
0.1107293517 -0.2411539501 -0.2036404857 0.2419250686 -0.2473124804 -0.0614006445 -0.278294946 -0.693236973 -0.2832369366 -0.1092859194 0.9338589983 -0.4203248299 0.3776425695 -0.2903268718 -0.06538189482 -0.4882788852 0.3615799243 0.3208096135 0.3004652042 -0.5235880797 1.140017528 0
0.1107293517 0.1227572951 -0.2036404857 0.527466248 -0.01342720599 -0.0614006445 -0.278294946 -0.5735860424 -0.3990490918 0.07743493764 -0.1384961561 -0.6850884062 0.6627380887 -0.4003296658 -0.7533948225 0.9630825414 0.3615799243 0.3208096135 0.3004652042 -0.5569884133 -0.4932939694 0
0.4281804627 -0.6942153745 -0.2036404857 0.8622684522 -0.6835984744 -0.0614006445 -0.278294946 -0.1548077852 -0.7464855574 0.1396752233 0.7636438944 -0.764517479 0.9478336079 -0.1253226807 -0.7533948225 -0.4882788852 0.1812331955 0.3208096135 0.2314979497 -0.6237890804 -0.4932939694 0
0.4281804627 -0.9199884374 -0.2036404857 1.190307008 -0.6835984744 -0.0614006445 -0.278294946 -0.5137605771 -0.514861247 -0.4204873479 1.342375248 -0.9763283401 0.9478336079 -0.5653338569 -0.7533948225 -0.4882788852 0.1812331955 0.2569615263 0.09356344079 -0.5903887469 -0.4932939694 0
0.4281804627 -0.9199884374 -0.2036404857 0.7133449471 -0.6835984744 -0.0614006445 -0.278294946 0.1443195414 -0.8622977126 0.9487989373 0.304063114 -1.002804698 0.9478336079 -0.6203352539 -0.7533948225 0.9630825414 0.4818110768 0.5123538752 0.4383997131 -0.6237890804 1.140017528 0
0.4281804627 -0.9199884374 -0.2036404857 0.9937495018 -0.6835984744 -0.0614006445 -0.278294946 -0.4539351117 -0.514861247 -0.4204873479 1.274289206 -0.9763283401 0.9478336079 -0.5653338569 -0.7533948225 0.9630825414 0.1211176192 0.2569615263 0.1625306953 -0.6237890804 -0.4932939694 0
0.4281804627 -0.9199884374 -0.2036404857 0.4874391866 -0.6835984744 -0.0614006445 -0.278294946 0.5032723333 -1.093922023 1.882403223 -0.3938188119 -1.505855493 1.553661586 -0.7303380479 -0.7533948225 -0.4882788852 0.4818110768 0.5762019624 0.5073669676 -0.6905897475 -0.4932939694 0
0.4281804627 -0.9199884374 -0.2036404857 0.8127137861 -0.6835984744 -0.0614006445 -0.278294946 0.5630977986 -1.093922023 2.06912408 -0.444883343 -1.505855493 1.553661586 -0.7303380479 -0.7533948225 -0.4882788852 0.4818110768 0.6400500496 0.576334222 -0.6905897475 -0.4932939694 0
0.4281804627 0.8314632796 -0.2036404857 0.7865672577 -0.4021845581 -0.0614006445 -0.278294946 -0.1548077852 -0.8622977126 -0.2337664908 -0.6831844884 -0.7115647638 0.7696489084 -0.2903268718 -1.44140775 -0.4882788852 0.5419266531 0.6400500496 0.576334222 -0.5903887469 1.140017528 0
0.4281804627 0.5762591612 -0.2036404857 0.4335936359 -0.6835984744 -0.0614006445 -0.278294946 -0.09498231986 -0.8622977126 -0.3582470622 -0.6150984469 -0.9233756248 1.054744428 -0.2903268718 -1.44140775 0.9630825414 0.5419266531 0.7038981368 0.6453014765 -0.6237890804 -0.4932939694 0
0.4281804627 0.5612340751 -0.2036404857 0.7054814731 -0.4116042762 -0.0614006445 -0.278294946 -0.09498231986 -0.8622977126 -0.1715262051 -0.5299908949 -0.7380411214 0.7696489084 -0.3453282688 -1.097401286 -0.4882788852 0.4818110768 0.5762019624 0.5073669676 -0.5903887469 1.140017528 0
1.274716759 -0.2175833135 -0.2036404857 1.278625057 -0.6835984744 -0.0614006445 -0.278294946 0.2041450067 -0.8622977126 -0.04704563375 0.3381061348 -0.7115647638 1.054744428 0.1496843044 -0.4093883587 -0.4882788852 0.7222733818 1.023138573 0.9211704943 -0.5903887469 -0.4932939694 0
1.274716759 -0.9199884374 -0.2036404857 1.008662291 -0.6835984744 -0.0614006445 -0.278294946 0.2041450067 -0.9781098678 -0.04704563375 0.5423642594 -1.135186486 1.375476887 -0.2353254748 -1.097401286 -0.4882788852 0.7222733818 0.8954423985 0.8522032399 -0.657189414 -0.4932939694 0
1.803801944 -0.9199884374 -0.2036404857 1.502817094 1.816655839 -0.0614006445 -0.278294946 -0.1548077852 1.222321081 1.011039223 -0.002324072964 2.333216363 -1.404204425 2.679748567 -0.06538189482 -0.4882788852 1.203197992 0.5762019624 1.197039512 2.215239272 -0.4932939694 0
1.803801944 -0.9199884374 -0.2036404857 1.464656732 2.19790028 -0.0614006445 -0.278294946 -0.3342841811 1.222321081 1.135519794 -0.444883343 1.671307423 -1.404204425 1.304713642 -0.06538189482 0.9630825414 1.143082416 0.3846577008 1.128072258 2.549242607 1.140017528 0
1.803801944 -0.6023177827 -0.2036404857 1.000356571 -0.6835984744 -0.0614006445 -0.278294946 0.6229232639 -1.093922023 0.7620780803 -0.3087112599 -1.346997347 2.016941805 0.3146884955 -0.7533948225 -0.4882788852 1.143082416 1.406227096 1.334974021 -0.6905897475 -0.4932939694 0
1.803801944 -0.9199884374 -0.2036404857 1.091142872 -0.6835984744 -0.0614006445 -0.278294946 0.8622251252 -1.093922023 1.260000366 -0.4619048534 -1.558808208 2.052578745 -0.07032128369 -1.097401286 -0.4882788852 1.143082416 1.342379009 1.334974021 -0.6905897475 -0.4932939694 0
1.274716759 -0.4551615194 -0.2036404857 0.292839592 -0.3848548679 -0.0614006445 -0.278294946 0.3836214026 -0.9781098678 0.5753572232 -0.3767973015 -0.7909938367 1.232929127 0.2596870984 -0.4093883587 -0.4882788852 1.263313568 1.470075183 1.47290853 -0.5903887469 1.140017528 0
1.274716759 -0.4806038184 -0.2036404857 -0.1165855247 -0.1188146904 -0.0614006445 -0.278294946 0.02466861077 -0.8622977126 0.3886363661 0.09980498935 -0.5262302604 1.126018307 0.6446968776 -0.7533948225 -0.4882788852 1.263313568 1.406227096 1.334974021 -0.5235880797 -0.4932939694 0
1.274716759 -0.1985452465 -0.2036404857 0.3597896036 -0.6835984744 -0.0614006445 -0.278294946 0.3237959373 -0.9781098678 0.8865586517 -0.4959478742 -1.241091916 1.838757105 0.2596870984 -0.7533948225 -0.4882788852 1.263313568 1.533923271 1.47290853 -0.6237890804 -0.4932939694 0
1.274716759 0.2713700656 -0.2036404857 1.247729345 0.08208600155 -0.0614006445 -0.278294946 -0.7530624383 -0.2832369366 -0.4204873479 0.09980498935 -0.2349903265 0.8765597281 0.8647024657 -0.4093883587 -0.4882788852 1.022851263 1.214682835 1.197039512 -0.2897857449 -0.4932939694 0
1.274716759 0.4143959677 -0.2036404857 0.671117954 0.1740085364 -0.0614006445 -0.278294946 -0.693236973 -0.3990490918 -0.4204873479 -0.0874316249 -0.1555612536 0.8052858483 0.9197038627 -0.4093883587 -0.4882788852 1.022851263 1.342379009 1.266006767 -0.2897857449 -0.4932939694 0
1.168899722 0.6079018572 -0.2036404857 1.181768712 -0.02894980986 -0.0614006445 -0.278294946 -0.9923642996 -0.05161262623 -0.4204873479 0.01469743742 0.1621550379 0.4132795094 0.9747052597 -0.4093883587 -0.4882788852 1.143082416 1.214682835 1.197039512 0.07761792424 -0.4932939694 0
1.168899722 -0.01203208371 -0.2036404857 0.24782479 -0.1000561874 -0.0614006445 -0.278294946 -1.351317091 0.4116359945 -0.4204873479 0.5593857698 0.2945368261 0.3063686897 1.084708054 0.278624569 -0.4882788852 0.9026201106 1.023138573 1.059105003 0.2780199256 -0.4932939694 0
1.274716759 -0.4192640016 -0.2036404857 0.09551272843 -0.3617835663 -0.0614006445 -0.278294946 -0.6334115077 -0.2832369366 -0.1092859194 0.3381061348 0.1621550379 0.4132795094 0.9747052597 -0.06538189482 -0.4882788852 1.263313568 1.214682835 1.266006767 -0.1227840771 -0.4932939694 0
1.274716759 -0.9199884374 -0.2036404857 -0.1876742841 -0.01065217123 -0.0614006445 -0.278294946 -0.693236973 -0.2832369366 -0.2960067765 0.3721491555 -0.340895757 0.3063686897 -0.2353254748 -0.7533948225 -0.4882788852 1.022851263 0.8954423985 1.059105003 -0.05598340998 1.140017528 0
1.274716759 -0.1689017837 -0.2036404857 0.4417895373 -0.6835984744 -0.0614006445 -0.278294946 -0.2744587158 -0.7464855574 -0.1092859194 0.4912997282 -0.4732775451 0.7696489084 0.2046857014 -0.7533948225 -0.4882788852 1.263313568 1.278530922 1.266006767 -0.5235880797 1.140017528 0
1.274716759 -0.1696446783 -0.2036404857 0.9586358613 -0.6835984744 -0.0614006445 -0.278294946 -0.3941096464 -0.6306734022 -0.1092859194 0.8827944671 -0.4732775451 0.7696489084 0.2046857014 -0.4093883587 -0.4882788852 1.263313568 1.278530922 1.334974021 -0.4901877462 1.140017528 0
1.274716759 0.2051098588 -0.2036404857 0.3092876329 -0.6835984744 -0.0614006445 -0.278294946 -0.2744587158 -0.7464855574 -0.4204873479 0.2870416036 -0.3938484723 0.7696489084 0.3696898925 -0.4093883587 -0.4882788852 1.443660297 1.342379009 1.403941276 -0.4233870791 1.140017528 0
1.274716759 -0.9199884374 -0.2036404857 1.230846438 -0.6835984744 -0.0614006445 -0.278294946 -1.11201523 -0.1674247814 -0.4204873479 1.495568841 -0.5791829757 0.7696489084 -0.01531988666 -0.7533948225 -0.4882788852 0.8425045344 0.8315943113 0.7832359854 -0.4901877462 1.140017528 0
1.380533796 0.09553704574 -0.2036404857 -0.2312946396 -0.6835984744 -0.0614006445 -0.278294946 0.02466861077 -0.8622977126 -0.3582470622 -0.1384961561 -0.9498519824 1.518024646 0.3696898925 -0.7533948225 -0.4882788852 1.443660297 1.597771358 1.541875785 -0.6237890804 -0.4932939694 0
1.380533796 -0.2136592655 -0.2036404857 0.3179810738 -0.6835984744 -0.0614006445 -0.278294946 0.2041450067 -0.8622977126 -0.2960067765 -0.3257327703 -0.9498519824 1.518024646 0.3696898925 -0.7533948225 -0.4882788852 1.443660297 1.661619445 1.610843039 -0.6237890804 1.140017528 0
-0.2067217594 1.245886019 -0.2036404857 2.108663598 0.7084060522 -0.0614006445 -0.278294946 -1.231666161 0.1800116841 -0.4204873479 -1.398087925 0.8505403362 -0.5132809279 0.9747052597 -0.4093883587 0.9630825414 1.143082416 0.448505788 0.7832359854 2.115038271 1.140017528 0
-0.2067217594 2.13271791 -0.2036404857 2.586336645 -0.6835984744 -0.0614006445 -0.278294946 -1.231666161 -0.05161262623 -0.4204873479 -1.398087925 0.003296892157 0.9478336079 1.469717833 -0.4093883587 0.9630825414 1.143082416 1.342379009 1.403941276 -0.2229850778 -0.4932939694 0
-0.2067217594 0.1723046122 -0.2036404857 1.385636824 2.124462538 -0.0614006445 -0.278294946 -1.171840696 0.2958238393 -0.4204873479 -1.398087925 0.5328240447 -0.5132809279 0.3146884955 0.6226310329 -0.4882788852 -0.1794602621 -0.8923040436 -1.078879885 1.747634602 -0.4932939694 0
0.1107293517 -0.3400209039 -0.2036404857 1.57274853 2.2983562 -0.0614006445 -0.278294946 -1.171840696 0.2958238393 -0.4204873479 -1.398087925 0.5328240447 -0.5132809279 0.3146884955 0.6226310329 -0.4882788852 -0.1794602621 -1.020000218 -1.354748903 1.881235936 -0.4932939694 0
0.004912314662 1.052957018 -0.2036404857 2.457309508 1.007080654 -0.0614006445 -0.278294946 -1.171840696 0.06419952896 -0.4204873479 -1.398087925 1.088827555 -0.5132809279 1.469717833 -0.4093883587 0.9630825414 1.443660297 0.3208096135 0.8522032399 3.284049945 1.140017528 0
0.004912314662 -0.9199884374 -0.2036404857 -0.06753238512 2.23149625 -0.0614006445 -0.278294946 -1.11201523 0.7590724601 -0.4204873479 -1.398087925 0.1886313956 -0.5132809279 -0.4003296658 -0.06538189482 -0.4882788852 -3.004892346 -1.530784916 -2.113388702 2.983446943 -2.126605467 0
0.004912314662 -0.6791638134 -0.2036404857 0.6957258382 0.5546227052 -0.0614006445 -0.278294946 -0.9923642996 0.1800116841 -0.1715262051 0.8998159775 0.4798713295 -0.7983764471 -0.2353254748 0.6226310329 3.865805395 0.0008864667171 -0.06227890976 -0.04437106814 -0.2563854113 1.140017528 0
0.004912314662 -0.4928501871 -0.2036404857 1.318010136 0.4144861964 -0.0614006445 -0.278294946 -1.351317091 0.7590724601 -0.4204873479 1.750891497 0.8240639786 -1.261656666 -0.2353254748 -0.06538189482 0.9630825414 -0.2996914146 -0.126126997 -0.1823055771 -0.1895847442 1.140017528 0
0.004912314662 -0.9199884374 -0.2036404857 -0.7187219922 0.4528807591 -0.0614006445 -0.278294946 -0.6334115077 -0.514861247 0.01519465194 0.2019340517 -0.2085139689 -0.2638223486 -0.840340842 0.9666374967 0.9630825414 0.0008864667171 0.001569177458 0.02459618633 -0.4567874126 1.140017528 0
0.004912314662 -0.9199884374 -0.2036404857 -0.06753238512 1.50272256 -0.0614006445 -0.278294946 -0.5735860424 -0.2832369366 0.201915509 -0.5810554261 -0.0496558231 -0.6914656274 -1.170349224 0.9666374967 0.9630825414 0.0008864667171 -0.126126997 -0.04437106814 -0.3231860784 1.140017528 0
0.004912314662 -0.6929993427 -0.2036404857 -0.06612454355 0.4834861321 -0.0614006445 -0.278294946 -0.9923642996 0.1800116841 -0.1715262051 1.648762435 0.6122531176 -1.226019726 -0.6203352539 1.654650424 3.865805395 0.0008864667171 -0.1899750842 -0.1133383226 0.1444185913 1.140017528 0
0.004912314662 -0.9199884374 -0.2036404857 -0.5887467462 -0.6835984744 -0.0614006445 -0.278294946 -0.8727133689 -0.3990490918 -0.4204873479 0.9338589983 -0.5791829757 0.2350948099 -0.840340842 -0.06538189482 0.9630825414 -0.1794602621 0.001569177458 -0.1133383226 -0.5903887469 1.140017528 0
0.004912314662 -0.7021884115 -0.2036404857 0.171568384 0.7161993699 -0.0614006445 -0.278294946 -1.171840696 0.5274481497 -0.4204873479 1.955149621 0.6652058328 -1.297293606 -0.6203352539 0.6226310329 -0.4882788852 -0.1794602621 -0.3815193458 -0.2512728315 0.4450215933 1.140017528 0
0.004912314662 -0.9199884374 -0.2036404857 1.861524311 -0.6835984744 -0.0614006445 -0.278294946 -1.710269883 1.222321081 -0.4204873479 4.304118055 0.8240639786 -1.297293606 -0.2903268718 1.654650424 0.9630825414 0.0008864667171 -0.126126997 -0.1823055771 -0.1895847442 1.140017528 0
0.004912314662 -0.7056953573 -0.2036404857 0.1424655422 0.6936602448 -0.0614006445 -0.278294946 -0.9325388343 0.06419952896 -0.3582470622 1.325353737 0.4798713295 -1.047835026 -0.6203352539 -0.06538189482 0.9630825414 -0.1794602621 -0.2538231714 -0.1823055771 0.07761792424 1.140017528 0
0.004912314662 -0.9199884374 -0.2036404857 0.62051302 1.413389011 -0.0614006445 -0.278294946 -1.11201523 0.4116359945 -0.4204873479 1.155138633 0.6122531176 -1.332930546 -0.785339445 -0.4093883587 3.865805395 -0.1794602621 -0.4453674331 -0.320240086 0.4784219269 1.140017528 0
0.004912314662 -0.6784737931 -0.2036404857 0.0343272639 0.8686128975 -0.0614006445 -0.278294946 -0.8727133689 0.4116359945 -0.1092859194 1.989192642 0.6652058328 -1.368567485 -0.7303380479 0.9666374967 -0.4882788852 0.1812331955 -0.1899750842 0.02459618633 0.3448205927 1.140017528 0
0.004912314662 -0.9199884374 -0.2036404857 0.5097702314 -0.6835984744 -0.0614006445 -0.278294946 -0.5735860424 -0.1674247814 -0.4204873479 3.265805921 -0.07613218073 -0.4063701082 -0.785339445 -0.06538189482 -0.4882788852 -0.1794602621 0.1292653519 0.02459618633 -0.3899867455 1.140017528 0
0.004912314662 -0.5577164456 -0.2036404857 0.368366931 1.179055159 -0.0614006445 -0.278294946 -0.9923642996 0.7590724601 -0.04704563375 1.359396758 0.7181585481 -1.439841365 -0.7303380479 2.342663352 0.9630825414 0.4216955005 -0.2538231714 -0.04437106814 0.7122242618 1.140017528 0
0.004912314662 -0.9199884374 -0.2036404857 0.3400584876 2.070918997 -0.0614006445 -0.278294946 -1.770095349 2.033006167 -0.4204873479 1.478547331 0.6916821905 -1.439841365 -0.785339445 1.998656888 2.414443968 -0.1794602621 -0.7007597819 -0.4581745949 0.6788239282 1.140017528 0
0.2165463887 -0.9199884374 -0.2036404857 -0.04758981656 1.382915082 -0.0614006445 -0.278294946 -0.7530624383 -0.2832369366 0.824318366 -0.3087112599 0.7446349057 -1.332930546 -0.5103324599 0.278624569 0.9630825414 0.0008864667171 -0.3176712586 -0.1133383226 0.3114202591 1.140017528 0
0.2165463887 -0.9199884374 -0.2036404857 -0.3663990958 1.086091511 -0.0614006445 -0.278294946 -1.052189765 -0.05161262623 0.6998377946 0.1508695205 0.4004422566 -0.8696503268 -0.5103324599 0.6226310329 0.9630825414 0.0008864667171 -0.3176712586 -0.1133383226 0.3448205927 1.140017528 0
0.2165463887 -0.9199884374 -0.2036404857 0.157664978 0.9832377239 -0.0614006445 -0.278294946 -0.693236973 -0.05161262623 0.824318366 0.2870416036 0.9564457668 -1.332930546 -0.07032128369 -0.4093883587 0.9630825414 0.0008864667171 -0.2538231714 -0.04437106814 0.2112192585 1.140017528 0
0.2165463887 -0.9199884374 -0.2036404857 -0.4043938557 1.605366733 -0.0614006445 -0.278294946 -0.4539351117 -0.3990490918 0.9487989373 -0.9044641234 0.5063476871 -1.439841365 -1.170349224 0.278624569 -0.4882788852 0.1211176192 -0.2538231714 -0.04437106814 0.3448205927 1.140017528 0
0.2165463887 -0.9199884374 -0.2036404857 0.9493208633 1.718969038 -0.0614006445 -0.278294946 -1.470968022 0.8748846153 -0.2337664908 1.172160144 1.03587484 -1.439841365 -0.07032128369 0.9666374967 0.9630825414 -0.6002692959 -0.8284559564 -0.6650763583 1.012827264 1.140017528 0
0.2165463887 -0.9199884374 -0.2036404857 1.809838646 -0.6835984744 -0.0614006445 -0.278294946 -1.052189765 1.569757546 0.07743493764 3.044526286 0.003296892157 -0.05000070923 -0.07032128369 0.9666374967 0.9630825414 0.1211176192 0.06541726467 0.09356344079 -0.2563854113 -0.4932939694 0
0.2165463887 -0.9199884374 -0.2036404857 0.7208643473 1.944701216 -0.0614006445 -0.278294946 -1.470968022 0.7590724601 -0.4204873479 -0.002324072964 1.088827555 -1.439841365 0.03968151036 0.9666374967 2.414443968 -0.6002692959 -1.020000218 -0.7340436128 1.413631266 -0.4932939694 0
0.2165463887 -0.9199884374 -0.2036404857 -0.03523250419 1.54774978 -0.0614006445 -0.278294946 -1.411142557 0.5274481497 -0.4204873479 0.06576196858 0.797587621 -1.439841365 -0.5653338569 1.654650424 2.414443968 -0.6002692959 -1.020000218 -0.6650763583 1.4470316 1.140017528 0
0.2165463887 -0.9199884374 -0.2036404857 0.1762508719 1.8425652 -0.0614006445 -0.278294946 -1.351317091 0.7590724601 -0.4204873479 -0.03636709374 0.9829221244 -1.297293606 0.03968151036 0.278624569 2.414443968 -0.6002692959 -0.9561521308 -0.6650763583 1.280029932 -0.4932939694 0
0.6398145367 0.4298292298 -0.2036404857 -0.7024026204 0.473102821 -0.0614006445 -0.278294946 -0.693236973 1.917194012 -0.4204873479 -0.05338860412 -0.3938484723 0.6983750286 0.2596870984 -0.4093883587 -0.4882788852 0.0008864667171 0.7677462241 0.6453014765 0.04421759068 -0.4932939694 0
0.6398145367 -0.9199884374 -0.2036404857 -0.6931769459 0.1925014224 -0.0614006445 -0.278294946 -0.8128879036 2.727879098 -0.4204873479 -0.2746682391 -0.764517479 0.5914642089 -0.6753366509 0.278624569 0.9630825414 0.1211176192 0.2569615263 0.1625306953 -0.5903887469 1.140017528 0
0.6398145367 1.262577415 -0.2036404857 0.9515977377 -0.6835984744 -0.0614006445 -0.278294946 -0.4539351117 0.06419952896 -0.4204873479 0.6955578529 -0.4997539028 0.8409227882 0.2596870984 -0.4093883587 -0.4882788852 0.8425045344 1.08698666 1.059105003 -0.4233870791 1.140017528 0
0.6398145367 1.718611657 -0.2036404857 1.405342304 -0.6835984744 -0.0614006445 -0.278294946 -0.1548077852 -0.05161262623 -0.4204873479 -1.398087925 -0.6056593333 1.054744428 0.3696898925 -1.44140775 0.9630825414 1.263313568 1.278530922 1.266006767 -0.4233870791 1.140017528 0
0.6398145367 -0.9199884374 -0.2036404857 -0.258943789 -0.6835984744 -0.0614006445 -0.278294946 -1.530793487 0.8748846153 -0.4204873479 1.631740924 -0.764517479 0.6983750286 -0.5103324599 -0.4093883587 -0.4882788852 0.4818110768 0.5123538752 0.4383997131 -0.4901877462 1.140017528 0
0.6398145367 0.2870084272 -0.2036404857 -0.8011705718 -0.6835984744 -0.0614006445 -0.278294946 -1.590618953 3.191127719 -0.4204873479 1.529611862 -0.3144193994 0.8409227882 0.6446968776 -0.06538189482 -0.4882788852 1.263313568 1.023138573 0.9901377488 -0.2563854113 -0.4932939694 0
0.5339974997 -0.3114063776 0.8111632833 -0.3732735064 0.489806075 -0.0614006445 -0.278294946 1.041701521 1.338133236 -0.4204873479 -0.8533995923 0.4533949718 -0.3350962284 0.4246912895 0.9666374967 -0.4882788852 0.2413487718 -0.7007597819 0.3694324586 -0.4233870791 -0.4932939694 0
0.1107293517 0.5645468453 0.7040230421 -0.6092384408 -0.3655622056 -0.0614006445 -0.278294946 1.161352452 0.6432603049 -0.4204873479 -0.6321199573 -0.2614666841 0.19945787 -0.2353254748 -0.4093883587 -0.4882788852 0.3615799243 -0.1899750842 0.3694324586 -0.5903887469 1.140017528 0
0.2165463887 0.07849464654 0.4623432708 -0.2548660357 -0.3627366282 -0.0614006445 -0.278294946 1.221177917 0.9906967705 -0.4204873479 -1.17680829 -1.055757413 1.304203007 -0.1803240777 -1.097401286 -0.4882788852 0.1211176192 -0.2538231714 0.2314979497 -0.5903887469 -2.126605467 0
1.274716759 -0.9199884374 0.639661446 -1.153471784 1.558008831 -0.0614006445 -0.278294946 1.221177917 2.148818322 -0.4204873479 -0.9385071442 0.4004422566 -0.5845548077 -0.07032128369 -0.4093883587 -0.4882788852 0.6621578056 -1.530784916 0.8522032399 -0.1227840771 1.140017528 0
0.4281804627 0.06584331328 0.8648707336 -0.2723641347 -0.05000577655 -0.0614006445 -0.278294946 1.101526986 0.4116359945 -0.4204873479 -0.3087112599 0.05624960741 0.19945787 0.4246912895 1.310643961 -0.4882788852 0.3615799243 -0.06227890976 0.4383997131 -0.5235880797 -0.4932939694 0
0.1107293517 0.3459231595 0.5615583882 -0.3227063793 -0.2767986346 -0.0614006445 -0.278294946 1.221177917 1.222321081 -0.4204873479 -1.125743758 -1.055757413 1.304203007 -0.1803240777 -1.097401286 -0.4882788852 0.1211176192 -0.3815193458 0.2314979497 -0.5903887469 -2.126605467 0
0.3223634257 -0.5127970539 0.5771946354 -0.5094958002 -0.4218971307 -0.0614006445 -0.278294946 1.221177917 0.6432603049 -0.4204873479 -0.5129693846 -0.2349903265 0.19945787 -0.1803240777 -0.4093883587 -0.4882788852 0.1211176192 -0.1899750842 0.3004652042 -0.5903887469 1.140017528 0
0.5339974997 -0.3586880167 0.849316976 -1.247702949 0.03789554676 -0.0614006445 -0.278294946 1.161352452 0.5274481497 -0.4204873479 -0.223603708 0.05624960741 0.19945787 0.4246912895 -0.06538189482 -0.4882788852 0.3615799243 -0.1899750842 0.4383997131 -0.5235880797 -0.4932939694 0
0.1107293517 0.5501618132 0.5317972448 -0.4739457547 -0.4136374555 -0.0614006445 -0.278294946 1.221177917 1.453945391 -0.4204873479 -1.21085131 -1.029281055 1.268566067 -0.1803240777 -0.7533948225 -0.4882788852 0.1211176192 -0.4453674331 0.2314979497 -0.5903887469 -0.4932939694 0
1.274716759 -0.7363531155 0.8221625168 -1.127897954 2.148933627 -0.0614006445 -0.278294946 1.221177917 2.496254788 -0.4204873479 -1.108722248 1.830165568 -0.834013387 2.514744376 0.9666374967 0.9630825414 0.5419266531 -1.594633003 0.8522032399 0.5786229276 -0.4932939694 0
1.274716759 -0.1185119177 0.8321106988 -0.8044776041 1.376832966 -0.0614006445 1.035389886 1.281003382 2.264630478 -0.4204873479 -1.347023393 1.03587484 -0.834013387 0.8647024657 0.9666374967 -0.4882788852 0.301464348 -1.466936829 0.714268731 2.282039939 1.140017528 0
1.063082685 0.04514836813 0.6546820912 -0.7459486212 0.5569857281 -0.0614006445 1.830954766 1.281003382 2.033006167 -0.4204873479 -1.312980373 0.8505403362 -0.7627395072 0.5896954806 1.998656888 -0.4882788852 0.1211176192 -1.339240654 0.6453014765 2.582642941 1.140017528 0
1.063082685 -0.1172397243 0.8504869289 -0.8031579318 1.122140765 -0.0614006445 1.037475155 1.281003382 2.148818322 -0.4204873479 -1.347023393 1.03587484 -0.834013387 0.8647024657 0.9666374967 -0.4882788852 0.301464348 -1.403088741 0.714268731 2.315440272 1.140017528 0
1.063082685 -0.2151359261 0.810084833 -0.6609874078 1.354936398 -0.0614006445 0.8770153584 1.281003382 2.380442633 -0.4204873479 -1.347023393 1.830165568 -0.834013387 2.514744376 0.9666374967 -0.4882788852 0.3615799243 -1.594633003 0.714268731 2.148438605 -0.4932939694 0
1.063082685 -0.2956283329 0.9415843607 -1.204093925 1.724053823 -0.0614006445 -0.278294946 1.161352452 2.959503409 -0.4204873479 -1.330001883 1.830165568 -0.834013387 2.514744376 1.654650424 2.414443968 0.3615799243 -1.530784916 0.9211704943 1.113028264 -0.4932939694 0
1.168899722 -0.3865162061 0.8860692886 -1.266947578 2.059296562 -0.0614006445 -0.278294946 1.161352452 2.727879098 -0.4204873479 -1.17680829 1.830165568 -0.834013387 2.514744376 1.998656888 2.414443968 0.5419266531 -1.403088741 0.8522032399 0.9460265967 -0.4932939694 0
0.2165463887 -0.5658346024 -0.1593494186 0.3234540431 1.364929215 -0.0614006445 -0.278294946 1.221177917 0.06419952896 -0.1092859194 -0.223603708 0.5593004023 -0.9052872667 -0.2353254748 0.278624569 -0.4882788852 -0.05922910954 -0.3176712586 0.02459618633 0.4116212598 1.140017528 0
-0.6299899074 2.302312704 -0.1612208721 0.7097998472 -0.4656017911 -0.0614006445 -0.278294946 0.5032723333 1.222321081 -0.4204873479 -1.347023393 0.2945368261 -0.2281854087 0.2596870984 -0.4093883587 -0.4882788852 -0.05922910954 0.001569177458 0.2314979497 -0.2563854113 -0.4932939694 0
-0.6299899074 2.193719291 -0.1626504376 0.8574114093 -0.4729484158 -0.0614006445 -0.278294946 0.5032723333 1.338133236 -0.4204873479 -1.364044904 0.3210131837 -0.2281854087 0.3146884955 0.278624569 -0.4882788852 -0.05922910954 0.06541726467 0.2314979497 -0.2897857449 -0.4932939694 0
-0.5241728704 1.25844493 -0.2036404857 0.6818196693 -0.2528058317 -0.0614006445 -0.278294946 0.5032723333 1.453945391 -0.4204873479 -0.666162978 0.9829221244 -0.6914656274 0.9747052597 0.6226310329 0.9630825414 0.1812331955 -0.5730636075 0.1625306953 -0.1895847442 -0.4932939694 0
-0.9474410184 2.105148326 -0.1442948178 0.5792280154 -0.6835984744 -0.0614006445 -0.278294946 0.6229232639 0.8748846153 -0.4204873479 -0.9895716754 0.02977324978 -0.1925484688 -0.2353254748 1.310643961 -0.4882788852 -0.05922910954 -0.06227890976 -0.04437106814 -0.4233870791 1.140017528 0
-0.9474410184 1.756930087 -0.1693040877 -0.4966543783 -0.6835984744 -0.0614006445 -0.278294946 0.6229232639 0.7590724601 -0.4204873479 -1.21085131 0.02977324978 -0.1925484688 -0.2353254748 0.6226310329 -0.4882788852 -0.1794602621 0.001569177458 -0.04437106814 -0.4233870791 1.140017528 0
-0.9474410184 1.544221414 -0.1720324667 -0.3250032937 -0.6835984744 -0.0614006445 -0.278294946 0.6229232639 0.7590724601 -0.4204873479 -1.398087925 0.08272596504 -0.1925484688 -0.1253226807 -0.06538189482 -0.4882788852 0.2413487718 0.06541726467 0.1625306953 -0.356586412 1.140017528 0
-0.9474410184 1.611482742 -0.1567382649 0.6983193668 -0.6835984744 -0.0614006445 -0.278294946 0.5032723333 2.264630478 -0.4204873479 -1.398087925 0.9299694091 -0.2281854087 1.579720627 0.6226310329 0.9630825414 0.6020422293 -0.2538231714 0.6453014765 -0.1895847442 -0.4932939694 0
-0.9474410184 1.667315545 -0.1748784821 -0.4430350392 -0.6835984744 -0.0614006445 -0.278294946 0.6229232639 0.6432603049 -0.4204873479 -1.21085131 0.02977324978 -0.1925484688 -0.2353254748 0.6226310329 -0.4882788852 0.2413487718 0.06541726467 0.09356344079 -0.356586412 1.140017528 0
-0.2067217594 0.04074804731 -0.2036404857 2.084762328 0.0573583639 -0.0614006445 -0.278294946 0.443446868 1.453945391 -0.4204873479 -1.023614696 0.4004422566 -0.5132809279 0.03968151036 0.278624569 -0.4882788852 0.1812331955 -0.2538231714 -0.1133383226 -0.02258307643 -0.4932939694 0
-0.2067217594 -0.3295253025 -0.1790257187 1.426646759 -0.3041086274 -0.0614006445 -0.278294946 0.443446868 1.453945391 -0.4204873479 -0.6150984469 0.3739658989 -0.477643988 0.03968151036 0.6226310329 -0.4882788852 0.1812331955 -0.1899750842 -0.04437106814 -0.1895847442 -0.4932939694 0
-0.2067217594 -0.7157349405 -0.1525519201 1.189165563 -0.1585046724 -0.0614006445 -0.278294946 0.5032723333 1.569757546 -0.4204873479 -0.1895606872 -0.3144193994 0.1638209302 -0.4003296658 0.278624569 -0.4882788852 0.1211176192 -0.126126997 -0.04437106814 -0.3899867455 -0.4932939694 0
-0.2067217594 -0.3355527392 -0.1224288209 0.7891334016 0.3180442393 -0.0614006445 -0.278294946 0.443446868 1.801381857 -0.4204873479 -0.444883343 -0.129084896 -0.121274589 -0.4553310628 -0.06538189482 -0.4882788852 0.1812331955 -0.2538231714 -0.1133383226 -0.1895847442 1.140017528 0
-0.2067217594 -0.2776535162 -0.0965318577 0.437098236 0.1420570715 -0.0614006445 -0.278294946 0.443446868 1.801381857 -0.4204873479 -0.8363780819 0.05624960741 -0.121274589 -0.07032128369 0.6226310329 -0.4882788852 0.1812331955 -0.1899750842 -0.04437106814 -0.1895847442 -0.4932939694 0
-0.2067217594 0.03242527154 -0.08453004364 0.01073687692 -0.07148347364 -0.0614006445 -0.278294946 0.3836214026 1.569757546 -0.4204873479 -0.6831844884 0.05624960741 -0.121274589 -0.07032128369 0.278624569 -0.4882788852 -0.05922910954 -0.126126997 -0.04437106814 -0.3231860784 -0.4932939694 0
-0.2067217594 1.997694352 -0.2036404857 0.7181450174 -0.6835984744 -0.0614006445 -0.278294946 0.3237959373 -0.05161262623 -0.4204873479 -0.9214856338 -0.1555612536 0.4845533892 0.4246912895 -0.06538189482 0.9630825414 0.4818110768 0.5762019624 0.5073669676 -0.356586412 -0.4932939694 0
-0.2067217594 1.331710962 -0.1848670667 -0.3901381221 -0.394165635 -0.0614006445 -0.278294946 0.443446868 -0.1674247814 -0.4204873479 -0.9895716754 0.6652058328 -0.6201917476 0.4246912895 0.6226310329 -0.4882788852 0.4818110768 0.5123538752 0.5073669676 -0.1561844106 1.140017528 0
-0.2067217594 0.7387525217 -0.172907909 -0.8711345339 0.5009243508 -0.0614006445 -0.278294946 0.443446868 0.1800116841 -0.4204873479 -0.6831844884 0.8505403362 -0.6201917476 0.8097010687 0.9666374967 -0.4882788852 0.4818110768 0.3208096135 0.4383997131 0.2780199256 -0.4932939694 0
-0.2067217594 0.7206658625 -0.1694433274 -0.7849233513 0.6344593407 -0.0614006445 -0.278294946 0.5032723333 0.2958238393 -0.4204873479 -1.057657717 0.8505403362 -0.6201917476 0.8097010687 0.9666374967 -0.4882788852 0.4818110768 0.2569615263 0.3004652042 0.3448205927 -0.4932939694 0
-0.2067217594 0.8733863375 -0.1704134598 -0.8090637037 0.8532008698 -0.0614006445 -0.278294946 0.3836214026 0.5274481497 -0.4204873479 -0.4108403222 1.353591131 -0.6201917476 1.854727612 0.278624569 -0.4882788852 -0.2996914146 0.2569615263 0.2314979497 1.012827264 -0.4932939694 0
-0.2067217594 0.3506941816 -0.1824519955 -0.5813800422 1.276399895 -0.0614006445 -0.278294946 0.3836214026 0.5274481497 -0.4204873479 -0.5640339157 1.353591131 -0.6201917476 1.854727612 0.6226310329 -0.4882788852 -0.2996914146 0.2569615263 0.2314979497 1.179828932 -0.4932939694 0
-0.2067217594 1.210048734 -0.1782703922 -1.004572306 0.6853734944 -0.0614006445 -0.278294946 0.3836214026 0.4116359945 -0.4204873479 -0.2916897495 1.168256628 -0.477643988 1.689723421 0.9666374967 -0.4882788852 -0.2996914146 0.2569615263 0.3004652042 0.8792259295 -0.4932939694 0
-0.2067217594 1.516098686 -0.2036404857 1.39655265 0.5689373887 -0.0614006445 -0.278294946 0.263970472 0.06419952896 -0.4204873479 0.3551276452 1.062351197 -0.2281854087 1.854727612 0.9666374967 -0.4882788852 0.8425045344 0.5123538752 0.576334222 0.9794269302 -0.4932939694 0
-0.2067217594 1.362652056 -0.2036404857 0.118088451 0.9464569828 -0.0614006445 -0.278294946 0.3836214026 0.06419952896 -0.4204873479 -0.5470124053 0.7181585481 -0.477643988 0.7546996716 0.9666374967 -0.4882788852 -0.3598069908 0.1292653519 0.02459618633 0.6120232611 -0.4932939694 0
-0.2067217594 1.113103763 -0.1824519955 0.4731110569 0.9497334786 -0.0614006445 -0.278294946 0.443446868 0.2958238393 -0.4204873479 -1.347023393 0.7181585481 -0.477643988 0.7546996716 -0.4093883587 -0.4882788852 -0.05922910954 0.06541726467 0.02459618633 0.9126262631 -0.4932939694 0
-0.2067217594 1.112946607 -0.1840833905 -0.2299917199 0.5224611064 -0.0614006445 -0.278294946 0.3836214026 0.1800116841 -0.4204873479 -0.6831844884 0.9299694091 -0.477643988 1.194710848 -0.06538189482 -0.4882788852 0.4818110768 0.3208096135 0.4383997131 0.5786229276 -0.4932939694 0
0.004912314662 1.071081177 -0.2036404857 1.423967404 3.297558858 -0.0614006445 -0.278294946 0.6229232639 1.453945391 -0.4204873479 -1.398087925 1.300638416 -1.083471966 1.029706657 0.278624569 -0.4882788852 0.4818110768 -0.9561521308 0.3694324586 2.649443608 1.140017528 0
0.004912314662 0.7866426825 -0.2036404857 1.904799158 3.33818292 -0.0614006445 -0.278294946 0.6827487292 1.685569702 -0.4204873479 -1.398087925 1.380067489 -1.083471966 1.194710848 0.9666374967 -0.4882788852 0.4818110768 -1.21154448 0.1625306953 2.749644609 -0.4932939694 0
0.004912314662 1.209408124 -0.2036404857 1.309303965 3.422082274 -0.0614006445 -0.278294946 0.6229232639 1.453945391 -0.4204873479 -1.398087925 1.115303913 -0.7271025673 1.194710848 -0.4093883587 -0.4882788852 0.4818110768 -1.083848305 0.02459618633 2.749644609 -0.4932939694 0
0.004912314662 0.9670700978 -0.2036404857 1.844124348 2.954831323 -0.0614006445 -0.278294946 0.6827487292 1.569757546 -0.4204873479 -1.398087925 1.115303913 -0.7271025673 1.194710848 0.278624569 -0.4882788852 -1.802580821 -1.147696392 -0.2512728315 3.083647944 -2.126605467 0
0.004912314662 0.3015856879 -0.2036404857 2.081167495 3.71298397 -0.0614006445 -0.278294946 0.8023996598 1.685569702 -0.4204873479 -1.398087925 1.088827555 -0.9765611465 0.7546996716 -0.06538189482 -0.4882788852 -1.441887364 -1.466936829 -1.078879885 1.4470316 -0.4932939694 0
-1.899794351 -0.9199884374 -0.2036404857 1.328023319 -0.6835984744 -0.0614006445 -0.278294946 1.221177917 -1.209734178 -0.4204873479 0.5593857698 -1.373473704 0.4845533892 -2.105372973 -1.097401286 -0.4882788852 -1.261540635 -1.147696392 -1.423716157 -0.6905897475 -0.4932939694 0
-1.899794351 -0.9199884374 -0.2036404857 1.530495097 -0.6835984744 -0.0614006445 -0.278294946 1.221177917 -1.093922023 -0.4204873479 0.6444933217 -1.320520989 0.4132795094 -2.105372973 -1.097401286 -0.4882788852 -1.261540635 -1.147696392 -1.423716157 -0.657189414 -0.4932939694 0
-1.899794351 -0.9199884374 -0.2036404857 1.16204522 -0.6835984744 -0.0614006445 -0.278294946 1.161352452 -1.093922023 -0.4204873479 0.6785363425 -1.294044632 0.3420056296 -2.160374371 -1.097401286 -0.4882788852 -1.261540635 -1.21154448 -1.423716157 -0.657189414 -0.4932939694 0
-1.899794351 -0.9199884374 -0.2036404857 1.267626972 -0.6835984744 -0.0614006445 -0.278294946 1.161352452 -1.093922023 -0.4204873479 0.7125793633 -1.267568274 0.3420056296 -2.105372973 -1.097401286 -0.4882788852 -1.261540635 -1.21154448 -1.423716157 -0.657189414 -0.4932939694 0
-1.899794351 -0.9199884374 -0.2036404857 1.278625057 -0.6835984744 -0.0614006445 -0.278294946 1.221177917 -1.093922023 -0.4204873479 0.5764072802 -1.346997347 0.4132795094 -2.160374371 -1.097401286 -0.4882788852 -1.261540635 -1.147696392 -1.423716157 -0.6905897475 -0.4932939694 0
-1.899794351 -0.2328529967 -0.2036404857 0.7400768696 -0.6835984744 -0.0614006445 -0.278294946 0.9818760558 -0.1674247814 -0.4204873479 1.359396758 -0.4468011875 0.02127317057 -0.895342239 -0.7533948225 -0.4882788852 -1.381771787 -1.275392567 -1.561650666 -0.356586412 -0.4932939694 0
-2.746330648 1.760568194 -0.2036404857 1.659672272 -0.6835984744 -0.0614006445 -0.278294946 1.041701521 -0.05161262623 -0.4204873479 0.7636438944 -0.5262302604 0.1281839903 -0.895342239 0.278624569 -0.4882788852 -1.742465245 -1.020000218 -1.423716157 0.3782209262 -2.126605467 0
-2.746330648 -0.9199884374 -0.2036404857 1.89239666 -0.6835984744 -0.0614006445 -0.278294946 1.101526986 -0.9781098678 -0.4204873479 1.00194504 -1.214615559 0.1638209302 -2.270377165 -1.097401286 -0.4882788852 -1.562118516 -1.530784916 -1.76855243 -0.6237890804 -0.4932939694 0
-2.746330648 -0.9199884374 -0.2036404857 1.984621054 -0.6835984744 -0.0614006445 -0.278294946 1.101526986 -0.9781098678 -0.4204873479 0.8998159775 -1.214615559 0.1638209302 -2.270377165 -1.097401286 -0.4882788852 -1.441887364 -1.530784916 -1.76855243 -0.6237890804 -0.4932939694 0
-2.746330648 -0.6418081953 -0.2036404857 2.211648604 -0.6835984744 -0.0614006445 -0.278294946 1.101526986 -0.9781098678 -0.4204873479 0.5593857698 -1.161662843 0.1638209302 -2.160374371 -1.097401286 -0.4882788852 -1.441887364 -1.466936829 -1.699585175 -0.657189414 -0.4932939694 0
-2.746330648 -0.9199884374 -0.2036404857 1.96556581 -0.6835984744 -0.0614006445 -0.278294946 1.101526986 -0.9781098678 -0.4204873479 0.7125793633 -1.241091916 0.1638209302 -2.325378562 -1.097401286 -0.4882788852 -1.441887364 -1.466936829 -1.699585175 -0.657189414 -0.4932939694 0
-2.746330648 -0.9199884374 -0.2036404857 1.676952693 -0.6835984744 -0.0614006445 -0.278294946 1.161352452 -0.9781098678 -0.4204873479 0.3721491555 -1.42642642 0.4132795094 -2.325378562 -1.097401286 -0.4882788852 -1.50200294 -1.403088741 -1.699585175 -0.6905897475 -0.4932939694 0
-2.746330648 0.674373738 -0.2036404857 0.5692962167 -0.6835984744 -0.0614006445 -0.278294946 1.161352452 -0.8622977126 -0.4204873479 0.746622384 -0.5262302604 0.3420056296 -0.5653338569 -0.4093883587 -0.4882788852 -1.441887364 -1.083848305 -1.561650666 -0.2229850778 -2.126605467 0
-2.3230625 -0.4238487881 -0.2036404857 0.880240693 -0.4710196371 -0.0614006445 -0.278294946 1.041701521 -0.6306734022 -0.4204873479 0.6104503009 -0.2614666841 0.05691011046 -0.4553310628 0.278624569 -0.4882788852 -1.441887364 -1.275392567 -1.630617921 -0.2897857449 -2.126605467 0
-2.3230625 -0.2175833135 -0.2036404857 0.6309592506 -0.3826419454 -0.0614006445 -0.278294946 0.9818760558 -0.6306734022 -0.4204873479 0.4402351971 -0.2614666841 0.05691011046 -0.4553310628 -0.4093883587 -0.4882788852 -1.441887364 -1.339240654 -1.76855243 -0.1561844106 -2.126605467 0
-2.3230625 -0.3323838497 -0.2036404857 0.8022821396 -0.4318300435 -0.0614006445 -0.278294946 1.101526986 -0.7464855574 -0.4204873479 0.4572567075 -0.2614666841 0.05691011046 -0.4553310628 -0.4093883587 -0.4882788852 -1.441887364 -1.275392567 -1.630617921 -0.2229850778 -2.126605467 0
-2.3230625 -0.1840575762 -0.1913689204 0.1962917872 -0.4944057658 -0.0614006445 -0.278294946 1.161352452 -0.6306734022 -0.4204873479 0.4061921763 -0.2349903265 0.05691011046 -0.4003296658 0.6226310329 -0.4882788852 -1.562118516 -1.21154448 -1.630617921 0.01081725713 -2.126605467 0
-2.3230625 -0.9199884374 -0.2036404857 0.2563175503 -0.6835984744 -0.0614006445 -0.278294946 1.161352452 -0.9781098678 -0.4204873479 0.6444933217 -1.161662843 0.2707317498 -1.995370179 -1.097401286 -0.4882788852 -1.562118516 -1.403088741 -1.699585175 -0.657189414 -0.4932939694 0
-2.3230625 0.04074804731 -0.1876203126 -0.8385925283 -0.4366128725 -0.0614006445 -0.278294946 1.221177917 -0.3990490918 -0.4204873479 0.1849125413 0.3739658989 -0.01436376933 0.7546996716 0.278624569 -0.4882788852 -1.622234092 -1.275392567 -1.699585175 0.1110182578 -2.126605467 0
-2.3230625 0.3701434085 -0.1857131494 1.040707002 -0.4072098293 -0.0614006445 -0.278294946 1.101526986 0.1800116841 -0.4204873479 0.0487404582 0.3739658989 -0.01436376933 0.7546996716 -0.4093883587 -0.4882788852 -1.622234092 -1.21154448 -1.699585175 0.4450215933 -2.126605467 0
-2.3230625 0.767659007 -0.1801893742 1.47638287 -0.3220488922 -0.0614006445 -0.278294946 1.101526986 0.5274481497 -0.4204873479 -0.1725391768 0.3739658989 -0.01436376933 0.7546996716 -0.06538189482 -0.4882788852 -1.742465245 -1.147696392 -1.561650666 0.9126262631 -2.126605467 0
-2.3230625 -0.255135206 -0.2036404857 0.5097702314 0.4558688856 -0.0614006445 -0.278294946 1.161352452 0.2958238393 -0.4204873479 -0.3257327703 2.70388537 -1.012198086 4.054783493 3.03067628 0.9630825414 -1.742465245 -1.913873439 -2.044421448 0.4784219269 -2.126605467 0
-2.3230625 -0.06281609177 -0.2036404857 -0.450313364 -0.3163294804 -0.0614006445 -0.278294946 1.161352452 0.1800116841 -0.4204873479 -0.2406252184 1.115303913 -1.012198086 0.7546996716 2.686669816 0.9630825414 -1.742465245 -1.786177265 -1.975454193 0.545222594 -0.4932939694 0
-2.3230625 -0.09452867983 -0.2036404857 0.647520887 0.7311264807 -0.0614006445 -0.278294946 1.101526986 1.106508926 -0.4204873479 -1.091700738 2.70388537 -1.012198086 4.054783493 1.998656888 0.9630825414 -2.283505431 -2.041569613 -2.182355956 1.280029932 -2.126605467 0
-2.3230625 0.03783672701 -0.2036404857 1.676056381 0.8553838244 -0.0614006445 -0.278294946 1.101526986 1.453945391 -0.4204873479 -1.091700738 2.70388537 -1.012198086 4.054783493 1.654650424 -0.4882788852 -2.46385216 -2.233113875 -2.113388702 1.346830599 -2.126605467 0
-2.3230625 -0.2229082382 -0.2036404857 1.015496866 0.6604390057 -0.0614006445 -0.278294946 1.161352452 0.7590724601 -0.4204873479 -0.444883343 2.70388537 -1.012198086 4.054783493 1.998656888 -0.4882788852 -1.742465245 -2.041569613 -1.975454193 0.4116212598 -2.126605467 0
-2.3230625 0.1780642386 -0.1905619816 1.401569069 0.5262020094 -0.0614006445 -0.278294946 1.161352452 0.8748846153 -0.4204873479 -0.4959478742 2.70388537 -1.012198086 4.054783493 0.9666374967 -0.4882788852 -1.742465245 -1.913873439 -1.906486939 0.7122242618 -2.126605467 0
-2.3230625 -0.02541589346 -0.1912097387 1.663558543 0.2746357816 -0.0614006445 -0.278294946 1.161352452 0.4116359945 -0.4204873479 -0.2406252184 2.70388537 -1.012198086 4.054783493 0.9666374967 -0.4882788852 -1.562118516 -1.722329177 -1.837519684 0.5118222604 -2.126605467 0
0.5339974997 2.721279696 -0.2036404857 0.882253584 0.3565073191 -0.0614006445 -0.278294946 0.5032723333 1.453945391 -0.4204873479 -1.347023393 1.644831065 -1.368567485 1.304713642 1.654650424 2.414443968 1.443660297 0.5762019624 1.817744802 0.7122242618 1.140017528 0
0.5339974997 2.274106405 -0.2036404857 0.9411571029 0.3428217046 -0.0614006445 -0.278294946 0.5630977986 1.569757546 -0.4204873479 -0.5810554261 1.644831065 -1.368567485 1.304713642 1.654650424 2.414443968 1.684122602 0.5123538752 1.955679311 0.9126262631 1.140017528 0
0.5339974997 2.346515601 -0.2036404857 0.4902051367 0.5513295678 -0.0614006445 -0.278294946 0.6827487292 1.106508926 -0.4204873479 -1.330001883 1.644831065 -1.368567485 1.304713642 0.278624569 -0.4882788852 1.443660297 0.5123538752 1.679810293 1.012827264 1.140017528 0
0.5339974997 2.166636879 -0.2036404857 -0.6506893268 0.5371829589 -0.0614006445 -0.278294946 0.6827487292 0.7590724601 -0.4204873479 -1.364044904 1.644831065 -1.368567485 1.304713642 -0.4093883587 -0.4882788852 1.443660297 0.7038981368 1.679810293 0.6120232611 1.140017528 0
0.5339974997 2.550719207 -0.2036404857 -0.6072254099 0.5910409695 -0.0614006445 -0.278294946 0.7425741945 0.4116359945 -0.4204873479 -1.364044904 1.644831065 -1.368567485 1.304713642 0.9666374967 -0.4882788852 0.6020422293 0.7677462241 1.679810293 0.845825596 1.140017528 0
0.5339974997 2.580816615 -0.2036404857 -0.5184923953 1.047141986 -0.0614006445 -0.278294946 0.7425741945 0.4116359945 -0.4204873479 -1.330001883 1.644831065 -1.368567485 1.304713642 0.9666374967 0.9630825414 0.6020422293 0.5762019624 1.403941276 1.079627931 1.140017528 0
0.5339974997 2.148333716 -0.2036404857 -0.6373285418 0.7084060522 -0.0614006445 -0.278294946 0.6827487292 0.8748846153 -0.4204873479 -1.330001883 1.644831065 -1.368567485 1.304713642 -0.06538189482 -0.4882788852 1.443660297 0.5123538752 1.541875785 1.280029932 1.140017528 0
0.5339974997 2.042456588 -0.2036404857 -0.7578638978 0.6763724839 -0.0614006445 -0.278294946 0.8023996598 0.2958238393 -0.4204873479 -1.108722248 1.644831065 -1.368567485 1.304713642 0.9666374967 0.9630825414 0.7823889581 0.7677462241 1.47290853 0.7790249289 1.140017528 0
0.5339974997 1.889632033 -0.2036404857 0.3071263475 0.6062152679 -0.0614006445 -0.278294946 0.7425741945 0.1800116841 -0.4204873479 -0.1044531353 1.644831065 -1.368567485 1.304713642 0.278624569 0.9630825414 0.7222733818 0.8315943113 1.47290853 0.7122242618 1.140017528 0
0.5339974997 1.581864414 -0.2036404857 0.3414548926 0.6946335888 -0.0614006445 -0.278294946 0.6827487292 0.1800116841 -0.4204873479 -0.1895606872 1.644831065 -1.368567485 1.304713642 0.278624569 -0.4882788852 0.7222733818 0.6400500496 1.403941276 1.280029932 1.140017528 0
0.5339974997 1.284071998 -0.186934822 0.0269159332 0.3466172456 -0.0614006445 -0.278294946 0.8023996598 0.06419952896 -0.4204873479 -0.4789263638 0.9299694091 -0.7627395072 0.7546996716 -0.7533948225 -0.4882788852 0.6020422293 0.6400500496 0.9211704943 1.046227597 1.140017528 0
0.5339974997 1.17365699 -0.1842453171 -0.02713358554 0.2134568888 -0.0614006445 -0.278294946 0.8023996598 0.1800116841 -0.4204873479 -0.444883343 0.9299694091 -0.7627395072 0.7546996716 0.278624569 -0.4882788852 0.7222733818 0.6400500496 0.9901377488 1.146428598 1.140017528 0
0.5339974997 0.702432187 -0.1649923671 -0.03303180307 0.2101679768 -0.0614006445 -0.278294946 0.8023996598 0.06419952896 -0.4204873479 -0.5129693846 0.9299694091 -0.7627395072 0.7546996716 0.278624569 0.9630825414 0.7222733818 0.6400500496 0.9211704943 0.9460265967 1.140017528 0
0.5339974997 1.003610653 -0.1744806671 0.05719718743 0.4403056201 -0.0614006445 -0.278294946 0.8023996598 -0.05161262623 -0.4204873479 -0.5980769365 0.9299694091 -0.7627395072 0.7546996716 -0.7533948225 -0.4882788852 0.6020422293 0.6400500496 0.9211704943 0.8792259295 1.140017528 0
0.5339974997 0.8335888445 -0.1743997797 -0.1806441695 0.2180188903 -0.0614006445 -0.278294946 0.7425741945 -0.05161262623 -0.4204873479 -0.3427542807 0.9299694091 -0.7627395072 0.7546996716 -0.06538189482 -0.4882788852 0.6020422293 0.6400500496 0.8522032399 0.7456245953 1.140017528 0
0.5339974997 0.6906220373 -0.1700695486 0.03485918278 0.09275436667 -0.0614006445 -0.278294946 0.7425741945 -0.05161262623 -0.4204873479 -0.2406252184 0.9299694091 -0.7627395072 0.7546996716 -0.4093883587 0.9630825414 0.7222733818 0.6400500496 0.8522032399 0.7456245953 1.140017528 0
0.5339974997 0.5941782969 -0.1026462416 0.03952789094 -0.294337321 -0.0614006445 -0.278294946 0.8622251252 -0.05161262623 -0.4204873479 -0.2065821976 -0.6850884062 1.126018307 0.3146884955 -0.7533948225 -0.4882788852 0.6020422293 0.5123538752 0.4383997131 -0.4233870791 -0.4932939694 0
0.5339974997 1.258011923 -0.1310046598 -0.1296715544 -0.4036389186 -0.0614006445 -0.278294946 0.8023996598 -0.2832369366 -0.4204873479 -0.3087112599 -0.6850884062 1.126018307 0.3146884955 -1.097401286 -0.4882788852 0.6020422293 0.7038981368 0.6453014765 -0.4233870791 -0.4932939694 0
0.5339974997 1.739424463 -0.1297314636 -0.1032701708 -0.3987316344 -0.0614006445 -0.278294946 0.6827487292 -0.3990490918 -0.4204873479 -0.5129693846 -0.6850884062 1.126018307 0.3146884955 -1.097401286 -0.4882788852 0.6020422293 0.7038981368 0.6453014765 -0.4233870791 -0.4932939694 0
0.5339974997 1.428051533 -0.1434046325 -0.1369873712 -0.4514320073 -0.0614006445 -0.278294946 0.7425741945 -0.2832369366 -0.4204873479 -0.3938188119 -0.6850884062 1.126018307 0.3146884955 -1.097401286 -0.4882788852 0.6020422293 0.7038981368 0.576334222 -0.4233870791 -0.4932939694 0
0.5339974997 2.212358715 -0.1561572678 -0.0604677862 -0.6835984744 -0.0614006445 -0.278294946 0.6827487292 -0.6306734022 -0.4204873479 -0.7002059988 -0.6850884062 1.126018307 0.3146884955 -0.4093883587 -0.4882788852 0.6621578056 0.8315943113 0.714268731 -0.4567874126 -0.4932939694 0
-0.1009047223 0.1505697563 -0.1500861706 -0.1551787239 0.9677125848 -0.0614006445 1.12549033 0.9220505905 0.7590724601 -0.4204873479 -1.244894331 0.4269186142 -0.4420070481 0.2046857014 1.310643961 -0.4882788852 -0.1794602621 -0.3815193458 -0.320240086 0.01081725713 -0.4932939694 0
-0.1009047223 0.6844902682 -0.1501314791 -0.3043754106 0.5538370353 -0.0614006445 -0.278294946 0.7425741945 0.6432603049 -0.4204873479 -1.1938298 -0.129084896 0.3420056296 0.2596870984 0.6226310329 0.9630825414 -0.1794602621 0.001569177458 -0.1823055771 -0.1895847442 -0.4932939694 0
-0.1009047223 1.104963253 -0.1403295299 -0.9356918724 -0.6835984744 -0.0614006445 -0.278294946 0.5032723333 0.4116359945 -0.4204873479 -0.8533995923 -0.3673721146 0.6627380887 0.2596870984 0.9666374967 -0.4882788852 0.8425045344 0.6400500496 0.714268731 -0.2229850778 -0.4932939694 0
-0.1009047223 0.9203743235 -0.1115769566 -0.6177065095 -0.6835984744 -0.0614006445 -0.278294946 0.5032723333 1.106508926 -0.4204873479 -1.398087925 -0.4732775451 0.6627380887 0.03968151036 -0.06538189482 -0.4882788852 -0.2996914146 0.448505788 0.4383997131 0.1444185913 -0.4932939694 0
-0.1009047223 0.9932461882 -0.123883053 -0.3127707335 -0.273720734 -0.0614006445 -0.278294946 0.6229232639 0.9906967705 -0.4204873479 -1.398087925 -0.4732775451 0.6627380887 0.03968151036 -0.4093883587 -0.4882788852 -0.3598069908 0.3208096135 0.3004652042 0.1444185913 -0.4932939694 0
-0.1009047223 1.034152548 -0.1547628617 -0.2844818755 -0.1812289688 -0.0614006445 -0.278294946 0.6229232639 0.5274481497 -0.4204873479 -0.9895716754 0.2945368261 -0.2281854087 0.2596870984 0.6226310329 -0.4882788852 0.8425045344 0.3846577008 0.5073669676 0.1444185913 1.140017528 0
-0.1009047223 1.093987308 -0.1476691176 -0.3978550553 -0.3959585824 -0.0614006445 -0.278294946 0.6229232639 0.5274481497 -0.4204873479 -0.9214856338 0.2945368261 -0.2281854087 0.2596870984 0.6226310329 -0.4882788852 0.8425045344 0.448505788 0.576334222 0.04421759068 1.140017528 0
-0.1009047223 1.309869093 -0.1850491736 -0.4022219382 -0.3969732056 -0.0614006445 -0.278294946 0.6229232639 0.6432603049 -0.4204873479 -0.9385071442 0.2945368261 -0.2281854087 0.2596870984 0.6226310329 -0.4882788852 -0.2395758383 0.448505788 0.576334222 0.1778189249 1.140017528 0
-0.1009047223 1.572416815 -0.2036404857 -0.6957110887 -0.3923502278 -0.0614006445 -0.278294946 0.5630977986 -0.05161262623 -0.4204873479 -0.8363780819 0.2945368261 -0.2281854087 0.2596870984 0.9666374967 -0.4882788852 0.9026201106 0.6400500496 0.714268731 -0.02258307643 1.140017528 0
-0.1009047223 1.209408124 -0.2036404857 -0.8995773472 -0.3414584039 -0.0614006445 -0.278294946 0.5630977986 0.06419952896 -0.4204873479 -0.4959478742 0.3210131837 -0.2638223486 0.2596870984 0.9666374967 -0.4882788852 0.9026201106 0.5762019624 0.714268731 0.04421759068 1.140017528 0
-0.1009047223 1.382979158 -0.2036404857 -0.3617744549 -0.3875756547 -0.0614006445 -0.278294946 0.5630977986 0.06419952896 -0.4204873479 -0.7172275092 0.2945368261 -0.2281854087 0.2596870984 0.6226310329 -0.4882788852 0.9026201106 0.5123538752 0.5073669676 0.04421759068 1.140017528 0
-0.1009047223 1.080928228 -0.2036404857 0.09380019377 -0.3621018711 -0.0614006445 -0.278294946 0.5630977986 0.1800116841 -0.4204873479 -0.9385071442 -0.4732775451 0.7340119685 0.1496843044 -0.7533948225 -0.4882788852 0.1211176192 0.3846577008 0.3004652042 -0.4233870791 -0.4932939694 0
-0.1009047223 1.506747101 -0.2036404857 0.3779842089 -0.371666554 -0.0614006445 -0.278294946 0.443446868 -0.1674247814 -0.4204873479 -0.9214856338 -0.4732775451 0.7340119685 0.1496843044 -0.7533948225 -0.4882788852 0.1211176192 0.448505788 0.3694324586 -0.4233870791 -0.4932939694 0
-0.1009047223 0.80521712 -0.2036404857 0.7502661115 -0.05000577655 -0.0614006445 -0.278294946 0.443446868 -0.05161262623 -0.4204873479 -0.9895716754 -0.1555612536 0.3063686897 0.1496843044 -0.4093883587 -0.4882788852 0.2413487718 0.3846577008 0.3004652042 -0.4233870791 -0.4932939694 0
0.2165463887 0.3232064508 -0.182910349 0.4274890021 0.5948009844 -0.0614006445 -0.278294946 0.5032723333 0.4116359945 -0.4204873479 -1.244894331 0.2415841108 -0.2638223486 0.09468290738 0.278624569 -0.4882788852 0.4216955005 0.001569177458 0.2314979497 0.2780199256 1.140017528 0
0.2165463887 0.3545369838 -0.1823879172 0.4794890121 0.954673006 -0.0614006445 -0.278294946 0.6827487292 0.1800116841 -0.4204873479 -1.227872821 0.2415841108 -0.2638223486 0.09468290738 0.9666374967 -0.4882788852 -0.05922910954 0.001569177458 0.09356344079 0.07761792424 -0.4932939694 0
0.2165463887 -0.01365925012 -0.1847493144 0.5578356715 1.355139349 -0.0614006445 -0.278294946 0.7425741945 0.06419952896 -0.4204873479 -1.091700738 0.1092023227 -0.2638223486 -0.1803240777 0.278624569 -0.4882788852 0.06100204298 -0.06227890976 0.09356344079 0.01081725713 1.140017528 0
0.2165463887 -0.255135206 -0.1851632301 0.8162904325 1.025602533 -0.0614006445 1.174702718 0.8622251252 -0.05161262623 -0.4204873479 -0.9385071442 -0.0496558231 -0.2638223486 -0.5103324599 0.9666374967 0.9630825414 0.06100204298 -0.3815193458 -0.04437106814 0.4784219269 1.140017528 0
0.2165463887 1.04783914 -0.2036404857 2.44669166 1.424268323 -0.0614006445 -0.278294946 0.9220505905 -0.1674247814 -0.4204873479 -1.398087925 0.9299694091 -0.3707331683 1.359715039 0.9666374967 -0.4882788852 1.203197992 0.3208096135 0.9901377488 2.682843942 1.140017528 0
0.2165463887 1.022642879 -0.2036404857 1.946608178 0.9811034919 -0.0614006445 -0.278294946 0.9220505905 -0.3990490918 -0.4204873479 0.1849125413 0.9299694091 -0.3707331683 1.359715039 1.310643961 -0.4882788852 1.203197992 0.7677462241 1.197039512 1.647433601 1.140017528 0
0.2165463887 1.432251964 -0.1791258946 2.024193874 1.206128625 -0.0614006445 -0.278294946 0.9220505905 -0.2832369366 -0.4204873479 -1.398087925 0.9299694091 -0.3707331683 1.359715039 1.310643961 -0.4882788852 1.203197992 0.7677462241 1.197039512 1.614033268 1.140017528 0
0.2165463887 1.204934598 -0.183955567 1.956225036 1.137315031 -0.0614006445 -0.278294946 0.9818760558 -0.3990490918 -0.4204873479 -0.7682920404 0.9299694091 -0.3707331683 1.359715039 1.998656888 -0.4882788852 1.203197992 0.7038981368 0.9901377488 1.346830599 -0.4932939694 0
0.2165463887 0.9223856437 -0.1844396223 2.186418953 1.092538476 -0.0614006445 -0.278294946 1.041701521 -0.2832369366 -0.4204873479 -0.6321199573 0.9299694091 -0.3707331683 1.359715039 1.654650424 -0.4882788852 1.203197992 0.7677462241 1.059105003 0.9460265967 -0.4932939694 0
0.2165463887 1.083350101 -0.1850819042 1.442822038 0.7470048007 -0.0614006445 -0.278294946 0.9220505905 -0.2832369366 -0.4204873479 -0.5640339157 0.9299694091 -0.3707331683 1.359715039 -0.06538189482 0.9630825414 1.203197992 0.8954423985 0.9901377488 0.6454235947 -0.4932939694 0
0.2165463887 1.013565147 -0.1857283795 0.7412880526 0.6971706994 -0.0614006445 -0.278294946 0.8622251252 -0.2832369366 -0.4204873479 -0.5129693846 0.9299694091 -0.3707331683 1.359715039 0.6226310329 -0.4882788852 0.8425045344 0.8315943113 0.9211704943 0.4116212598 -0.4932939694 0
0.2165463887 0.4039164991 -0.2036404857 -1.635871141 -0.6835984744 -0.0614006445 -0.278294946 0.6229232639 -0.2832369366 -0.4204873479 -1.091700738 0.2415841108 -0.01436376933 0.4796926865 -0.06538189482 -0.4882788852 0.8425045344 0.8954423985 0.9901377488 0.04421759068 1.140017528 0
0.2165463887 0.4663374438 -0.180523657 0.6650469302 0.7419851201 -0.0614006445 -0.278294946 0.9818760558 -0.2832369366 -0.4204873479 -0.3938188119 0.2415841108 -0.01436376933 0.4796926865 -0.06538189482 -0.4882788852 0.8425045344 0.6400500496 0.7832359854 -0.05598340998 1.140017528 0
0.2165463887 0.4468539537 -0.1846471989 0.8847742269 0.7805144091 -0.0614006445 -0.278294946 0.9818760558 -0.3990490918 -0.4204873479 -0.3767973015 0.2415841108 -0.01436376933 0.4796926865 0.278624569 -0.4882788852 0.3615799243 0.6400500496 0.714268731 -0.1227840771 1.140017528 0
0.2165463887 0.6277749377 -0.1875099982 0.7724348422 0.5598332777 -0.0614006445 -0.278294946 1.041701521 -0.3990490918 -0.4204873479 -0.5640339157 0.2415841108 -0.01436376933 0.4796926865 0.278624569 -0.4882788852 0.7222733818 0.5762019624 0.714268731 -0.1227840771 1.140017528 0
0.2165463887 0.4155705801 -0.2036404857 0.5192140735 0.4608841457 -0.0614006445 -0.278294946 1.041701521 -0.3990490918 -0.4204873479 -0.5640339157 0.2415841108 -0.01436376933 0.4796926865 0.278624569 -0.4882788852 0.3615799243 0.5762019624 0.6453014765 -0.1895847442 -0.4932939694 0
0.2165463887 0.9577282221 -0.2036404857 0.5283587133 0.1209387959 -0.0614006445 -0.278294946 1.101526986 -0.514861247 -0.4204873479 -0.75127053 0.2415841108 -0.01436376933 0.4796926865 -0.4093883587 -0.4882788852 0.7823889581 0.7038981368 0.714268731 -0.1895847442 1.140017528 0
0.2165463887 0.9894623796 -0.1581549447 -0.5040279372 1.069546418 -0.0614006445 -0.278294946 1.101526986 -0.6306734022 -0.4204873479 -0.972550165 0.6916821905 -0.08563764912 1.304713642 1.310643961 -0.4882788852 0.9026201106 0.448505788 0.6453014765 0.5118222604 -0.4932939694 0
0.2165463887 1.378791952 -0.1762605528 0.6351648687 0.7938245129 -0.0614006445 -0.278294946 0.9220505905 -0.3990490918 -0.4204873479 -1.312980373 0.6652058328 -0.08563764912 1.249712245 0.6226310329 -0.4882788852 0.9026201106 0.7677462241 0.9901377488 0.5786229276 -0.4932939694 0
0.2165463887 1.444943907 -0.1733058842 0.6286294956 0.9532586571 -0.0614006445 -0.278294946 0.8622251252 -0.2832369366 -0.4204873479 -1.295958862 0.6652058328 -0.08563764912 1.249712245 0.278624569 -0.4882788852 0.9026201106 0.7677462241 0.9901377488 0.7122242618 -0.4932939694 0
0.2165463887 1.221127925 -0.1679376097 1.325513658 0.9677125848 -0.0614006445 -0.278294946 0.8622251252 -0.3990490918 -0.4204873479 -1.398087925 0.6652058328 -0.08563764912 1.249712245 0.278624569 -0.4882788852 0.9026201106 0.7677462241 1.059105003 0.7790249289 -0.4932939694 0
0.2165463887 1.165503053 -0.1819059005 1.609134943 0.9918296804 -0.0614006445 -0.278294946 0.7425741945 -0.2832369366 -0.4204873479 -1.398087925 0.5593004023 0.05691011046 1.249712245 -0.06538189482 -0.4882788852 0.9026201106 0.8954423985 1.197039512 0.7790249289 -0.4932939694 0
0.2165463887 1.458060235 -0.2036404857 2.018669563 1.014588885 -0.0614006445 -0.278294946 0.7425741945 -0.2832369366 -0.4204873479 -1.398087925 0.7181585481 -0.1569115289 1.249712245 -0.4093883587 -0.4882788852 0.9026201106 0.9592904857 1.266006767 0.8792259295 1.140017528 0
0.2165463887 1.877973856 -0.2036404857 1.750265551 0.6650864259 -0.0614006445 -0.278294946 0.6827487292 -0.05161262623 -0.4204873479 -1.398087925 0.7181585481 -0.1569115289 1.249712245 0.278624569 -0.4882788852 0.9026201106 1.214682835 1.610843039 0.7790249289 1.140017528 0
0.2165463887 1.828553326 -0.1781784702 1.320864151 0.8866095555 -0.0614006445 -0.278294946 0.6229232639 0.06419952896 -0.4204873479 -1.398087925 0.7181585481 -0.1569115289 1.249712245 0.278624569 -0.4882788852 0.9026201106 1.023138573 1.403941276 0.9460265967 1.140017528 0
2.967789351 1.575398179 -0.2036404857 1.240276431 -0.6835984744 -0.0614006445 -0.278294946 0.8023996598 -0.7464855574 -0.4204873479 -0.002324072964 0.003296892157 1.446750766 2.239737391 0.9666374967 -0.4882788852 2.585856246 2.363948404 2.576384601 -0.2229850778 -0.4932939694 0
-1.264892129 -0.3380187121 -0.2036404857 -1.233409059 2.308650647 -0.0614006445 -0.278294946 0.7425741945 -0.1674247814 -0.4204873479 -0.1214746457 0.1092023227 -0.4063701082 -0.4003296658 -0.06538189482 -0.4882788852 -1.381771787 -1.147696392 -1.216814394 0.1444185913 -0.4932939694 0
-1.264892129 -0.2657430545 -0.2036404857 -1.183426697 2.68026244 -0.0614006445 -0.278294946 0.8023996598 -0.2832369366 -0.4204873479 -0.1555176664 0.1092023227 -0.4063701082 -0.4003296658 -0.4093883587 -0.4882788852 -0.4800381434 -1.21154448 -1.285781648 0.6120232611 -0.4932939694 0
-1.264892129 -0.2438765567 -0.2036404857 -1.168304903 2.358154775 -0.0614006445 -0.278294946 0.7425741945 0.06419952896 -0.4204873479 -0.03636709374 0.1092023227 -0.4063701082 -0.4003296658 0.278624569 0.9630825414 -1.381771787 -1.147696392 -1.216814394 0.244619592 -0.4932939694 0
-1.159075092 -0.1689017837 -0.1618928657 -0.5970408195 0.9254760663 -0.0614006445 -0.278294946 0.8023996598 0.06419952896 -0.4204873479 0.1168264997 0.58577676 -0.834013387 -0.07032128369 0.9666374967 0.9630825414 -0.8407316009 -1.083848305 -1.14784714 0.1444185913 -0.4932939694 0
-1.159075092 0.01886989232 -0.1514559607 -0.3373332215 1.327744718 -0.0614006445 -0.278294946 0.8023996598 0.2958238393 -0.4204873479 0.03171894781 0.58577676 -0.834013387 -0.07032128369 0.6226310329 0.9630825414 -0.8407316009 -1.147696392 -1.14784714 0.3448205927 -0.4932939694 0
-1.159075092 -0.1577703765 -0.1718657333 -0.8452014865 0.5410927815 -0.0614006445 -0.278294946 0.7425741945 0.1800116841 -0.4204873479 0.9168374879 0.6652058328 -0.834013387 0.09468290738 0.9666374967 0.9630825414 -0.8407316009 -0.8923040436 -0.9409453761 0.1110182578 -0.4932939694 0
-1.159075092 0.475775181 -0.1648501485 -0.3488810967 -0.08556156558 -0.0614006445 -0.278294946 0.7425741945 -0.1674247814 -0.4204873479 1.00194504 0.05624960741 -0.01436376933 0.09468290738 -0.4093883587 -0.4882788852 -0.7205004484 -0.4453674331 -0.7340436128 -0.1227840771 -0.4932939694 0
-1.159075092 0.3571117903 -0.1610494794 -1.282598877 -0.6835984744 -0.0614006445 -0.278294946 0.6229232639 -0.05161262623 -0.4204873479 0.9338589983 -0.02317946547 0.19945787 0.2596870984 0.6226310329 -0.4882788852 -0.7205004484 -0.3815193458 -0.6650763583 -0.05598340998 -0.4932939694 0
-1.159075092 0.7955193103 -0.1464286858 -1.161326305 -0.6835984744 -0.0614006445 -0.278294946 0.5630977986 0.2958238393 -0.4204873479 0.2870416036 -0.02317946547 0.19945787 0.2596870984 0.9666374967 -0.4882788852 -0.7205004484 -0.2538231714 -0.4581745949 0.1110182578 -0.4932939694 0
-1.159075092 0.6604230788 -0.170699004 -0.2697010429 -0.1757343174 -0.0614006445 -0.278294946 0.6827487292 -0.05161262623 -0.4204873479 0.6955578529 0.1356786803 -0.01436376933 0.2596870984 -0.4093883587 -0.4882788852 -0.7205004484 -0.4453674331 -0.6650763583 -0.05598340998 -0.4932939694 0
-1.159075092 0.1154982248 -0.1691072378 -0.7765602044 0.3812109043 -0.0614006445 -0.278294946 0.6827487292 -0.05161262623 -0.4204873479 0.9849235294 0.3739658989 -0.3350962284 0.2596870984 -0.06538189482 -0.4882788852 -0.7205004484 -0.6369116947 -0.8030108672 0.07761792424 -0.4932939694 0
-1.159075092 0.03278413875 -0.1559783571 -0.8452014865 0.7860310327 -0.0614006445 -0.278294946 0.6827487292 0.1800116841 -0.4204873479 0.9168374879 0.6652058328 -0.7271025673 0.2596870984 0.278624569 0.9630825414 -0.7205004484 -0.7646078691 -0.8719781217 0.244619592 -0.4932939694 0
-1.159075092 0.2829889224 -0.1434619454 0.02797064275 0.5534445579 -0.0614006445 -0.278294946 0.6229232639 0.4116359945 -0.4204873479 0.4061921763 0.6652058328 -0.7271025673 0.2596870984 1.654650424 0.9630825414 -0.7205004484 -0.7007597819 -0.7340436128 0.4116212598 -0.4932939694 0
-1.159075092 0.4789927218 -0.116161032 -0.1846697067 1.11464807 -0.0614006445 -0.278294946 0.6827487292 0.5274481497 -0.4204873479 -0.8874426131 0.6652058328 -0.7271025673 0.2596870984 0.278624569 0.9630825414 -0.7205004484 -0.7646078691 -0.6650763583 0.5786229276 -0.4932939694 0
-1.159075092 0.297175657 -0.1275302031 0.04759236024 1.272075785 -0.0614006445 -0.278294946 0.6827487292 0.4116359945 -0.4204873479 -0.9555286546 0.6652058328 -0.7271025673 0.2596870984 0.6226310329 -0.4882788852 -0.7205004484 -0.8284559564 -0.8030108672 0.545222594 -0.4932939694 0
-1.159075092 0.05916292644 -0.1424133374 0.3955299074 2.148248132 -0.0614006445 -0.278294946 0.8023996598 0.4116359945 -0.4204873479 -0.9895716754 0.8770166939 -1.012198086 0.2596870984 1.310643961 -0.4882788852 -1.321656211 -1.275392567 -1.14784714 1.146428598 -0.4932939694 0
1.168899722 1.675408769 -0.2036404857 -1.123056545 -0.6835984744 -0.0614006445 -0.278294946 0.8622251252 -0.7464855574 -0.4204873479 -0.1725391768 -0.0496558231 0.19945787 0.2046857014 -0.4093883587 -0.4882788852 0.9627356869 0.8315943113 0.9211704943 -0.4233870791 1.140017528 0
1.168899722 1.159500397 -0.2036404857 -0.4854121056 -0.1490046386 -0.0614006445 -0.278294946 0.9220505905 0.6432603049 -0.4204873479 -0.7853135507 0.1356786803 0.3776425695 0.8647024657 1.654650424 -0.4882788852 0.6020422293 0.7038981368 0.9901377488 -0.08938374354 -0.4932939694 0
1.168899722 1.142538839 -0.2036404857 -1.065333537 -0.6835984744 -0.0614006445 -0.278294946 0.9220505905 0.8748846153 -0.4204873479 -0.7342490196 0.1356786803 0.3776425695 0.8647024657 1.310643961 -0.4882788852 0.8425045344 -0.06227890976 1.128072258 -0.2229850778 -0.4932939694 0
1.168899722 -0.9199884374 -0.2036404857 -0.2868275786 -0.6835984744 -0.0614006445 -0.278294946 1.281003382 -1.209734178 -0.1715262051 0.3381061348 -1.373473704 1.482387706 -0.5653338569 -1.097401286 -0.4882788852 0.4818110768 0.6400500496 0.576334222 -0.657189414 -0.4932939694 0
1.168899722 -0.9199884374 -0.2036404857 -0.3357241398 -0.6835984744 -0.0614006445 -0.278294946 1.281003382 -1.209734178 -0.1092859194 0.304063114 -1.320520989 1.553661586 -0.3453282688 -1.097401286 -0.4882788852 0.4818110768 0.7038981368 0.576334222 -0.657189414 -0.4932939694 0
1.168899722 -0.9199884374 -0.2036404857 -0.1554921255 -0.6835984744 -0.0614006445 -0.278294946 1.281003382 -1.209734178 -0.1715262051 0.2870416036 -1.373473704 1.482387706 -0.5653338569 -1.44140775 -0.4882788852 0.4818110768 0.6400500496 0.576334222 -0.657189414 -0.4932939694 0
1.168899722 -0.9199884374 -0.2036404857 -0.5908326627 -0.6835984744 -0.0614006445 -0.278294946 1.340828848 -1.209734178 -0.04704563375 0.2359770724 -1.267568274 1.518024646 -0.2903268718 -1.097401286 -0.4882788852 0.4818110768 0.7038981368 0.576334222 -0.657189414 -0.4932939694 0
1.168899722 -0.9199884374 -0.2036404857 -0.7274567373 -0.6835984744 -0.0614006445 -0.278294946 1.340828848 -1.325546333 -0.04704563375 0.2359770724 -1.320520989 1.553661586 -0.3453282688 -1.097401286 -0.4882788852 0.4818110768 0.7038981368 0.6453014765 -0.657189414 -0.4932939694 0
1.168899722 -0.9199884374 -0.2036404857 -0.9759851905 -0.6835984744 -0.0614006445 -0.278294946 1.400654313 -1.325546333 -0.1092859194 0.2019340517 -1.346997347 1.589298526 -0.3453282688 -1.097401286 -0.4882788852 0.4818110768 0.7038981368 0.576334222 -0.657189414 -0.4932939694 0
1.168899722 -0.9199884374 -0.2036404857 -1.283311122 -0.6835984744 -0.0614006445 -0.278294946 1.400654313 -1.325546333 -0.1092859194 0.2019340517 -1.267568274 1.518024646 -0.2903268718 -1.097401286 -0.4882788852 0.4818110768 0.7038981368 0.576334222 -0.657189414 -0.4932939694 0
1.168899722 -0.9199884374 -0.2036404857 -1.27568624 -0.6835984744 -0.0614006445 -0.278294946 1.400654313 -1.325546333 -0.04704563375 0.2359770724 -1.241091916 1.482387706 -0.2903268718 -1.097401286 -0.4882788852 0.4818110768 0.7038981368 0.6453014765 -0.657189414 -0.4932939694 0
1.168899722 -0.9199884374 -0.2036404857 -1.333066328 -0.6835984744 -0.0614006445 -0.278294946 1.460479778 -1.325546333 -0.04704563375 0.2529985828 -1.294044632 1.518024646 -0.3453282688 -1.097401286 -0.4882788852 0.5419266531 0.7038981368 0.6453014765 -0.657189414 -0.4932939694 0
1.168899722 -0.9199884374 -0.2036404857 -1.295326319 -0.6835984744 -0.0614006445 -0.278294946 1.460479778 -1.325546333 -0.04704563375 0.2019340517 -1.241091916 1.482387706 -0.2903268718 -1.097401286 -0.4882788852 0.5419266531 0.7038981368 0.6453014765 -0.657189414 -0.4932939694 0
1.168899722 -0.9199884374 -0.2036404857 -1.288907304 -0.6835984744 -0.0614006445 -0.278294946 1.460479778 -1.325546333 0.07743493764 0.2870416036 -1.241091916 1.482387706 -0.2903268718 -1.097401286 -0.4882788852 0.6020422293 0.7677462241 0.6453014765 -0.657189414 -0.4932939694 0
1.168899722 -0.9199884374 -0.2036404857 -0.6863520234 -0.6835984744 -0.0614006445 -0.278294946 1.340828848 -1.325546333 -0.1715262051 0.3891706659 -1.294044632 1.518024646 -0.3453282688 -1.097401286 -0.4882788852 0.6020422293 0.7677462241 0.714268731 -0.657189414 -0.4932939694 0
1.168899722 -0.9199884374 -0.2036404857 0.5441616597 -0.6835984744 -0.0614006445 -0.278294946 1.340828848 -1.209734178 -0.1715262051 0.8657729567 -0.4732775451 0.555827269 -0.1253226807 -0.4093883587 0.9630825414 0.6020422293 0.7677462241 0.714268731 -0.6237890804 1.140017528 0
1.168899722 -0.9199884374 -0.2036404857 -0.5395089441 -0.6835984744 -0.0614006445 -0.278294946 1.400654313 -1.325546333 -0.1092859194 0.3551276452 -1.241091916 1.482387706 -0.2903268718 -1.097401286 -0.4882788852 0.6020422293 0.7677462241 0.714268731 -0.657189414 -0.4932939694 0
1.168899722 -0.9199884374 -0.2036404857 0.7596052066 -0.6835984744 -0.0614006445 -0.278294946 1.281003382 -1.209734178 -0.1715262051 0.9168374879 -0.4732775451 0.555827269 -0.1253226807 -0.06538189482 0.9630825414 0.6020422293 0.7677462241 0.714268731 -0.6237890804 1.140017528 0
1.168899722 -0.9199884374 -0.2036404857 -0.6191864324 -0.6835984744 -0.0614006445 -0.278294946 1.281003382 -1.209734178 -0.1715262051 0.7125793633 -0.4732775451 0.555827269 -0.1253226807 -0.06538189482 0.9630825414 0.5419266531 0.7038981368 0.6453014765 -0.657189414 1.140017528 0
0.7456315737 2.105756696 -0.1856212127 0.456587682 -0.6835984744 -0.0614006445 -0.278294946 0.5032723333 -0.05161262623 -0.4204873479 1.682805455 0.9034930515 0.19945787 2.184735994 0.278624569 -0.4882788852 0.4818110768 1.278530922 1.059105003 0.8792259295 -0.4932939694 0
0.7456315737 1.259889527 -0.2036404857 0.9484112257 -0.6835984744 -0.0614006445 -0.278294946 0.5630977986 -0.514861247 -0.4204873479 1.682805455 0.2945368261 0.19945787 0.9197038627 0.278624569 -0.4882788852 0.7222733818 0.8954423985 0.7832359854 -0.2897857449 -0.4932939694 0
0.7456315737 1.342230839 -0.2036404857 0.4500505953 -0.6835984744 -0.0614006445 -0.278294946 0.5630977986 -0.514861247 -0.4204873479 1.818977538 0.5063476871 0.19945787 1.359715039 0.6226310329 -0.4882788852 0.4818110768 1.08698666 0.9211704943 0.1444185913 -0.4932939694 0
0.7456315737 1.881143757 -0.1824093202 0.8295637127 -0.6835984744 -0.0614006445 -0.278294946 0.5032723333 0.06419952896 -0.4204873479 2.176429256 0.8770166939 0.2350948099 2.184735994 0.9666374967 -0.4882788852 0.9627356869 1.406227096 1.128072258 0.6120232611 -0.4932939694 0
0.7456315737 1.801925895 -0.1809466762 0.2464730117 -0.6835984744 -0.0614006445 -0.278294946 0.443446868 0.1800116841 -0.4204873479 2.006214153 0.8770166939 0.2350948099 2.184735994 1.310643961 -0.4882788852 0.1211176192 1.406227096 1.128072258 1.881235936 -0.4932939694 0
0.9572656477 0.6604230788 -0.2036404857 0.5500010161 -0.6835984744 -0.0614006445 -0.278294946 0.8023996598 -0.1674247814 -0.4204873479 -0.4278618326 0.1092023227 0.1281839903 0.4246912895 0.6226310329 0.9630825414 0.3615799243 0.5762019624 0.714268731 -0.4233870791 -0.4932939694 0
0.9572656477 -0.5658346024 -0.2036404857 0.8132853304 -0.6835984744 -0.0614006445 -0.278294946 1.221177917 -1.093922023 -0.3582470622 0.5934287906 -1.320520989 1.518024646 -0.4003296658 -1.097401286 -0.4882788852 0.8425045344 0.8954423985 0.8522032399 -0.6237890804 1.140017528 0
0.9572656477 -0.6686307373 -0.2036404857 1.145357852 -0.6835984744 -0.0614006445 -0.278294946 1.340828848 -1.209734178 -0.4204873479 0.5083212386 -1.320520989 1.518024646 -0.4003296658 -1.44140775 -0.4882788852 0.8425045344 0.8954423985 0.8522032399 -0.657189414 1.140017528 0
0.1107293517 -0.3439842472 -0.1796284709 1.550821749 0.426992851 -0.0614006445 -0.278294946 0.6827487292 0.8748846153 -0.4204873479 -0.1725391768 0.4269186142 -0.6914656274 -0.1803240777 -0.7533948225 0.9630825414 0.1812331955 -0.8284559564 0.1625306953 -0.05598340998 1.140017528 0
0.1107293517 -0.2835811214 -0.1859537835 1.884996765 0.6797952445 -0.0614006445 -0.278294946 0.7425741945 0.5274481497 -0.4204873479 -0.3427542807 0.4269186142 -0.6914656274 -0.1803240777 0.9666374967 0.9630825414 0.2413487718 -0.5730636075 0.2314979497 -0.02258307643 1.140017528 0
0.8514486107 -0.9199884374 -0.1539174937 -0.3985850316 1.999457455 -0.0614006445 -0.278294946 1.041701521 -0.05161262623 -0.4204873479 -0.5640339157 0.5063476871 -0.8696503268 -0.2903268718 0.278624569 0.9630825414 0.3615799243 0.06541726467 0.5073669676 0.3114202591 1.140017528 0
0.8514486107 -0.9199884374 -0.1737361622 -0.6437022302 1.621600542 -0.0614006445 -0.278294946 1.041701521 -0.2832369366 -0.4204873479 -0.7342490196 0.5063476871 -0.8696503268 -0.2903268718 0.278624569 2.414443968 0.3615799243 0.1931134391 0.5073669676 0.1778189249 1.140017528 0
0.8514486107 -0.9199884374 -0.180523657 -0.8688984392 1.811172824 -0.0614006445 -0.278294946 0.9818760558 -0.1674247814 -0.4204873479 -0.7342490196 0.5063476871 -0.8696503268 -0.2903268718 0.9666374967 0.9630825414 0.3615799243 0.1292653519 0.5073669676 0.1110182578 1.140017528 0
0.8514486107 -0.9199884374 -0.1822585905 -0.5717548952 1.953586612 -0.0614006445 -0.278294946 0.9818760558 -0.1674247814 -0.4204873479 -0.7172275092 0.5328240447 -0.9052872667 -0.2903268718 0.6226310329 0.9630825414 0.3615799243 0.06541726467 0.4383997131 0.1444185913 1.140017528 0
0.8514486107 -0.9199884374 -0.1620985196 -0.9467291978 1.878238456 -0.0614006445 -0.278294946 0.9818760558 -0.05161262623 -0.4204873479 -0.5810554261 0.58577676 -0.9765611465 -0.2903268718 0.6226310329 -0.4882788852 0.3615799243 0.001569177458 0.4383997131 0.2780199256 1.140017528 0
0.8514486107 -0.9199884374 -0.1781784702 -0.7910896442 2.06426557 -0.0614006445 -0.278294946 0.9220505905 -0.1674247814 -0.4204873479 -0.7342490196 0.5328240447 -0.9052872667 -0.2903268718 0.9666374967 0.9630825414 0.3615799243 0.06541726467 0.4383997131 0.2112192585 1.140017528 0
0.8514486107 -0.9199884374 -0.1543245829 -0.8177669373 1.977490909 -0.0614006445 -0.278294946 0.9220505905 -0.05161262623 -0.4204873479 -0.5980769365 0.58577676 -0.9765611465 -0.2903268718 1.310643961 0.9630825414 0.3615799243 0.001569177458 0.4383997131 0.2780199256 1.140017528 0
0.8514486107 -0.9199884374 -0.1618100324 -0.5949796295 1.896028978 -0.0614006445 -0.278294946 0.9220505905 0.06419952896 -0.4204873479 -0.3427542807 0.8240639786 -0.9765611465 0.2046857014 1.310643961 0.9630825414 0.3615799243 -0.5092155203 0.4383997131 0.1778189249 1.140017528 0
0.8514486107 -0.9199884374 -0.1796284709 -0.440861303 1.907781263 -0.0614006445 -0.278294946 0.9220505905 0.06419952896 -0.4204873479 -0.2916897495 0.8240639786 -0.9765611465 0.2046857014 1.310643961 -0.4882788852 0.3615799243 -0.5730636075 0.3694324586 0.1444185913 1.140017528 0
0.8514486107 -0.9199884374 -0.1816565973 -0.5417954013 1.688905625 -0.0614006445 -0.278294946 0.9818760558 -0.05161262623 -0.4204873479 0.304063114 0.8240639786 -0.9765611465 0.2046857014 1.310643961 -0.4882788852 0.3615799243 -0.5092155203 0.4383997131 0.07761792424 1.140017528 0
0.8514486107 -0.9199884374 -0.1330712871 -0.7578638978 1.764349277 -0.0614006445 -0.278294946 0.9220505905 0.4116359945 -0.4204873479 0.03171894781 0.8770166939 -1.368567485 -0.2903268718 0.9666374967 -0.4882788852 0.3615799243 -0.5730636075 0.3004652042 0.4450215933 1.140017528 0
0.8514486107 -0.9199884374 -0.1257732721 -0.989999394 1.717384437 -0.0614006445 -0.278294946 0.8622251252 0.4116359945 -0.4204873479 0.09980498935 0.7446349057 -1.368567485 -0.5653338569 0.278624569 -0.4882788852 0.3615799243 -0.7007597819 0.3004652042 0.4450215933 1.140017528 0
0.5339974997 -0.9199884374 -0.1136402803 -0.8893619797 1.397723165 -0.0614006445 -0.278294946 0.8622251252 0.6432603049 -0.4204873479 0.2700200932 1.115303913 -1.368567485 0.2046857014 0.6226310329 0.9630825414 0.3615799243 -0.7646078691 0.3004652042 0.4450215933 1.140017528 0
0.5339974997 -0.9199884374 -0.1291438487 -1.017956734 1.613454953 -0.0614006445 -0.278294946 0.8622251252 0.4116359945 -0.4204873479 0.06576196858 0.7446349057 -1.368567485 -0.5653338569 1.998656888 0.9630825414 0.3615799243 -0.6369116947 0.3004652042 0.4784219269 1.140017528 0
0.5339974997 -0.3366762221 -0.1063738279 -0.425699709 1.190871313 -0.0614006445 -0.278294946 0.8023996598 0.5274481497 -0.4204873479 -0.07041011451 1.115303913 -1.368567485 0.2046857014 1.654650424 2.414443968 0.3615799243 -0.1899750842 0.1625306953 0.5786229276 1.140017528 0
0.5339974997 -0.4355711175 -0.1228644391 1.714124516 1.495741955 -0.0614006445 -0.278294946 0.8023996598 0.4116359945 -0.4204873479 -0.4619048534 1.115303913 -1.368567485 0.2046857014 0.9666374967 0.9630825414 0.1812331955 -0.1899750842 0.1625306953 0.3782209262 1.140017528 0
0.5339974997 -0.4096638235 -0.1185444289 0.8345393523 1.28431107 -0.0614006445 -0.278294946 0.8023996598 0.5274481497 -0.4204873479 -0.7342490196 0.9299694091 -1.368567485 -0.1803240777 1.310643961 2.414443968 0.1812331955 -0.06227890976 0.2314979497 0.244619592 1.140017528 0
0.5339974997 -0.4378800608 -0.1634449692 0.697948503 1.17550388 -0.0614006445 -0.278294946 0.8023996598 0.4116359945 -0.4204873479 -0.3938188119 0.8505403362 -1.083471966 0.09468290738 0.6226310329 -0.4882788852 0.1812331955 0.001569177458 0.3004652042 0.04421759068 1.140017528 0
0.5339974997 -0.9199884374 -0.1783313039 0.4634058544 0.4869887859 -0.0614006445 -0.278294946 0.8622251252 0.5274481497 -0.4204873479 -0.2916897495 0.7446349057 -0.9409242066 0.09468290738 0.278624569 0.9630825414 0.1812331955 0.001569177458 0.2314979497 -0.2229850778 1.140017528 0
0.5339974997 -0.9199884374 -0.1819506208 0.8828292903 0.6539861244 -0.0614006445 -0.278294946 0.8622251252 0.4116359945 -0.4204873479 -0.3087112599 0.7446349057 -0.9409242066 0.09468290738 0.278624569 0.9630825414 0.1812331955 0.001569177458 0.2314979497 -0.2563854113 1.140017528 0
0.5339974997 -0.9199884374 -0.2036404857 1.328023319 0.8904114997 -0.0614006445 -0.278294946 0.8622251252 0.4116359945 -0.4204873479 -0.1725391768 0.7446349057 -0.9409242066 0.09468290738 0.9666374967 0.9630825414 0.3615799243 0.001569177458 0.2314979497 -0.08938374354 1.140017528 0
0.5339974997 -0.9199884374 -0.2036404857 0.8958525417 0.6609023079 -0.0614006445 -0.278294946 0.8622251252 0.4116359945 -0.4204873479 -0.2746682391 0.7446349057 -0.9409242066 0.09468290738 1.310643961 2.414443968 0.3615799243 0.06541726467 0.2314979497 -0.1561844106 1.140017528 0
0.5339974997 -0.9199884374 -0.2036404857 0.9769109417 0.3570623455 -0.0614006445 -0.278294946 0.8023996598 0.5274481497 -0.4204873479 -0.2916897495 0.7446349057 -0.9409242066 0.09468290738 1.998656888 2.414443968 0.3615799243 0.06541726467 0.3004652042 -0.2229850778 1.140017528 0
0.5339974997 -0.9199884374 -0.1866658087 0.6168795409 0.363206868 -0.0614006445 -0.278294946 0.8622251252 0.4116359945 -0.4204873479 -0.2916897495 0.7446349057 -0.9409242066 0.09468290738 0.278624569 2.414443968 0.3615799243 0.06541726467 0.2314979497 -0.2229850778 1.140017528 0
0.6398145367 1.569937794 -0.2036404857 -0.1052823273 -0.3279824357 -0.0614006445 -0.278294946 0.3836214026 -0.2832369366 -0.4204873479 -1.091700738 0.6387294752 -0.6201917476 0.3696898925 1.654650424 -0.4882788852 0.7222733818 0.7677462241 0.714268731 -0.2229850778 1.140017528 0
0.6398145367 1.340625747 -0.2036404857 -0.7425389754 -0.2684860116 -0.0614006445 -0.278294946 0.3836214026 -0.1674247814 -0.4204873479 -1.057657717 0.6387294752 -0.6201917476 0.3696898925 1.310643961 -0.4882788852 0.7222733818 0.7677462241 0.714268731 -0.1561844106 1.140017528 0
0.6398145367 1.463040453 -0.2036404857 1.293884228 -0.3432497261 -0.0614006445 -0.278294946 0.3836214026 -0.2832369366 -0.4204873479 -0.8704211027 0.6387294752 -0.6201917476 0.3696898925 1.654650424 -0.4882788852 0.7222733818 0.7677462241 0.7832359854 -0.2229850778 1.140017528 0
0.6398145367 2.078420761 -0.2036404857 0.8523943955 -0.4266553546 -0.0614006445 -0.278294946 0.3237959373 -0.2832369366 -0.4204873479 -1.159786779 0.6387294752 -0.6201917476 0.3696898925 0.9666374967 -0.4882788852 0.7222733818 0.8315943113 0.7832359854 -0.3231860784 1.140017528 0
0.6398145367 1.971177753 -0.2036404857 0.824917213 -0.39772946 -0.0614006445 -0.278294946 0.3237959373 -0.2832369366 -0.4204873479 -1.125743758 0.6387294752 -0.6201917476 0.3696898925 0.9666374967 -0.4882788852 0.7222733818 0.8315943113 0.7832359854 -0.2897857449 1.140017528 0
0.6398145367 2.09990619 -0.2036404857 0.5917692908 -0.4248142049 -0.0614006445 -0.278294946 0.3836214026 -0.2832369366 -0.4204873479 -1.125743758 0.6387294752 -0.6201917476 0.3696898925 1.310643961 -0.4882788852 0.7222733818 0.8954423985 0.8522032399 -0.2897857449 1.140017528 0
0.6398145367 2.26357434 -0.2036404857 0.880240693 -0.3913025488 -0.0614006445 -0.278294946 0.3836214026 -0.2832369366 -0.4204873479 -1.108722248 0.6387294752 -0.6201917476 0.3696898925 0.9666374967 -0.4882788852 0.7222733818 0.8954423985 0.8522032399 -0.2897857449 1.140017528 0
0.6398145367 2.547581142 -0.2036404857 -0.1601768518 -0.6835984744 -0.0614006445 -0.278294946 0.3836214026 -0.3990490918 -0.4204873479 -1.040636207 -0.6586120485 1.126018307 0.3696898925 -0.4093883587 -0.4882788852 0.7222733818 0.9592904857 0.8522032399 -0.4901877462 -0.4932939694 0
0.6398145367 2.637327048 -0.2036404857 0.4141848049 -0.6835984744 -0.0614006445 -0.278294946 0.3836214026 -0.6306734022 -0.4204873479 -1.295958862 -0.6586120485 1.126018307 0.3696898925 -0.7533948225 -0.4882788852 0.6621578056 1.023138573 0.8522032399 -0.5235880797 -0.4932939694 0
0.6398145367 3.102267806 -0.2036404857 0.2185272832 -0.6835984744 -0.0614006445 -0.278294946 0.3836214026 -0.6306734022 -0.4204873479 -1.381066414 -0.6586120485 1.126018307 0.3696898925 -0.4093883587 -0.4882788852 0.6621578056 1.023138573 0.9211704943 -0.4901877462 -0.4932939694 0
0.6398145367 3.397233258 -0.2036404857 -0.3563362148 -0.6835984744 -0.0614006445 -0.278294946 0.3836214026 -0.6306734022 -0.4204873479 -1.364044904 -0.6586120485 1.126018307 0.3696898925 -0.06538189482 -0.4882788852 0.6621578056 1.023138573 0.9211704943 -0.5235880797 -0.4932939694 0
0.6398145367 2.914943778 -0.2036404857 -0.3098444277 -0.6835984744 -0.0614006445 -0.278294946 0.3836214026 -0.6306734022 -0.4204873479 -1.074679227 -0.6586120485 1.126018307 0.3696898925 -0.7533948225 -0.4882788852 0.6621578056 0.9592904857 0.8522032399 -0.5235880797 -0.4932939694 0
0.6398145367 2.732518167 -0.2036404857 -0.08147317826 -0.6835984744 -0.0614006445 -0.278294946 0.3836214026 -0.6306734022 -0.4204873479 -1.023614696 -0.6586120485 1.126018307 0.3696898925 -0.4093883587 -0.4882788852 0.6621578056 0.9592904857 0.8522032399 -0.5235880797 -0.4932939694 0
0.6398145367 3.125865044 -0.2036404857 -1.635871141 -0.6835984744 -0.0614006445 -0.278294946 0.3836214026 -0.514861247 -0.4204873479 -0.9895716754 -0.2614666841 0.5914642089 0.3696898925 -0.7533948225 3.865805395 0.6621578056 0.9592904857 0.8522032399 -0.4567874126 -0.4932939694 0
0.6398145367 2.580597329 -0.2036404857 -0.4966543783 -0.6835984744 -0.0614006445 -0.278294946 0.3836214026 -0.514861247 -0.4204873479 -0.9385071442 -0.2614666841 0.5914642089 0.3696898925 -0.4093883587 0.9630825414 0.6621578056 0.9592904857 0.8522032399 -0.4901877462 -0.4932939694 0
0.6398145367 2.309703012 -0.2036404857 -0.5848131555 -0.4393963256 -0.0614006445 -0.278294946 0.3237959373 -0.3990490918 -0.4204873479 -0.9044641234 0.3474895413 -0.2281854087 0.3696898925 -0.06538189482 0.9630825414 0.6621578056 0.8954423985 0.7832359854 -0.356586412 1.140017528 0
0.6398145367 2.55881936 -0.2036404857 -0.7337054988 -0.4041203575 -0.0614006445 -0.278294946 0.3237959373 -0.1674247814 -0.4204873479 -1.074679227 0.3474895413 -0.2281854087 0.3696898925 0.278624569 0.9630825414 0.6621578056 0.8315943113 0.7832359854 -0.3231860784 1.140017528 0
0.6398145367 2.83312241 -0.2036404857 -0.6625699792 -0.6835984744 -0.0614006445 -0.278294946 0.3237959373 -0.514861247 -0.4204873479 -1.023614696 -0.0496558231 0.3063686897 0.3696898925 0.278624569 0.9630825414 0.6621578056 0.8954423985 0.7832359854 -0.4567874126 1.140017528 0
0.6398145367 1.084232249 -0.2036404857 -1.635871141 0.1751414391 -0.0614006445 -0.278294946 0.263970472 0.1800116841 -0.4204873479 -0.5980769365 0.4798713295 -0.3707331683 0.4246912895 -0.06538189482 0.9630825414 0.3615799243 0.5762019624 0.576334222 0.01081725713 1.140017528 0
0.6398145367 0.8861961418 -0.2036404857 -0.8031579318 0.4772338937 -0.0614006445 -0.278294946 0.263970472 0.1800116841 -0.4204873479 -0.3767973015 0.4798713295 -0.3707331683 0.4246912895 0.278624569 0.9630825414 0.3615799243 0.5123538752 0.576334222 0.07761792424 1.140017528 0
0.6398145367 0.6297511602 -0.2036404857 -0.5641462764 0.6444221891 -0.0614006445 -0.278294946 0.263970472 0.1800116841 -0.4204873479 -0.4278618326 0.4798713295 -0.3707331683 0.4246912895 0.278624569 -0.4882788852 0.3615799243 0.448505788 0.5073669676 0.04421759068 1.140017528 0
0.6398145367 0.6920888867 -0.1652387589 -0.9988227981 0.7965156567 -0.0614006445 -0.278294946 0.3237959373 0.2958238393 -0.4204873479 -0.444883343 0.7446349057 -0.7271025673 0.4246912895 0.6226310329 -0.4882788852 0.3615799243 0.3846577008 0.5073669676 0.1778189249 1.140017528 0
0.6398145367 -0.01474078261 -0.1533241422 -0.3838202521 1.255739591 -0.0614006445 -0.278294946 0.3237959373 0.5274481497 -0.4204873479 -0.444883343 0.7446349057 -0.7271025673 0.4246912895 1.310643961 -0.4882788852 0.3615799243 0.2569615263 0.3694324586 0.3782209262 1.140017528 0
0.6398145367 -0.1982020064 -0.1635214588 0.3607390066 1.481226856 -0.0614006445 -0.278294946 0.3237959373 0.9906967705 -0.4204873479 -0.6150984469 0.7446349057 -0.7271025673 0.4246912895 0.9666374967 -0.4882788852 0.1211176192 0.1292653519 0.2314979497 0.1778189249 1.140017528 0
0.6398145367 -0.276563892 -0.1678770458 0.7372555556 1.797569931 -0.0614006445 -0.278294946 0.3836214026 0.9906967705 -0.4204873479 -0.6321199573 1.009398482 -1.083471966 0.4246912895 0.6226310329 -0.4882788852 0.1211176192 -0.126126997 0.1625306953 0.6788239282 1.140017528 0
0.6398145367 -0.4055106285 -0.1607461859 -0.2127193778 2.292289166 -0.0614006445 -0.278294946 0.3836214026 1.222321081 -0.4204873479 -0.5129693846 1.009398482 -1.083471966 0.4246912895 -0.06538189482 -0.4882788852 0.1211176192 -0.2538231714 0.09356344079 0.845825596 1.140017528 0
0.6398145367 -0.3084628169 -0.1526548789 -0.3671666343 2.067588253 -0.0614006445 -0.278294946 0.3836214026 1.106508926 -0.4204873479 -0.4108403222 0.7446349057 -0.7271025673 0.4246912895 1.654650424 0.9630825414 -0.05922910954 -0.06227890976 0.09356344079 0.3782209262 1.140017528 0
0.6398145367 -0.2838479454 -0.1506026277 0.1238246692 2.178327829 -0.0614006445 -0.278294946 0.3237959373 1.106508926 -0.4204873479 -0.3767973015 0.7446349057 -0.7271025673 0.4246912895 0.6226310329 -0.4882788852 0.1211176192 -0.06227890976 0.09356344079 0.3114202591 1.140017528 0
0.6398145367 -0.5420125918 -0.1406134359 0.4552472003 2.717345365 -0.0614006445 -0.278294946 0.443446868 1.338133236 -0.4204873479 -0.9895716754 0.797587621 -1.083471966 -0.01531988666 -0.06538189482 -0.4882788852 -0.05922910954 -0.5730636075 -0.1133383226 0.9126262631 1.140017528 0
0.7456315737 -0.4560144106 -0.2036404857 0.6101626181 -0.6835984744 -0.0614006445 -0.278294946 0.8023996598 -0.8622977126 -0.2960067765 0.5593857698 -0.6056593333 0.7696489084 -0.07032128369 -0.4093883587 -0.4882788852 0.8425045344 0.8954423985 0.9211704943 -0.5569884133 1.140017528 0
0.7456315737 0.09553704574 -0.2036404857 0.7050896599 -0.6835984744 -0.0614006445 -0.278294946 0.8023996598 -1.093922023 -0.4204873479 -0.01934558335 -0.340895757 0.5914642089 0.2046857014 -0.4093883587 -0.4882788852 1.022851263 1.214682835 1.197039512 -0.5903887469 1.140017528 0
0.7456315737 -0.000476291707 -0.2036404857 0.271799121 -0.6835984744 -0.0614006445 -0.278294946 0.8023996598 -0.9781098678 -0.4204873479 0.0487404582 -0.4732775451 0.7696489084 0.2046857014 -0.7533948225 -0.4882788852 1.022851263 1.214682835 1.197039512 -0.5903887469 1.140017528 0
0.9572656477 0.5263366924 -0.2036404857 0.697948503 -0.6835984744 -0.0614006445 -0.278294946 0.8023996598 -0.9781098678 -0.4204873479 -0.01934558335 -0.9233756248 1.482387706 0.3696898925 -1.44140775 -0.4882788852 1.022851263 1.278530922 1.266006767 -0.5903887469 -0.4932939694 0
0.9572656477 0.3393036121 -0.2036404857 0.4542058158 -0.6835984744 -0.0614006445 -0.278294946 0.8023996598 -1.093922023 -0.4204873479 -0.07041011451 -0.9763283401 1.446750766 0.2046857014 -1.44140775 -0.4882788852 1.022851263 1.278530922 1.197039512 -0.6237890804 -0.4932939694 0
0.9572656477 0.1503431632 -0.2036404857 1.324886925 -0.6835984744 -0.0614006445 -0.278294946 0.8023996598 -0.9781098678 -0.4204873479 -0.05338860412 -0.2879430417 0.6271011488 0.3696898925 -0.4093883587 0.9630825414 1.022851263 1.278530922 1.266006767 -0.5569884133 1.140017528 0
0.9572656477 -0.007938514442 -0.2036404857 1.202411914 -0.6835984744 -0.0614006445 -0.278294946 0.8023996598 -0.9781098678 -0.3582470622 0.0487404582 -0.3673721146 0.7340119685 0.3696898925 -0.4093883587 0.9630825414 1.022851263 1.342379009 1.334974021 -0.5569884133 1.140017528 0
0.9572656477 0.3305844692 -0.2036404857 0.7856687418 -0.6835984744 -0.0614006445 -0.278294946 0.8023996598 -0.9781098678 -0.2337664908 0.2359770724 -0.2879430417 0.6271011488 0.3696898925 -0.4093883587 0.9630825414 1.203197992 1.342379009 1.403941276 -0.5235880797 1.140017528 0
0.9572656477 0.2267954312 -0.2036404857 1.139839522 -0.6835984744 -0.0614006445 -0.278294946 0.8023996598 -0.9781098678 -0.3582470622 0.1508695205 -0.2879430417 0.6271011488 0.3696898925 -0.4093883587 0.9630825414 1.443660297 1.342379009 1.403941276 -0.3899867455 1.140017528 0
0.9572656477 0.1503431632 -0.2036404857 1.324886925 -0.3396481323 -0.0614006445 -0.278294946 0.7425741945 -0.8622977126 -0.3582470622 0.0487404582 0.02977324978 0.19945787 0.3696898925 -0.4093883587 -0.4882788852 1.443660297 1.214682835 1.334974021 -0.2229850778 1.140017528 0
0.9572656477 0.268290893 -0.2036404857 1.322452073 -0.3781162825 -0.0614006445 -0.278294946 0.7425741945 -0.8622977126 -0.3582470622 -0.01934558335 -0.129084896 0.4132795094 0.3696898925 -0.06538189482 -0.4882788852 1.443660297 1.214682835 1.334974021 -0.2563854113 1.140017528 0
0.7456315737 0.7363380322 -0.1576087211 2.182246175 1.445439026 -0.0614006445 -0.278294946 0.6229232639 -0.05161262623 -0.4204873479 -0.7853135507 -0.07613218073 0.1638209302 0.09468290738 0.278624569 -0.4882788852 1.503775873 0.448505788 0.714268731 1.714234268 1.140017528 0
0.7456315737 0.6983529552 -0.1699084084 1.721628492 1.396613113 -0.0614006445 -0.278294946 0.5630977986 0.1800116841 -0.4204873479 -1.023614696 0.58577676 -0.5132809279 0.4246912895 -0.06538189482 0.9630825414 1.503775873 0.3846577008 0.576334222 1.91463627 1.140017528 0
0.7456315737 1.355804146 -0.1825579374 1.511784765 0.9415668279 -0.0614006445 -0.278294946 0.443446868 0.06419952896 -0.1715262051 0.3381061348 0.58577676 -0.5132809279 0.4246912895 0.278624569 -0.4882788852 1.323429144 0.448505788 0.576334222 1.213229265 1.140017528 0
0.7456315737 1.251865437 -0.1777723275 1.368026808 1.310469373 -0.0614006445 -0.278294946 0.5032723333 0.1800116841 -0.04704563375 -0.2065821976 0.58577676 -0.5132809279 0.4246912895 -0.06538189482 -0.4882788852 1.323429144 0.448505788 0.6453014765 1.346830599 1.140017528 0
0.7456315737 1.939560672 -0.1695814413 1.754172911 1.941870503 -0.0614006445 -0.278294946 0.3836214026 0.5274481497 -0.4204873479 -1.398087925 0.58577676 -0.5132809279 0.4246912895 0.278624569 -0.4882788852 0.6621578056 0.1931134391 0.3004652042 0.7122242618 1.140017528 0
0.7456315737 1.759384732 -0.1757165809 1.143515984 1.468938364 -0.0614006445 -0.278294946 0.3237959373 0.06419952896 -0.4204873479 0.304063114 0.6652058328 -0.5132809279 0.5896954806 0.6226310329 -0.4882788852 0.6621578056 0.3208096135 0.4383997131 0.545222594 1.140017528 0
0.7456315737 1.370981837 -0.1797644407 1.136696028 1.156905846 -0.0614006445 -0.278294946 0.3237959373 -0.05161262623 -0.4204873479 1.070031081 0.7446349057 -0.5132809279 0.7546996716 1.310643961 -0.4882788852 1.563891449 0.5762019624 0.714268731 1.680833935 1.140017528 0
0.7456315737 1.727821436 -0.1760455277 1.110774487 0.5927093642 -0.0614006445 -0.278294946 0.3237959373 -0.05161262623 -0.4204873479 1.155138633 0.7446349057 -0.5132809279 0.7546996716 1.998656888 -0.4882788852 1.563891449 0.7038981368 0.8522032399 1.213229265 1.140017528 0
0.7456315737 2.260713997 -0.2036404857 1.663558543 -0.6835984744 -0.0614006445 -0.278294946 0.3237959373 -0.6306734022 -0.4204873479 0.8827944671 -0.07613218073 0.5914642089 0.7546996716 -0.06538189482 -0.4882788852 1.563891449 1.278530922 1.47290853 0.1444185913 1.140017528 0
-0.2067217594 0.5821848952 -0.2036404857 3.212003729 3.178180456 -0.0614006445 -0.278294946 0.7425741945 0.6432603049 -0.4204873479 -1.398087925 1.353591131 -1.297293606 0.8097010687 -0.06538189482 2.414443968 -0.9008471772 -1.147696392 -1.009912631 2.449041607 -0.4932939694 0
0.8514486107 -0.2661659727 -0.1763844444 0.8509646602 0.5770339623 -0.0614006445 -0.278294946 1.161352452 -0.2832369366 -0.4204873479 -0.3938188119 0.003296892157 0.1638209302 0.2596870984 0.6226310329 -0.4882788852 0.3615799243 0.2569615263 0.3694324586 -0.08938374354 -0.4932939694 0
0.8514486107 -0.02117619302 -0.1786611635 0.8504289292 0.8568425728 -0.0614006445 -0.278294946 1.161352452 -0.3990490918 -0.4204873479 -0.75127053 -0.02317946547 0.19945787 0.2596870984 0.278624569 -0.4882788852 0.6020422293 0.448505788 0.5073669676 -0.1561844106 -0.4932939694 0
0.8514486107 -0.002700019213 -0.2036404857 0.4786363821 0.4954815422 -0.0614006445 -0.278294946 1.221177917 -0.6306734022 -0.4204873479 -0.4619048534 -0.02317946547 0.19945787 0.2596870984 -0.06538189482 -0.4882788852 0.5419266531 0.5123538752 0.576334222 -0.2563854113 -0.4932939694 0
0.8514486107 0.1526132157 -0.1812835943 0.9602866669 0.6951207484 -0.0614006445 -0.278294946 1.161352452 -0.514861247 -0.4204873479 -0.4278618326 -0.129084896 0.19945787 0.03968151036 -0.06538189482 -0.4882788852 0.5419266531 0.3846577008 0.5073669676 -0.1227840771 1.140017528 0
0.8514486107 0.04056557932 -0.1836190726 1.02121941 0.8597683904 -0.0614006445 -0.278294946 1.101526986 -0.2832369366 -0.4204873479 -0.3427542807 -0.1026085384 0.1638209302 0.03968151036 0.6226310329 -0.4882788852 0.6621578056 0.2569615263 0.4383997131 0.1444185913 1.140017528 0
0.8514486107 -0.1379291317 -0.1819059005 0.8880224679 0.6567440299 -0.0614006445 -0.278294946 1.101526986 -0.2832369366 -0.4204873479 -0.4959478742 -0.1555612536 0.09254705036 -0.1803240777 -0.06538189482 -0.4882788852 0.4216955005 0.1931134391 0.4383997131 -0.05598340998 1.140017528 0
0.8514486107 -0.3876392845 -0.1814483291 0.9411571029 0.6849617751 -0.0614006445 -0.278294946 1.161352452 -0.2832369366 -0.4204873479 -0.3938188119 -0.1555612536 0.09254705036 -0.1803240777 -0.7533948225 -0.4882788852 0.4216955005 0.1292653519 0.3694324586 -0.05598340998 1.140017528 0
0.8514486107 -0.4614828367 -0.1845266616 0.9007710688 0.7898061617 -0.0614006445 -0.278294946 1.161352452 -0.2832369366 -0.4204873479 -0.2916897495 -0.2085139689 0.1638209302 -0.1803240777 0.278624569 -0.4882788852 0.4216955005 0.06541726467 0.3004652042 0.01081725713 1.140017528 0
0.8514486107 -0.3773578857 -0.1810197251 0.990928013 0.7113932035 -0.0614006445 -0.278294946 1.101526986 -0.05161262623 -0.4204873479 -0.2746682391 -0.1026085384 0.09254705036 -0.07032128369 0.9666374967 -0.4882788852 0.3615799243 0.06541726467 0.3004652042 0.04421759068 1.140017528 0
0.8514486107 -0.2591892018 -0.1852758974 0.8013382276 1.015180575 -0.0614006445 -0.278294946 1.101526986 0.06419952896 -0.4204873479 -0.1725391768 2.094929145 -0.5489178678 3.504769523 1.654650424 -0.4882788852 0.3615799243 -0.8284559564 0.3694324586 0.04421759068 -0.4932939694 0
0.8514486107 -0.4337079767 -0.1428254422 0.3818570147 1.191592269 -0.0614006445 -0.278294946 1.041701521 0.1800116841 -0.4204873479 0.1508695205 2.094929145 -0.5489178678 3.504769523 1.654650424 -0.4882788852 0.3615799243 -0.9561521308 0.3694324586 -0.02258307643 -0.4932939694 0
0.8514486107 -0.4740169414 -0.1664578615 -0.09380964616 1.036153171 -0.0614006445 -0.278294946 1.101526986 -0.1674247814 -0.3582470622 0.1508695205 2.094929145 -0.5489178678 3.504769523 0.9666374967 -0.4882788852 0.3615799243 -0.7646078691 0.4383997131 -0.1227840771 -0.4932939694 0
0.8514486107 -0.6867173713 -0.164742794 0.2999566169 1.115477522 -0.0614006445 -0.278294946 1.101526986 0.06419952896 -0.3582470622 0.2189555621 2.359692721 -0.9052872667 3.504769523 0.278624569 0.9630825414 0.3615799243 -0.9561521308 0.3004652042 0.2112192585 -0.4932939694 0
0.8514486107 -0.6862861844 -0.1451860994 -0.01969948679 1.118802968 -0.0614006445 -0.278294946 1.041701521 0.06419952896 -0.3582470622 -0.1214746457 2.359692721 -0.9052872667 3.504769523 0.278624569 0.9630825414 0.3615799243 -0.9561521308 0.3694324586 0.2112192585 -0.4932939694 0
0.8514486107 -0.9199884374 -0.1359235219 0.236396246 0.7084060522 -0.0614006445 -0.278294946 1.101526986 -0.2832369366 -0.2337664908 -0.01934558335 0.5328240447 -0.9052872667 -0.2903268718 -0.4093883587 2.414443968 0.2413487718 -0.126126997 0.1625306953 0.244619592 1.140017528 0
0.8514486107 -0.9199884374 -0.1293189287 0.008028004247 0.4622290025 -0.0614006445 -0.278294946 1.101526986 -0.2832369366 -0.2337664908 -0.01934558335 0.5328240447 -0.9052872667 -0.2903268718 -0.7533948225 2.414443968 0.2413487718 0.001569177458 0.2314979497 0.04421759068 1.140017528 0
0.8514486107 -0.9199884374 -0.1408948057 0.09894804511 0.2837618323 -0.0614006445 1.36641768 1.101526986 0.2958238393 -0.1092859194 -0.7172275092 0.2415841108 -0.9052872667 -0.895342239 -0.06538189482 0.9630825414 0.2413487718 -0.3815193458 -0.2512728315 0.3782209262 1.140017528 0
0.8514486107 -0.9199884374 -0.1159183698 1.274582767 0.668827589 -0.0614006445 2.021109175 1.161352452 -0.1674247814 -0.4204873479 -0.3087112599 -0.3673721146 0.02127317057 -0.7303380479 -0.06538189482 -0.4882788852 0.1812331955 -0.3176712586 -0.2512728315 0.01081725713 1.140017528 0
0.1107293517 -0.5805711938 -0.1753417627 0.2419250686 1.061545469 -0.0614006445 -0.278294946 0.7425741945 1.338133236 -0.4204873479 -1.142765269 0.1886313956 -0.2638223486 -0.01531988666 0.6226310329 -0.4882788852 -0.2395758383 -0.5092155203 -0.320240086 0.01081725713 -0.4932939694 0
0.1107293517 -0.9199884374 -0.1806497032 1.41529173 1.088664667 -0.0614006445 -0.278294946 0.8023996598 1.338133236 -0.4204873479 -1.1938298 -0.2085139689 -0.2638223486 -0.840340842 -0.06538189482 -0.4882788852 -0.05922910954 -0.6369116947 -0.320240086 0.01081725713 1.140017528 0
0.1107293517 -0.9199884374 -0.1604827616 0.8699393246 0.6471407656 -0.0614006445 -0.278294946 0.9220505905 0.8748846153 -0.4204873479 -1.21085131 -0.2349903265 -0.2638223486 -0.895342239 -1.097401286 -0.4882788852 -0.05922910954 -0.5730636075 -0.320240086 -0.05598340998 1.140017528 0
0.1107293517 -0.9199884374 -0.116970195 0.5207961553 0.6526114296 -0.0614006445 -0.278294946 0.9220505905 1.222321081 -0.4204873479 -1.398087925 -0.2349903265 -0.2638223486 -0.895342239 -0.7533948225 -0.4882788852 -0.2996914146 -0.7007597819 -0.4581745949 -0.2229850778 1.140017528 0
0.1107293517 -0.9199884374 -0.1393644235 1.562966175 0.5550945882 -0.0614006445 -0.278294946 0.9818760558 1.222321081 -0.4204873479 -1.381066414 -0.3144193994 -0.1569115289 -0.895342239 -0.7533948225 -0.4882788852 -0.1794602621 -0.6369116947 -0.4581745949 -0.2229850778 1.140017528 0
0.1107293517 -0.9199884374 -0.1203925166 1.12613907 0.2789870967 -0.0614006445 -0.278294946 0.9818760558 1.685569702 -0.4204873479 -1.381066414 -0.6586120485 0.09254705036 -1.225350621 -0.4093883587 -0.4882788852 -0.1794602621 -0.5730636075 -0.320240086 -0.3899867455 1.140017528 0
0.1107293517 -0.9199884374 -0.1364272598 1.337472478 0.3526387106 -0.0614006445 -0.278294946 1.101526986 1.106508926 -0.4204873479 -1.381066414 -0.9233756248 0.4489164493 -1.225350621 -0.7533948225 -0.4882788852 -0.1794602621 -0.5092155203 -0.3892073404 -0.4233870791 1.140017528 0
0.1107293517 -0.9199884374 -0.1359235219 1.359756657 0.3604049205 -0.0614006445 -0.278294946 1.101526986 0.9906967705 -0.4204873479 -1.312980373 -1.002804698 0.4489164493 -1.390354812 -0.7533948225 -0.4882788852 -0.1794602621 -0.5730636075 -0.4581745949 -0.4233870791 1.140017528 0
0.1107293517 -0.9199884374 -0.1362122937 1.346982106 0.3559528777 -0.0614006445 -0.278294946 1.101526986 0.8748846153 -0.4204873479 -1.312980373 -1.002804698 0.4489164493 -1.390354812 -1.097401286 -0.4882788852 -0.1794602621 -0.5730636075 -0.4581745949 -0.4233870791 1.140017528 0
0.1107293517 -0.9199884374 -0.1290779805 1.147202169 0.4659437403 -0.0614006445 -0.278294946 1.041701521 0.8748846153 -0.4204873479 -1.312980373 -0.6850884062 0.2350948099 -1.06034643 -0.7533948225 -0.4882788852 -0.1794602621 -0.6369116947 -0.5271418494 -0.3231860784 1.140017528 0
0.1107293517 -0.9199884374 -0.1334238379 0.9849913941 0.3989429529 -0.0614006445 -0.278294946 1.041701521 0.7590724601 -0.4204873479 -1.006593186 0.003296892157 -0.08563764912 -0.1253226807 -0.06538189482 -0.4882788852 -0.1794602621 -0.5730636075 -0.4581745949 -0.2897857449 -0.4932939694 0
0.1107293517 -0.9199884374 -0.1285468141 0.5441616597 0.4741328183 -0.0614006445 -0.278294946 1.041701521 0.7590724601 -0.4204873479 -1.125743758 0.6387294752 -0.9409242066 -0.1253226807 -0.7533948225 -0.4882788852 -0.1794602621 -0.7007597819 -0.5271418494 0.1444185913 -0.4932939694 0
0.1107293517 -0.9199884374 -0.1347432681 0.07853839939 0.644150949 -0.0614006445 -0.278294946 1.041701521 0.6432603049 -0.4204873479 -1.125743758 0.6916821905 -1.012198086 -0.1253226807 -0.4093883587 -0.4882788852 -0.1794602621 -0.8923040436 -0.5961091038 0.7790249289 -0.4932939694 0
0.1107293517 -0.9199884374 -0.1184584732 0.1304902153 0.6296664032 -0.0614006445 -0.278294946 1.041701521 0.8748846153 -0.4204873479 -1.057657717 0.7711112634 -1.012198086 0.03968151036 -0.4093883587 -0.4882788852 -0.4199225671 -1.020000218 -0.5961091038 0.7790249289 -0.4932939694 0
0.6398145367 0.7546198028 -0.2036404857 0.3494053818 -0.6835984744 -0.0614006445 -0.278294946 0.8023996598 -0.9781098678 -0.4204873479 1.053009571 -0.6321356909 1.518024646 1.029706657 -1.097401286 -0.4882788852 0.9627356869 1.533923271 1.266006767 -0.1227840771 -0.4932939694 0
0.6398145367 0.3210709229 -0.2036404857 0.08064197784 -0.6835984744 -0.0614006445 -0.278294946 0.8023996598 -0.9781098678 -0.4204873479 1.88706358 -0.7380411214 1.660572406 1.029706657 -0.4093883587 -0.4882788852 0.7823889581 1.725467532 1.679810293 0.2112192585 1.140017528 0
0.6398145367 1.910599365 -0.2036404857 0.1041266036 -0.6835984744 -0.0614006445 -0.278294946 0.7425741945 -0.8622977126 -0.4204873479 -0.7682920404 -0.6850884062 1.589298526 1.029706657 -0.4093883587 -0.4882788852 0.9627356869 1.725467532 1.679810293 0.01081725713 1.140017528 0
0.6398145367 1.710985653 -0.2036404857 0.3857447195 -0.6835984744 -0.0614006445 -0.278294946 0.7425741945 -0.7464855574 -0.4204873479 -0.75127053 -0.6056593333 1.304203007 0.7546996716 -0.4093883587 -0.4882788852 0.7823889581 1.08698666 0.9211704943 -0.356586412 -0.4932939694 0
0.6398145367 1.471177929 -0.2036404857 0.01774373384 -0.6835984744 -0.0614006445 -0.278294946 0.7425741945 -0.7464855574 -0.4204873479 -0.1555176664 -0.8704229096 1.304203007 0.2046857014 -0.7533948225 -0.4882788852 0.7222733818 0.7677462241 0.7832359854 -0.4901877462 -0.4932939694 0
0.6398145367 0.7789981941 -0.2036404857 -0.06928863722 -0.6835984744 -0.0614006445 -0.278294946 0.8622251252 -0.8622977126 -0.4204873479 0.0487404582 -0.8174701943 1.232929127 0.2046857014 -1.097401286 -0.4882788852 0.7222733818 0.7677462241 0.714268731 -0.4901877462 -0.4932939694 0
0.6398145367 0.2602488742 -0.2036404857 -0.003481189732 -0.6835984744 -0.0614006445 -0.278294946 0.8622251252 -0.7464855574 -0.4204873479 -0.03636709374 -0.8174701943 1.232929127 0.2046857014 -0.7533948225 -0.4882788852 0.7222733818 0.6400500496 0.576334222 -0.4567874126 -0.4932939694 0
0.6398145367 0.5956909403 -0.2036404857 0.1110796356 -0.6835984744 -0.0614006445 -0.278294946 0.8622251252 -0.7464855574 -0.4204873479 -0.0874316249 -0.8174701943 1.232929127 0.2046857014 -0.4093883587 -0.4882788852 0.7222733818 0.7038981368 0.6453014765 -0.4901877462 -0.4932939694 0
0.6398145367 0.6885729136 -0.2036404857 -0.3009873787 -0.6835984744 -0.0614006445 -0.278294946 0.9220505905 -0.8622977126 -0.4204873479 -0.0874316249 -0.8174701943 1.232929127 0.2046857014 -1.097401286 -0.4882788852 0.7222733818 0.7677462241 0.6453014765 -0.4901877462 -0.4932939694 0
0.6398145367 0.5022041625 -0.1562106804 -0.4556476965 -0.6835984744 -0.0614006445 -0.278294946 0.9220505905 -0.7464855574 -0.4204873479 -0.1384961561 -0.8174701943 1.232929127 0.2046857014 -1.097401286 -0.4882788852 0.7222733818 0.7038981368 0.714268731 -0.4901877462 -0.4932939694 0
0.3223634257 2.029666153 -0.158926703 -0.1523524087 -0.6835984744 -0.0614006445 -0.278294946 0.9220505905 -0.6306734022 -0.4204873479 -1.312980373 -0.7909938367 1.197292187 0.2046857014 -0.4093883587 -0.4882788852 0.7222733818 0.7038981368 0.714268731 -0.4901877462 -0.4932939694 0
0.3223634257 1.953487056 -0.1637114168 -0.3111001326 -0.6835984744 -0.0614006445 -0.278294946 0.9220505905 -0.6306734022 -0.4204873479 -1.330001883 -0.7909938367 1.197292187 0.2046857014 -0.4093883587 -0.4882788852 0.7222733818 0.7038981368 0.6453014765 -0.4901877462 -0.4932939694 0
0.3223634257 2.123254735 -0.157507995 -0.8705767343 -0.6835984744 -0.0614006445 -0.278294946 0.8622251252 -0.514861247 -0.4204873479 -1.312980373 -0.9233756248 1.197292187 -0.07032128369 -1.097401286 -0.4882788852 0.7222733818 0.6400500496 0.6453014765 -0.4901877462 -0.4932939694 0
0.3223634257 1.85266335 -0.1574068262 -0.101925772 -0.6835984744 -0.0614006445 -0.278294946 0.9220505905 -0.6306734022 -0.4204873479 -1.312980373 -0.9233756248 1.197292187 -0.07032128369 -1.097401286 -0.4882788852 0.7222733818 0.6400500496 0.6453014765 -0.4901877462 -0.4932939694 0
0.3223634257 1.358082214 -0.1561572678 0.3333830438 -0.6835984744 -0.0614006445 -0.278294946 0.9220505905 -0.6306734022 -0.4204873479 -0.75127053 -0.9233756248 1.197292187 -0.07032128369 -0.7533948225 -0.4882788852 0.7222733818 0.6400500496 0.6453014765 -0.4901877462 -0.4932939694 0
0.3223634257 0.9565669863 -0.1645262952 0.6351648687 -0.6835984744 -0.0614006445 -0.278294946 0.9220505905 -0.514861247 -0.4204873479 -0.5129693846 -0.8968992672 1.161655247 -0.07032128369 -1.44140775 -0.4882788852 0.7222733818 0.5762019624 0.576334222 -0.4567874126 -0.4932939694 0
0.3223634257 0.9670700978 -0.1586883563 0.6012688114 -0.6835984744 -0.0614006445 -0.278294946 1.041701521 -0.6306734022 -0.3582470622 -0.002324072964 -0.8704229096 1.019107488 -0.2353254748 -1.097401286 -0.4882788852 0.7222733818 0.5762019624 0.6453014765 -0.4233870791 -0.4932939694 0
0.3223634257 0.6478245693 -0.1662931899 1.152132307 -0.6835984744 -0.0614006445 -0.278294946 1.101526986 -0.7464855574 -0.4204873479 0.2189555621 -0.8968992672 1.054744428 -0.2353254748 -1.097401286 -0.4882788852 0.6621578056 0.5123538752 0.576334222 -0.4901877462 -0.4932939694 0
0.3223634257 0.4439050069 -0.2036404857 -0.8813090169 -0.6835984744 -0.0614006445 -0.278294946 1.101526986 -0.7464855574 -0.4204873479 0.2870416036 -0.8704229096 1.019107488 -0.2353254748 -1.097401286 -0.4882788852 0.6621578056 0.5123538752 0.4383997131 -0.4567874126 -0.4932939694 0
0.3223634257 -0.1042921587 -0.2036404857 -0.8837430992 -0.6835984744 -0.0614006445 -0.278294946 1.161352452 -0.8622977126 -0.4204873479 0.2189555621 -0.8704229096 1.019107488 -0.2353254748 -0.7533948225 -0.4882788852 0.6621578056 0.5123538752 0.4383997131 -0.4567874126 -0.4932939694 0
0.3223634257 -0.3802534525 -0.2036404857 -0.5161073815 -0.6835984744 -0.0614006445 -0.278294946 1.161352452 -0.9781098678 -0.4204873479 0.3381061348 -0.8704229096 1.019107488 -0.2353254748 -0.4093883587 -0.4882788852 0.6621578056 0.5123538752 0.4383997131 -0.4567874126 -0.4932939694 0
0.3223634257 -0.6501209323 -0.2036404857 -0.5161073815 -0.6835984744 -0.0614006445 -0.278294946 1.221177917 -0.9781098678 -0.4204873479 0.3551276452 -0.9498519824 1.019107488 -0.4003296658 -0.06538189482 -0.4882788852 0.6621578056 0.5123538752 0.4383997131 -0.4901877462 -0.4932939694 0
0.3223634257 1.163253103 -0.1870986671 -0.2638054484 -0.6835984744 -0.0614006445 -0.278294946 0.9818760558 -0.7464855574 -0.4204873479 -0.2576467288 -0.6850884062 1.054744428 0.2046857014 -0.7533948225 -0.4882788852 0.7222733818 0.6400500496 0.576334222 -0.4901877462 -0.4932939694 0
0.3223634257 0.9150321786 -0.2036404857 -0.1130574571 -0.6835984744 -0.0614006445 -0.278294946 0.8023996598 -0.7464855574 -0.4204873479 -0.1214746457 -0.6321356909 1.090381367 0.3696898925 -0.4093883587 -0.4882788852 0.6621578056 0.8315943113 0.714268731 -0.4233870791 -0.4932939694 0
0.3223634257 0.9530918763 -0.2036404857 0.09123772207 -0.6835984744 -0.0614006445 -0.278294946 0.8023996598 -0.7464855574 -0.4204873479 -0.223603708 -0.6321356909 1.090381367 0.3696898925 -0.7533948225 -0.4882788852 0.7222733818 0.8315943113 0.714268731 -0.4233870791 -0.4932939694 0
0.3223634257 0.7051133741 -0.2036404857 -0.2872610808 -0.6835984744 -0.0614006445 -0.278294946 0.8023996598 -0.514861247 -0.4204873479 -0.444883343 -0.8174701943 1.090381367 -0.01531988666 -0.4093883587 -0.4882788852 0.6621578056 0.7038981368 0.6453014765 -0.4901877462 -0.4932939694 0
0.3223634257 0.6294346227 -0.2036404857 -1.207268756 -0.6835984744 -0.0614006445 -0.278294946 0.8023996598 -0.3990490918 -0.4204873479 -0.666162978 -0.552706618 0.7340119685 -0.01531988666 -0.4093883587 -0.4882788852 0.301464348 0.6400500496 0.576334222 -0.4233870791 -0.4932939694 0
0.3223634257 0.6844902682 -0.2036404857 -1.635871141 -0.6835984744 -0.0614006445 -0.278294946 0.8023996598 -0.2832369366 -0.4204873479 -0.5129693846 -0.6056593333 0.7340119685 -0.1253226807 -0.7533948225 -0.4882788852 0.301464348 0.5123538752 0.4383997131 -0.4901877462 -0.4932939694 0
0.3223634257 1.067603336 -0.2036404857 0.196825175 -0.6835984744 -0.0614006445 -0.278294946 0.8023996598 -0.514861247 -0.4204873479 -0.5980769365 -0.4203248299 0.8052858483 0.3696898925 -0.4093883587 -0.4882788852 0.301464348 0.7038981368 0.6453014765 -0.356586412 -0.4932939694 0
-0.7358069444 -0.9199884374 -0.2036404857 0.9021516657 2.146878118 -0.0614006445 -0.278294946 1.041701521 0.1800116841 -0.4204873479 -1.142765269 -0.02317946547 -0.7983764471 -1.280352018 0.9666374967 -0.4882788852 -0.4199225671 -1.020000218 -0.8030108672 0.3782209262 1.140017528 0
-0.7358069444 -0.9199884374 -0.2036404857 0.8832612536 2.047771767 -0.0614006445 -0.278294946 1.041701521 0.2958238393 -0.4204873479 -1.1938298 -0.02317946547 -0.7983764471 -1.280352018 1.654650424 -0.4882788852 -0.4800381434 -1.020000218 -0.7340436128 0.2780199256 1.140017528 0
-0.7358069444 -0.9199884374 -0.2036404857 0.7530601807 1.980606936 -0.0614006445 -0.278294946 1.041701521 -0.05161262623 -0.4204873479 -1.159786779 -0.02317946547 -0.7983764471 -1.280352018 1.310643961 -0.4882788852 -0.4800381434 -1.020000218 -0.8030108672 0.3114202591 1.140017528 0
-0.7358069444 -0.9199884374 -0.2036404857 1.06482032 2.244627293 -0.0614006445 -0.278294946 1.041701521 -0.1674247814 -0.4204873479 -1.17680829 -0.1026085384 -0.7983764471 -1.445356209 0.6226310329 -0.4882788852 -0.4800381434 -1.020000218 -0.8719781217 0.1444185913 1.140017528 0
-0.7358069444 -0.9199884374 -0.1778040293 0.9357431697 1.706350507 -0.0614006445 -0.278294946 1.041701521 0.5274481497 -0.4204873479 -1.125743758 -0.1026085384 -0.7983764471 -1.445356209 0.6226310329 -0.4882788852 -0.3598069908 -0.9561521308 -0.6650763583 0.1444185913 1.140017528 0
-0.7358069444 -0.9199884374 -0.1806997363 1.408651575 2.145851468 -0.0614006445 -0.278294946 1.101526986 0.1800116841 -0.4204873479 -1.108722248 -0.1026085384 -0.7983764471 -1.445356209 -0.06538189482 -0.4882788852 -0.3598069908 -1.083848305 -0.8719781217 0.3782209262 1.140017528 0
-0.7358069444 -0.9199884374 -0.179518576 1.565406168 1.919641134 -0.0614006445 -0.278294946 1.041701521 0.2958238393 -0.4204873479 -1.21085131 -0.0496558231 -0.7983764471 -1.335353415 0.278624569 -0.4882788852 -0.3598069908 -1.083848305 -0.8030108672 0.2780199256 1.140017528 0
-0.7358069444 -0.9199884374 -0.1882517644 1.172256601 1.926156032 -0.0614006445 -0.278294946 1.041701521 0.2958238393 -0.4204873479 -1.17680829 -0.129084896 -0.6914656274 -1.335353415 1.310643961 -0.4882788852 -0.3598069908 -1.020000218 -0.8030108672 0.3114202591 1.140017528 0
-0.7358069444 -0.6858534045 -0.1841196082 1.278625057 1.724053823 -0.0614006445 -0.278294946 1.041701521 0.1800116841 -0.4204873479 -0.5810554261 0.2151077532 -0.6914656274 -0.6203352539 0.278624569 -0.4882788852 -0.3598069908 -0.9561521308 -0.8030108672 0.3114202591 -0.4932939694 0
-0.7358069444 -0.9199884374 -0.1774834776 0.9676490341 1.736002461 -0.0614006445 -0.278294946 0.9818760558 0.4116359945 -0.4204873479 -0.5299908949 -0.02317946547 -0.5845548077 -0.950343636 -0.06538189482 -0.4882788852 -0.3598069908 -1.020000218 -0.8030108672 0.1778189249 1.140017528 0
-0.7358069444 0.5006061768 -0.1641600577 1.638843708 0.5337538276 -0.0614006445 -0.278294946 0.8622251252 0.7590724601 -0.4204873479 -0.07041011451 0.4269186142 -0.5845548077 -0.01531988666 1.310643961 0.9630825414 -0.2996914146 -0.7007597819 -0.7340436128 0.2112192585 -0.4932939694 0
-0.7358069444 0.2746533263 -0.1704396233 0.5672126084 1.363853875 -0.0614006445 -0.278294946 0.9220505905 0.5274481497 -0.4204873479 -0.2576467288 0.4269186142 -0.5845548077 -0.01531988666 0.6226310329 0.9630825414 -0.3598069908 -0.7646078691 -0.8719781217 0.1778189249 -0.4932939694 0
-0.7358069444 0.254311129 -0.1710049623 0.5296988104 2.335284441 -0.0614006445 -0.278294946 0.9220505905 -0.1674247814 -0.4204873479 -0.1214746457 0.58577676 -0.7983764471 -0.01531988666 0.6226310329 0.9630825414 -1.562118516 -0.8284559564 -1.14784714 0.4450215933 -0.4932939694 0
-0.7358069444 0.06011172966 -0.1764020504 0.623428239 2.255976992 -0.0614006445 -0.278294946 0.9818760558 -0.2832369366 -0.4204873479 -0.223603708 0.58577676 -0.7983764471 -0.01531988666 0.278624569 0.9630825414 -1.562118516 -0.9561521308 -1.216814394 0.3114202591 -0.4932939694 0
-0.7358069444 -0.5224006457 -0.1704918258 1.663558543 2.382751164 -0.0614006445 -0.278294946 1.101526986 -0.2832369366 -0.4204873479 -1.261915842 0.6916821905 -0.9409242066 -0.01531988666 1.310643961 0.9630825414 -1.321656211 -1.21154448 -1.354748903 -0.1895847442 -0.4932939694 0
-0.7358069444 -0.6175173462 -0.1784221275 1.292570012 2.426765744 -0.0614006445 -0.278294946 1.101526986 -0.3990490918 -0.4204873479 -0.7002059988 0.6916821905 -0.9409242066 -0.01531988666 0.278624569 2.414443968 -1.201425058 -1.21154448 -1.354748903 -0.2563854113 -0.4932939694 0
-0.7358069444 -0.9199884374 -0.1771881048 0.9970489097 2.986787403 -0.0614006445 -0.278294946 1.221177917 -0.3990490918 -0.4204873479 -0.4619048534 0.05624960741 -0.9409242066 -1.335353415 0.278624569 0.9630825414 -1.201425058 -1.403088741 -1.492683412 -0.3899867455 1.140017528 0
-0.7358069444 -0.9199884374 -0.1801108565 1.096469055 2.218482413 -0.0614006445 1.572006696 1.221177917 -0.514861247 -0.4204873479 -0.5129693846 0.05624960741 -0.9409242066 -1.335353415 -0.06538189482 0.9630825414 -1.201425058 -1.403088741 -1.492683412 -0.356586412 -0.4932939694 0
-0.7358069444 -0.9199884374 -0.1798721114 1.518487769 1.881487681 -0.0614006445 1.590780917 1.161352452 -0.3990490918 -0.4204873479 -0.5470124053 0.2151077532 -0.9409242066 -1.005345033 0.278624569 2.414443968 -1.201425058 -1.466936829 -1.492683412 -0.356586412 -0.4932939694 0
-0.7358069444 -0.9199884374 -0.2036404857 1.368026808 1.310469373 -0.0614006445 1.755901816 1.221177917 -0.514861247 -0.4204873479 -0.444883343 0.2151077532 -0.9409242066 -1.005345033 0.6226310329 2.414443968 -1.201425058 -1.466936829 -1.492683412 -0.3899867455 -0.4932939694 0
-0.7358069444 -0.9199884374 -0.2036404857 1.16204522 1.483288606 -0.0614006445 1.932198751 1.221177917 -0.514861247 -0.4204873479 -0.4108403222 0.2151077532 -0.9409242066 -1.005345033 0.9666374967 2.414443968 -1.141309482 -1.403088741 -1.423716157 -0.3899867455 -0.4932939694 0
-0.7358069444 -0.9199884374 -0.2036404857 1.451363167 1.365790292 -0.0614006445 1.812335888 1.221177917 -0.3990490918 -0.4204873479 -0.1555176664 0.2151077532 -0.9409242066 -1.005345033 0.278624569 0.9630825414 -1.201425058 -1.403088741 -1.423716157 -0.3899867455 -0.4932939694 0
-0.7358069444 -0.9199884374 -0.2036404857 1.558097311 1.542655375 -0.0614006445 1.614251056 1.221177917 -0.1674247814 -0.4204873479 -0.2916897495 0.2151077532 -0.9409242066 -1.005345033 0.278624569 0.9630825414 -1.201425058 -1.403088741 -1.423716157 -0.4233870791 -0.4932939694 0
-0.7358069444 -0.9199884374 -0.2036404857 1.774373623 1.077144001 -0.0614006445 1.517880878 1.221177917 -0.2832369366 -0.4204873479 -0.3257327703 -0.1026085384 -0.5132809279 -1.005345033 -0.4093883587 -0.4882788852 -1.201425058 -1.403088741 -1.561650666 -0.4233870791 -0.4932939694 0
-0.7358069444 -0.9199884374 -0.2036404857 0.5283587133 1.327744718 -0.0614006445 1.773524812 1.221177917 -0.1674247814 -0.4204873479 -0.8874426131 0.08272596504 -0.4420070481 -0.5103324599 -0.06538189482 -0.4882788852 -1.562118516 -1.403088741 -1.630617921 -0.4233870791 -0.4932939694 0
-0.7358069444 -0.9199884374 -0.2036404857 1.315517438 1.716434658 -0.0614006445 1.470513368 1.161352452 -0.1674247814 -0.4204873479 -0.9555286546 0.08272596504 -0.4420070481 -0.5103324599 -0.06538189482 -0.4882788852 -1.321656211 -1.403088741 -1.561650666 -0.4567874126 -0.4932939694 0
-0.7358069444 -0.9199884374 -0.2036404857 1.217481806 1.589359993 -0.0614006445 1.653954895 1.161352452 -0.05161262623 -0.4204873479 -0.9385071442 0.08272596504 -0.4420070481 -0.5103324599 -0.06538189482 -0.4882788852 -1.742465245 -1.403088741 -1.630617921 -0.3231860784 -0.4932939694 0
-0.7358069444 -0.9199884374 -0.2036404857 0.8772273721 2.041229567 -0.0614006445 -0.278294946 1.161352452 -0.05161262623 -0.4204873479 -0.9895716754 0.4269186142 -0.9052872667 -0.5103324599 0.6226310329 -0.4882788852 -1.50200294 -1.403088741 -1.561650666 -0.4233870791 -0.4932939694 0
-0.7358069444 -0.9199884374 -0.2036404857 0.9046098101 2.857923984 -0.0614006445 -0.278294946 1.161352452 -0.1674247814 -0.4204873479 -1.074679227 0.4269186142 -0.9052872667 -0.5103324599 0.278624569 -0.4882788852 -1.50200294 -1.403088741 -1.630617921 -0.4567874126 -0.4932939694 0
-0.7358069444 -0.9199884374 -0.2036404857 1.036810973 2.864797393 -0.0614006445 -0.278294946 1.221177917 -0.1674247814 -0.4204873479 -1.108722248 0.4269186142 -0.9052872667 -0.5103324599 0.278624569 -0.4882788852 -1.50200294 -1.403088741 -1.630617921 -0.4567874126 -0.4932939694 0
-0.3125387964 -0.9199884374 -0.1654474635 0.2648872534 3.438197576 -0.0614006445 -0.278294946 0.8023996598 3.306939874 -0.4204873479 -1.398087925 2.227310933 -0.6558286875 3.614772317 1.998656888 0.9630825414 -1.50200294 -2.871594747 -0.7340436128 0.4116212598 -2.126605467 0
-0.3125387964 -0.9199884374 -0.1684442444 0.1157459305 3.657410695 -0.0614006445 -0.278294946 0.8023996598 2.843691254 -0.4204873479 -1.398087925 2.227310933 -0.6558286875 3.614772317 1.998656888 0.9630825414 -1.381771787 -2.743898573 -0.8719781217 0.244619592 -2.126605467 0
-0.4183558334 -0.9199884374 -0.1289679422 1.25453832 2.002625163 -0.0614006445 -0.278294946 1.161352452 0.6432603049 -0.4204873479 -1.398087925 0.6916821905 -0.6914656274 0.3696898925 -0.06538189482 2.414443968 -0.8407316009 -1.339240654 -0.9409453761 -0.02258307643 -0.4932939694 0
-0.4183558334 -0.9199884374 -0.05358676165 0.8533782828 1.629804084 -0.0614006445 -0.278294946 1.161352452 0.8748846153 -0.4204873479 -1.398087925 0.2680604684 -0.121274589 0.3696898925 0.278624569 0.9630825414 -0.4199225671 -0.9561521308 -0.8030108672 -0.2563854113 -0.4932939694 0
-0.4183558334 -0.9199884374 -0.06524301377 0.6600120797 1.450097758 -0.0614006445 -0.278294946 1.221177917 0.6432603049 -0.4204873479 -1.21085131 0.2680604684 -0.121274589 0.3696898925 -0.4093883587 0.9630825414 -0.4199225671 -0.8923040436 -0.6650763583 -0.2563854113 -0.4932939694 0
-0.4183558334 -0.9199884374 -0.09098564643 1.033896384 2.293803592 -0.0614006445 -0.278294946 1.101526986 1.106508926 -0.4204873479 -1.21085131 0.8770166939 -0.9409242066 0.3696898925 0.6226310329 -0.4882788852 -0.4199225671 -1.21154448 -0.6650763583 -0.08938374354 -0.4932939694 0
-0.4183558334 -0.9199884374 -0.07327137044 1.453700826 2.187718327 -0.0614006445 -0.278294946 1.101526986 1.222321081 -0.4204873479 -1.1938298 0.8770166939 -0.9409242066 0.3696898925 -0.06538189482 0.9630825414 -0.4199225671 -1.147696392 -0.5961091038 -0.1227840771 -0.4932939694 0
-0.4183558334 -0.9199884374 -0.07246018566 1.47292482 2.494502568 -0.0614006445 -0.278294946 1.101526986 1.453945391 -0.4204873479 -1.17680829 0.58577676 -0.9409242066 -0.2353254748 0.6226310329 0.9630825414 -0.4199225671 -1.403088741 -0.5961091038 0.01081725713 -0.4932939694 0
-0.4183558334 -0.9199884374 -0.06441610984 1.33361555 2.382751164 -0.0614006445 -0.278294946 1.101526986 1.801381857 -0.4204873479 -1.142765269 0.58577676 -0.9409242066 -0.2353254748 0.278624569 2.414443968 -0.5401537196 -1.530784916 -0.5961091038 0.1110182578 -0.4932939694 0
-0.4183558334 -0.9199884374 -0.04182268073 0.6650469302 2.523964638 -0.0614006445 -0.278294946 1.101526986 1.569757546 -0.4204873479 -1.159786779 0.58577676 -0.9409242066 -0.2353254748 -0.4093883587 -0.4882788852 -0.5401537196 -1.21154448 -0.5271418494 -0.1561844106 -0.4932939694 0
-0.7358069444 0.2855698229 0.1230259366 0.8652459948 -0.6835984744 -0.0614006445 -0.278294946 1.281003382 3.075315564 -0.1092859194 -1.347023393 -1.346997347 1.161655247 -1.005345033 -1.44140775 -0.4882788852 -0.1794602621 -0.4453674331 -0.1823055771 -0.657189414 -0.4932939694 0
-0.4183558334 -0.9199884374 -0.1633296856 -0.9671530779 -0.6835984744 -0.0614006445 -0.278294946 1.520305244 0.5274481497 0.5753572232 -0.7002059988 -1.42642642 1.019107488 -1.390354812 -0.7533948225 -0.4882788852 -0.3598069908 -0.3815193458 -0.3892073404 -0.657189414 -0.4932939694 0
-0.5241728704 -0.2657430545 0.1509172478 0.1739065677 -0.6835984744 -0.0614006445 -0.278294946 1.281003382 3.191127719 -0.1092859194 -1.347023393 -1.346997347 1.161655247 -1.005345033 -1.44140775 -0.4882788852 -0.1794602621 -0.4453674331 -0.1823055771 -0.6905897475 -0.4932939694 0
-0.5241728704 -0.185980191 -0.1424429584 0.9021516657 -0.6835984744 -0.0614006445 -0.278294946 1.221177917 -0.2832369366 2.318085223 -0.8874426131 -1.267568274 1.054744428 -1.005345033 -0.7533948225 -0.4882788852 -0.6002692959 -0.4453674331 -0.5961091038 -0.657189414 -2.126605467 0
-0.5241728704 -0.2136592655 -0.1447506857 0.8064441102 -0.6835984744 -0.0614006445 -0.278294946 1.221177917 -0.2832369366 2.442565794 -0.8874426131 -1.267568274 1.054744428 -1.005345033 -0.7533948225 -0.4882788852 -0.6002692959 -0.4453674331 -0.5961091038 -0.657189414 -2.126605467 0
-0.5241728704 -0.9199884374 -0.2036404857 0.2113447521 -0.6835984744 -0.0614006445 -0.278294946 1.221177917 -0.8622977126 3.002728365 -0.8023350611 -1.611760923 1.054744428 -1.720363194 -1.097401286 -0.4882788852 -0.6002692959 -0.4453674331 -0.6650763583 -0.6905897475 -0.4932939694 0
-0.5241728704 -0.9199884374 -0.1869876042 0.02166225068 -0.6835984744 -0.0614006445 -0.278294946 1.041701521 -0.8622977126 3.189449222 -0.7002059988 -1.42642642 1.054744428 -1.335353415 -1.097401286 -0.4882788852 -0.6002692959 -0.5092155203 -0.7340436128 -0.6905897475 -2.126605467 0
-0.5241728704 -0.9199884374 -0.1820616226 0.1539934822 -0.6835984744 -0.0614006445 -0.278294946 1.101526986 -0.8622977126 3.251689508 -0.7172275092 -1.42642642 1.054744428 -1.335353415 -0.7533948225 -0.4882788852 -0.6002692959 -0.5092155203 -0.6650763583 -0.6905897475 -2.126605467 0
-0.5241728704 -0.9199884374 -0.1801632614 0.3114537098 -0.6835984744 -0.0614006445 -0.278294946 1.041701521 -0.8622977126 3.562890936 -0.7002059988 -1.42642642 1.054744428 -1.335353415 -1.097401286 -0.4882788852 -0.7205004484 -0.5092155203 -0.7340436128 -0.657189414 -2.126605467 0
-0.5241728704 -0.9199884374 -0.1766115772 0.6060490165 -0.6835984744 -0.0614006445 -0.278294946 0.9220505905 -0.8622977126 3.313929794 -0.7002059988 -1.42642642 1.054744428 -1.335353415 -0.7533948225 -0.4882788852 -0.8407316009 -0.5730636075 -0.8030108672 -0.657189414 -2.126605467 0
-0.5241728704 -0.9199884374 -0.1800053425 0.3245523302 -0.6835984744 -0.0614006445 -0.278294946 0.9220505905 -0.9781098678 3.376170079 -0.6831844884 -1.42642642 1.054744428 -1.335353415 -0.7533948225 -0.4882788852 -0.7806160247 -0.5730636075 -0.8030108672 -0.6905897475 -2.126605467 0
-0.5241728704 -0.9199884374 -0.2036404857 0.3445339996 -0.6835984744 -0.0614006445 -0.278294946 1.041701521 -1.093922023 4.123053508 -0.7172275092 -1.638237281 1.019107488 -1.830365988 -1.097401286 -0.4882788852 -0.7806160247 -0.5730636075 -0.8030108672 -0.6905897475 -0.4932939694 0
-0.5241728704 -0.9199884374 -0.2036404857 0.008028004247 -0.6835984744 -0.0614006445 -0.278294946 1.101526986 -1.093922023 3.998572936 -0.7172275092 -1.638237281 1.019107488 -1.830365988 -1.097401286 -0.4882788852 -0.7806160247 -0.6369116947 -0.8719781217 -0.6905897475 -0.4932939694 0
-0.5241728704 -0.9199884374 -0.2036404857 0.3437866761 -0.6835984744 -0.0614006445 -0.278294946 1.221177917 -1.209734178 3.749611794 -0.666162978 -1.638237281 1.019107488 -1.830365988 -1.097401286 -0.4882788852 -0.7806160247 -0.5730636075 -0.8030108672 -0.6905897475 -0.4932939694 0
-0.5241728704 -0.9199884374 -0.2036404857 0.4173942947 -0.6835984744 -0.0614006445 -0.278294946 1.520305244 -1.209734178 3.500650651 -0.7002059988 -1.479379135 1.019107488 -1.500357606 -0.7533948225 -0.4882788852 -0.7806160247 -0.5092155203 -0.7340436128 -0.657189414 -0.4932939694 0
-0.5241728704 -0.9199884374 -0.1830921923 0.4093893511 -0.6835984744 -0.0614006445 -0.278294946 1.580130709 -0.6306734022 2.816007508 -0.75127053 -1.479379135 1.019107488 -1.500357606 -0.7533948225 -0.4882788852 -0.4199225671 -0.5092155203 -0.5961091038 -0.657189414 -0.4932939694 0
-0.5241728704 -0.9199884374 -0.1849998594 0.2195110655 -0.6835984744 -0.0614006445 -0.278294946 1.281003382 -0.7464855574 3.189449222 -0.7002059988 -1.452902777 1.054744428 -1.390354812 -1.097401286 -0.4882788852 -0.7806160247 -0.5092155203 -0.6650763583 -0.657189414 -2.126605467 0
-0.2067217594 1.378791952 -0.1488806199 1.089372071 -0.6835984744 -0.0614006445 -0.278294946 1.221177917 0.2958238393 -0.4204873479 -1.17680829 -0.764517479 0.7696489084 -0.4003296658 -0.06538189482 -0.4882788852 0.0008864667171 0.1292653519 0.09356344079 -0.5903887469 -0.4932939694 0
-0.2067217594 1.457128779 -0.2036404857 -0.4029467734 -0.6835984744 -0.0614006445 -0.278294946 1.340828848 -0.3990490918 -0.4204873479 -1.227872821 -0.764517479 0.7696489084 -0.4003296658 0.278624569 -0.4882788852 0.06100204298 0.1931134391 0.09356344079 -0.6237890804 -0.4932939694 0
-0.2067217594 1.298132983 -0.180523657 -0.8688984392 -0.6835984744 -0.0614006445 -0.278294946 1.281003382 -0.2832369366 -0.4204873479 -1.227872821 -0.764517479 0.7696489084 -0.4003296658 0.6226310329 -0.4882788852 0.06100204298 0.1931134391 0.09356344079 -0.6237890804 -0.4932939694 0
-0.2067217594 1.068844023 -0.1799522293 -1.635871141 -0.6835984744 -0.0614006445 -0.278294946 1.340828848 -0.6306734022 -0.4204873479 -1.1938298 -0.764517479 0.7696489084 -0.4003296658 -0.06538189482 -0.4882788852 0.06100204298 0.2569615263 0.1625306953 -0.5903887469 -0.4932939694 0
-0.2067217594 0.8752051762 -0.1822585905 -1.635871141 -0.6835984744 -0.0614006445 -0.278294946 1.340828848 -0.6306734022 -0.4204873479 -0.9214856338 -0.7380411214 0.7696489084 -0.3453282688 -0.06538189482 -0.4882788852 0.06100204298 0.3208096135 0.1625306953 -0.5569884133 -0.4932939694 0
-0.2067217594 0.7860030078 -0.1878364762 0.1993438593 -0.6835984744 -0.0614006445 -0.278294946 1.460479778 -0.8622977126 -0.1092859194 -0.6831844884 -0.7380411214 0.7696489084 -0.3453282688 -0.06538189482 -0.4882788852 0.1812331955 0.3846577008 0.2314979497 -0.5903887469 -0.4932939694 0
-0.2067217594 0.9733498187 -0.1861009271 -1.344906446 -0.6835984744 -0.0614006445 -0.278294946 1.520305244 -0.8622977126 -0.04704563375 -0.6491414676 -1.135186486 1.304203007 -0.3453282688 -1.097401286 -0.4882788852 0.1812331955 0.448505788 0.3004652042 -0.5903887469 -0.4932939694 0
-0.2067217594 0.9311524266 -0.1882067026 -1.379839271 -0.6835984744 -0.0614006445 -0.278294946 1.580130709 -0.8622977126 -0.1092859194 -0.75127053 -1.135186486 1.304203007 -0.3453282688 -1.097401286 -0.4882788852 0.1812331955 0.3846577008 0.2314979497 -0.5903887469 -0.4932939694 0
-0.2067217594 0.9956618915 -0.1858942338 0.1304902153 -0.6835984744 -0.0614006445 -0.278294946 1.520305244 -0.8622977126 -0.04704563375 -0.666162978 -1.135186486 1.304203007 -0.3453282688 -1.097401286 -0.4882788852 0.1812331955 0.448505788 0.3004652042 -0.5903887469 -0.4932939694 0
-0.2067217594 0.8529534878 -0.1851632301 -1.32935094 -0.6835984744 -0.0614006445 -0.278294946 1.580130709 -0.8622977126 0.201915509 -0.7172275092 -1.135186486 1.304203007 -0.3453282688 -1.097401286 -0.4882788852 0.1812331955 0.448505788 0.3004652042 -0.5903887469 -0.4932939694 0
-0.2067217594 0.4643136321 -0.1844045831 -1.316765703 -0.6835984744 -0.0614006445 -0.278294946 1.639956174 -0.6306734022 0.1396752233 -0.5810554261 -1.135186486 1.304203007 -0.3453282688 -1.097401286 -0.4882788852 0.1812331955 0.3846577008 0.3004652042 -0.5903887469 -0.4932939694 0
-0.2067217594 0.3723412425 -0.1856826072 -1.337966914 -0.6835984744 -0.0614006445 -0.278294946 1.639956174 -0.6306734022 0.07743493764 -0.6491414676 -1.135186486 1.304203007 -0.3453282688 -0.7533948225 -0.4882788852 0.1812331955 0.3846577008 0.2314979497 -0.5903887469 -0.4932939694 0
-0.2067217594 0.2910548623 -0.2036404857 -1.300871579 -0.6835984744 -0.0614006445 -0.278294946 1.69978164 -0.9781098678 0.1396752233 -0.5470124053 -1.108710128 1.268566067 -0.3453282688 -0.7533948225 -0.4882788852 0.1812331955 0.448505788 0.3004652042 -0.5903887469 -0.4932939694 0
-0.2067217594 -0.02856948453 -0.2036404857 -1.224896364 -0.6835984744 -0.0614006445 -0.278294946 1.81943257 -0.9781098678 0.201915509 -0.4789263638 -1.108710128 1.268566067 -0.3453282688 -0.4093883587 -0.4882788852 0.1812331955 0.3846577008 0.2314979497 -0.5903887469 -0.4932939694 0
-0.2067217594 -0.1606315535 -0.1614331818 -1.285781507 -0.6835984744 -0.0614006445 -0.278294946 1.759607105 -0.1674247814 0.07743493764 -0.5470124053 -1.108710128 1.268566067 -0.3453282688 -0.4093883587 -0.4882788852 0.1812331955 0.2569615263 0.2314979497 -0.5903887469 -0.4932939694 0
-0.2067217594 -0.9199884374 -0.03083271303 0.2752739233 -0.6835984744 -0.0614006445 -0.278294946 1.69978164 1.685569702 -0.4204873479 -1.023614696 -1.241091916 1.197292187 -0.7303380479 -0.7533948225 -0.4882788852 -0.2395758383 -0.3815193458 -0.2512728315 -0.657189414 -2.126605467 0
-0.2067217594 -0.9199884374 -0.004748519905 0.4262723981 -0.6835984744 -0.0614006445 -0.278294946 1.639956174 1.338133236 -0.1092859194 -1.142765269 -1.241091916 1.197292187 -0.7303380479 -1.097401286 -0.4882788852 -0.3598069908 -0.3815193458 -0.3892073404 -0.657189414 -2.126605467 0
-0.2067217594 -0.9199884374 -0.01683309562 1.020378566 -0.6835984744 -0.0614006445 -0.278294946 1.69978164 0.7590724601 0.3263960804 -1.159786779 -1.241091916 1.197292187 -0.7303380479 -0.7533948225 -0.4882788852 -0.4800381434 -0.3815193458 -0.4581745949 -0.657189414 -2.126605467 0
-0.4183558334 -0.6934061533 -0.07140228025 0.5578356715 -0.6835984744 -0.0614006445 -0.278294946 1.879258036 0.2958238393 1.135519794 -1.074679227 -1.373473704 1.197292187 -1.005345033 -0.7533948225 -0.4882788852 -0.4800381434 -0.3815193458 -0.4581745949 -0.657189414 -2.126605467 0
-0.4183558334 -0.6725658861 -0.141754337 0.4173942947 -0.6835984744 -0.0614006445 -0.278294946 1.998908966 -0.2832369366 1.757922651 -0.9895716754 -1.241091916 1.197292187 -0.7303380479 -0.7533948225 -0.4882788852 -0.4800381434 -0.3815193458 -0.4581745949 -0.657189414 -2.126605467 0
0.1107293517 -0.9199884374 -0.1792957419 0.383410313 -0.6835984744 -0.0614006445 -0.278294946 1.998908966 -1.325546333 4.123053508 -0.8023350611 -1.373473704 1.482387706 -0.5653338569 -0.7533948225 -0.4882788852 0.0008864667171 0.1931134391 0.09356344079 -0.6905897475 -2.126605467 0
0.1107293517 -0.9199884374 -0.1775804763 0.5256835206 -0.6835984744 -0.0614006445 -0.278294946 2.058734431 -1.093922023 3.936332651 -0.8704211027 -1.691189996 1.446750766 -1.280352018 -1.097401286 -0.4882788852 0.0008864667171 0.1292653519 0.02459618633 -0.6905897475 -0.4932939694 0
0.1107293517 -0.9199884374 -0.1781476833 0.05573489141 -0.6835984744 -0.0614006445 -0.278294946 1.998908966 -0.7464855574 3.251689508 -0.9555286546 -1.611760923 1.446750766 -1.115347827 -1.097401286 -0.4882788852 0.0008864667171 0.06541726467 -0.04437106814 -0.6905897475 -2.126605467 0
0.1107293517 -0.9199884374 -0.1792675967 -0.01857843165 -0.6835984744 -0.0614006445 -0.278294946 1.998908966 -0.7464855574 2.318085223 -0.7853135507 -1.585284566 1.411113827 -1.115347827 -1.097401286 -0.4882788852 0.0008864667171 0.06541726467 0.02459618633 -0.6905897475 -0.4932939694 0
0.1107293517 -0.9199884374 -0.1782091853 0.05165381563 -0.6835984744 -0.0614006445 -0.278294946 1.939083501 -0.6306734022 1.695682366 -0.6491414676 -1.505855493 1.411113827 -0.950343636 -1.097401286 -0.4882788852 0.0008864667171 0.1292653519 0.02459618633 -0.6905897475 -0.4932939694 0
0.1107293517 -0.9199884374 -0.1819729135 -0.1980929552 -0.6835984744 -0.0614006445 -0.278294946 1.879258036 -0.7464855574 1.384480937 -0.4959478742 -1.505855493 1.411113827 -0.950343636 -1.097401286 -0.4882788852 0.0008864667171 0.1292653519 0.02459618633 -0.6905897475 -0.4932939694 0
0.1107293517 -0.9199884374 -0.17957365 -0.4381329848 -0.6835984744 -0.0614006445 -0.278294946 1.939083501 -0.7464855574 0.5753572232 -0.4108403222 -1.505855493 1.411113827 -0.950343636 -1.097401286 -0.4882788852 -0.05922910954 0.1292653519 0.02459618633 -0.657189414 -0.4932939694 0
0.1107293517 -0.9199884374 -0.1777723275 -0.3484863107 -0.6835984744 -0.0614006445 -0.278294946 1.879258036 -0.9781098678 0.3263960804 -0.2406252184 -1.505855493 1.411113827 -0.950343636 -1.44140775 -0.4882788852 0.0008864667171 0.1931134391 0.09356344079 -0.657189414 -0.4932939694 0
0.1107293517 -0.9199884374 -0.2036404857 -0.2256310273 -0.6835984744 -0.0614006445 -0.278294946 1.81943257 -1.209734178 0.3886363661 -0.1725391768 -1.267568274 1.375476887 -0.5103324599 -1.097401286 -0.4882788852 0.0008864667171 0.2569615263 0.1625306953 -0.657189414 -0.4932939694 0
0.1107293517 -0.9199884374 -0.2036404857 0.7113741298 -0.6835984744 -0.0614006445 -0.278294946 1.81943257 -1.209734178 0.5131169375 -0.2576467288 -1.267568274 1.375476887 -0.5103324599 -0.7533948225 -0.4882788852 0.0008864667171 0.2569615263 0.1625306953 -0.657189414 -0.4932939694 0
0.1107293517 -0.9199884374 -0.2036404857 0.2219750506 -0.6835984744 -0.0614006445 -0.278294946 1.81943257 -0.9781098678 0.824318366 -0.5980769365 -1.267568274 1.375476887 -0.5103324599 -0.7533948225 -0.4882788852 0.0008864667171 0.1931134391 0.09356344079 -0.6905897475 -2.126605467 0
0.1107293517 -0.9199884374 -0.1150583494 0.3234540431 -0.6835984744 -0.0614006445 -0.278294946 1.69978164 0.1800116841 0.4508766518 -0.8533995923 -1.108710128 1.161655247 -0.5103324599 -0.4093883587 -0.4882788852 0.0008864667171 0.001569177458 0.02459618633 -0.657189414 -0.4932939694 0
0.1107293517 -0.9199884374 -0.02122041397 0.0933726022 -0.6835984744 -0.0614006445 -0.278294946 1.639956174 0.7590724601 0.2641557947 -0.972550165 -0.3673721146 0.02127317057 -0.7303380479 1.998656888 -0.4882788852 0.0008864667171 -0.06227890976 -0.04437106814 -0.657189414 1.140017528 0
0.1107293517 -0.9199884374 0.003813864036 0.08486462818 -0.6835984744 -0.0614006445 -0.278294946 1.520305244 1.453945391 -0.1715262051 -1.142765269 -0.3673721146 0.02127317057 -0.7303380479 1.310643961 0.9630825414 -0.1193446858 -0.1899750842 -0.1133383226 -0.657189414 1.140017528 0
0.1107293517 -0.9199884374 -0.006376876903 1.227493555 -0.6835984744 -0.0614006445 -0.278294946 1.460479778 1.801381857 -0.3582470622 -1.1938298 -0.4468011875 0.02127317057 -0.895342239 1.310643961 -0.4882788852 -0.1193446858 -0.3176712586 -0.1823055771 -0.6237890804 1.140017528 0
0.1107293517 -0.9199884374 -0.07648398185 0.8954162766 -0.6835984744 -0.0614006445 -0.278294946 1.400654313 1.801381857 -0.3582470622 -1.17680829 -0.4468011875 0.02127317057 -0.895342239 1.310643961 -0.4882788852 -0.1794602621 -0.2538231714 -0.1823055771 -0.6237890804 1.140017528 0
0.1107293517 -0.9199884374 -0.1770546755 1.010329709 -0.6835984744 -0.0614006445 -0.278294946 1.520305244 0.6432603049 -0.04704563375 -0.972550165 -0.1555612536 0.02127317057 -0.2903268718 0.9666374967 0.9630825414 -0.1794602621 -0.06227890976 -0.1133383226 -0.5903887469 -0.4932939694 0
0.4281804627 -0.9199884374 -0.2036404857 1.641473994 -0.6835984744 -0.0614006445 -0.278294946 1.998908966 -1.209734178 1.260000366 -0.6150984469 -0.8174701943 0.7696489084 -0.5103324599 -0.06538189482 -0.4882788852 0.1211176192 0.2569615263 0.1625306953 -0.6905897475 -0.4932939694 0
0.4281804627 -0.9199884374 -0.2036404857 1.625103631 -0.6835984744 -0.0614006445 -0.278294946 2.058734431 -1.441358489 2.06912408 -0.5299908949 -1.42642642 1.375476887 -0.840340842 -0.7533948225 -0.4882788852 0.1211176192 0.3208096135 0.1625306953 -0.6905897475 -0.4932939694 0
0.4281804627 -0.9199884374 -0.180523657 1.048533264 -0.6835984744 -0.0614006445 -0.278294946 1.998908966 -1.209734178 1.820162937 -0.1895606872 -1.002804698 0.8052858483 -0.840340842 -0.4093883587 -0.4882788852 0.1812331955 0.2569615263 0.1625306953 -0.657189414 1.140017528 0
0.4281804627 -0.9199884374 -0.1763668131 0.6263510124 -0.6835984744 -0.0614006445 -0.278294946 1.759607105 -0.514861247 0.8865586517 -0.2065821976 -0.8439465519 0.5914642089 -0.840340842 -0.7533948225 -0.4882788852 0.06100204298 0.1292653519 0.09356344079 -0.657189414 1.140017528 0
0.4281804627 -0.9199884374 -0.1495132756 1.057886593 -0.2663545098 -0.0614006445 -0.278294946 1.340828848 0.8748846153 -0.4204873479 -0.6491414676 -0.764517479 0.3420056296 -1.06034643 -0.4093883587 -0.4882788852 -0.1794602621 -0.126126997 -0.04437106814 -0.6237890804 1.140017528 0
0.4281804627 -0.9199884374 -0.1766461863 1.050988365 -0.267422991 -0.0614006445 -0.278294946 1.340828848 0.5274481497 -0.4204873479 -0.4959478742 -0.764517479 0.3420056296 -1.06034643 -0.7533948225 -0.4882788852 -0.05922910954 -0.06227890976 -0.04437106814 -0.6237890804 1.140017528 0
0.4281804627 -0.9199884374 -0.1169998771 1.238700469 1.542655375 -0.0614006445 1.992760256 1.161352452 0.8748846153 -0.4204873479 -0.8874426131 0.2945368261 -0.834013387 -0.6753366509 0.278624569 -0.4882788852 -0.1193446858 -0.8923040436 -0.3892073404 0.8124252624 1.140017528 0
0.4281804627 -0.9199884374 -0.111977232 1.405342304 2.142775973 -0.0614006445 3.325770882 1.101526986 0.8748846153 -0.4204873479 -1.074679227 0.3210131837 -0.834013387 -0.6203352539 0.6226310329 -0.4882788852 -0.1193446858 -1.339240654 -0.9409453761 1.680833935 1.140017528 0
0.4281804627 -0.9199884374 -0.1019561697 0.6132577781 1.929207475 -0.0614006445 2.387091342 1.101526986 0.8748846153 -0.4204873479 -0.5470124053 0.2945368261 -0.834013387 -0.6753366509 0.6226310329 -0.4882788852 -0.1193446858 -1.083848305 -0.5961091038 1.079627931 1.140017528 0
0.4281804627 -0.9199884374 -0.1599913168 1.260522608 -0.6835984744 -0.0614006445 -0.278294946 1.340828848 0.06419952896 0.2641557947 -0.5980769365 -0.9498519824 0.8765597281 -0.6203352539 -0.06538189482 -0.4882788852 0.2413487718 0.001569177458 0.09356344079 -0.5569884133 -0.4932939694 0
0.5339974997 -0.9199884374 -0.2036404857 0.8155742708 -0.6835984744 -0.0614006445 -0.278294946 2.178385362 -1.209734178 1.63344208 -0.3257327703 -1.135186486 1.090381367 -0.6753366509 -0.7533948225 -0.4882788852 0.6020422293 0.6400500496 0.576334222 -0.657189414 1.140017528 0
0.8514486107 -0.9199884374 -0.2036404857 0.6108497164 -0.6835984744 -0.0614006445 -0.278294946 2.298036293 -1.441358489 2.567046365 -0.4789263638 -1.42642642 1.482387706 -0.6753366509 -0.7533948225 -0.4882788852 0.5419266531 0.7677462241 0.6453014765 -0.6905897475 -0.4932939694 0
0.8514486107 0.08344745394 -0.2036404857 -0.2480157922 -0.6835984744 -0.0614006445 -0.278294946 2.118559897 -1.441358489 1.820162937 -1.023614696 -1.479379135 1.767483225 -0.3453282688 -1.097401286 -0.4882788852 0.6621578056 0.9592904857 0.8522032399 -0.657189414 -0.4932939694 0
0.8514486107 -0.9199884374 -0.2036404857 1.096469055 -0.6835984744 -0.0614006445 -0.278294946 2.058734431 -1.325546333 0.824318366 0.0487404582 -1.267568274 1.197292187 -0.785339445 -1.097401286 -0.4882788852 0.4818110768 0.6400500496 0.576334222 -0.657189414 1.140017528 0
0.8514486107 -0.9199884374 -0.2036404857 0.626769161 -0.3831982394 -0.0614006445 -0.278294946 2.058734431 -1.093922023 1.19776008 -0.2065821976 -1.399950062 1.375476887 -0.785339445 -1.097401286 -0.4882788852 0.5419266531 0.5762019624 0.576334222 -0.6237890804 1.140017528 0
0.8514486107 -0.9199884374 -0.2036404857 0.7298980498 -0.3171575997 -0.0614006445 -0.278294946 2.058734431 -0.9781098678 1.260000366 -0.3087112599 -1.267568274 1.197292187 -0.785339445 -1.097401286 -0.4882788852 0.4818110768 0.5123538752 0.576334222 -0.657189414 1.140017528 0
0.8514486107 -0.9199884374 -0.2036404857 0.1041266036 -0.2793284969 -0.0614006445 -0.278294946 1.939083501 -0.8622977126 0.6375975089 -0.3767973015 -1.135186486 1.197292187 -0.5103324599 -0.7533948225 -0.4882788852 0.5419266531 0.6400500496 0.576334222 -0.6237890804 -0.4932939694 0
1.063082685 -0.5114814182 -0.1695814413 1.189165563 -0.6835984744 -0.0614006445 -0.278294946 1.759607105 -1.209734178 1.820162937 -0.5470124053 -0.8439465519 0.9478336079 -0.2903268718 -0.7533948225 0.9630825414 0.5419266531 0.6400500496 0.576334222 -0.657189414 -0.4932939694 0
0.2165463887 -0.6546517825 -0.2036404857 2.03400865 2.385968732 -0.0614006445 3.200971213 -1.11201523 5.159934357 -0.4204873479 -1.398087925 2.015500072 -1.439841365 1.964730406 0.278624569 3.865805395 -3.606048109 -1.65848109 -2.044421448 4.987466957 -0.4932939694 1
0.2165463887 -0.565337898 -0.2036404857 2.778793525 2.051602607 -0.0614006445 4.372112687 -0.9325388343 5.623182978 -0.4204873479 -1.398087925 2.015500072 -1.439841365 1.964730406 0.6226310329 3.865805395 -3.90662599 -1.65848109 -2.113388702 6.490481967 -0.4932939694 1
-1.053258055 -0.9199884374 -0.2036404857 -1.635871141 -0.6835984744 -0.0614006445 -0.278294946 2.298036293 -1.093922023 -0.04704563375 1.257267696 -0.1555612536 -1.012198086 -1.885367385 -1.44140775 -0.4882788852 -0.8407316009 -0.7007597819 -0.9409453761 -0.5903887469 1.140017528 1
-1.053258055 -0.9199884374 -0.2036404857 -1.105158624 -0.6835984744 -0.0614006445 -0.278294946 2.357861758 -1.093922023 -0.1092859194 0.9168374879 -0.1555612536 -1.012198086 -1.885367385 -1.44140775 -0.4882788852 -0.8407316009 -0.7007597819 -0.9409453761 -0.5903887469 1.140017528 1
-1.053258055 -0.9199884374 -0.2036404857 -0.5980683193 -0.6835984744 -0.0614006445 -0.278294946 2.477512689 -1.325546333 -0.04704563375 0.4061921763 -0.1555612536 -1.012198086 -1.885367385 -1.097401286 -0.4882788852 -0.8407316009 -0.7007597819 -0.9409453761 -0.657189414 1.140017528 1
-0.3125387964 -0.9199884374 6.965369223 -0.07104097223 0.04354484887 -0.0614006445 5.285028259 -0.8727133689 0.7590724601 -0.4204873479 0.0487404582 1.433020204 -1.297293606 0.9747052597 3.03067628 -0.4882788852 -0.4199225671 -1.850025352 -1.14784714 3.918656283 -0.4932939694 1
-0.4183558334 -0.9199884374 6.834588288 -0.5695920359 0.3073559822 -0.0614006445 4.776187739 -0.6334115077 1.222321081 -0.4204873479 -0.7172275092 1.883118284 -1.297293606 1.909729009 2.342663352 0.9630825414 -3.666163685 -2.169265788 -2.38925772 4.252659619 -2.126605467 1
-0.4183558334 -0.9199884374 -0.2036404857 -1.635871141 -0.6835984744 -0.0614006445 -0.278294946 2.118559897 -1.093922023 -0.4204873479 -0.2406252184 -1.53233185 0.8409227882 -1.885367385 -1.44140775 -0.4882788852 -0.6002692959 -0.5730636075 -0.8030108672 -0.657189414 1.140017528 1
-0.4183558334 -0.9199884374 -0.2036404857 -0.4777931695 -0.6835984744 -0.0614006445 -0.278294946 2.477512689 -1.325546333 4.496495222 -0.9044641234 -1.53233185 0.8409227882 -1.885367385 -1.44140775 -0.4882788852 -0.4800381434 -0.4453674331 -0.5271418494 -0.6905897475 1.140017528 1
-0.8416239814 -0.9199884374 -0.2036404857 -1.635871141 -0.6835984744 -0.0614006445 -0.278294946 2.477512689 -1.325546333 4.060813222 -0.7172275092 -1.638237281 0.9834705478 -1.885367385 -1.097401286 -0.4882788852 -0.7205004484 -0.5730636075 -0.8030108672 -0.6905897475 -0.4932939694 1
-0.8416239814 -0.9199884374 -0.2036404857 -1.635871141 -0.6835984744 -0.0614006445 -0.278294946 2.477512689 -1.209734178 0.4508766518 -0.5810554261 -1.320520989 1.126018307 -1.005345033 -1.097401286 -0.4882788852 -0.6002692959 -0.4453674331 -0.6650763583 -0.6905897475 -2.126605467 1
-0.8416239814 -0.9199884374 -0.2036404857 -1.635871141 -0.6835984744 -0.0614006445 -0.278294946 2.537338154 -1.441358489 3.998572936 -0.8193565715 -1.691189996 0.9834705478 -1.995370179 -1.44140775 -0.4882788852 -0.7205004484 -0.6369116947 -0.8030108672 -0.6905897475 -0.4932939694 1
1.697984907 -0.9199884374 -0.1508901557 -1.635871141 -0.6835984744 -0.0614006445 -0.278294946 1.520305244 -1.325546333 3.874092365 -0.5299908949 -1.479379135 1.624935466 -0.5653338569 -0.4093883587 -0.4882788852 0.8425045344 0.9592904857 0.9211704943 -0.6905897475 1.140017528 1
1.697984907 -0.9199884374 -0.2036404857 -1.635871141 -0.6835984744 -0.0614006445 -0.278294946 1.400654313 -1.325546333 4.247534079 -0.6321199573 -1.294044632 1.339839947 -0.6203352539 -0.4093883587 -0.4882788852 0.8425045344 1.023138573 0.9901377488 -0.6905897475 1.140017528 1
1.697984907 -0.9199884374 -0.1055821213 -1.093639287 -0.6835984744 -0.0614006445 -0.278294946 1.639956174 -1.325546333 4.185293793 -0.6150984469 -1.53233185 1.624935466 -0.6753366509 -1.44140775 -0.4882788852 0.8425045344 0.9592904857 0.9211704943 -0.6905897475 1.140017528 1
-0.9474410184 -0.9199884374 -0.2036404857 0.8098599463 0.07405433712 -0.0614006445 3.586204569 -1.11201523 3.306939874 -0.4204873479 1.90408509 1.909594641 -1.439841365 1.744724818 1.310643961 0.9630825414 -0.6002692959 -1.786177265 -1.630617921 3.217249278 -0.4932939694 1
-0.7358069444 -0.9199884374 -0.01582268287 -1.635871141 -0.6835984744 -0.0614006445 -0.278294946 1.400654313 -1.325546333 4.247534079 -0.8023350611 -1.744142711 1.054744428 -1.995370179 -1.44140775 -0.4882788852 -0.6603848721 -0.5092155203 -0.7340436128 -0.6905897475 -0.4932939694 1
1.697984907 -0.9199884374 0.1128614898 -1.635871141 -0.6835984744 -0.0614006445 -0.278294946 1.759607105 -1.441358489 4.434254936 -0.7853135507 -1.585284566 1.731846286 -0.6203352539 -1.44140775 -0.4882788852 0.7222733818 0.9592904857 0.8522032399 -0.6905897475 -0.4932939694 1
1.697984907 -0.9199884374 0.05128754628 -1.635871141 -0.6835984744 -0.0614006445 -0.278294946 1.81943257 -1.441358489 4.80769665 -0.9044641234 -1.770619069 1.945667925 -0.6753366509 -1.097401286 -0.4882788852 0.7222733818 0.9592904857 0.8522032399 -0.6905897475 -0.4932939694 1
1.697984907 -0.9199884374 0.1994082325 -1.635871141 -0.6835984744 -0.0614006445 -0.278294946 1.520305244 -1.325546333 3.998572936 -0.75127053 -1.585284566 1.731846286 -0.6203352539 -1.097401286 -0.4882788852 0.8425045344 0.9592904857 0.9211704943 -0.6905897475 1.140017528 1
0.9572656477 -0.9199884374 -0.1488806199 -1.635871141 -0.6835984744 -0.0614006445 -0.278294946 1.939083501 -1.325546333 4.060813222 -0.8533995923 -1.717666354 1.696209346 -0.950343636 -1.097401286 -0.4882788852 0.4818110768 0.6400500496 0.576334222 -0.6905897475 1.140017528 1
1.909618981 -0.9199884374 0.3130886386 -1.635871141 -0.6835984744 -0.0614006445 -0.278294946 2.058734431 -1.441358489 4.80769665 -0.9214856338 -1.823571784 2.016941805 -0.6753366509 -1.097401286 -0.4882788852 0.8425045344 1.023138573 0.9901377488 -0.6905897475 -0.4932939694 1
1.909618981 -0.9199884374 0.3043727253 -1.635871141 -0.6835984744 -0.0614006445 -0.278294946 2.058734431 -1.441358489 4.80769665 -0.9214856338 -1.823571784 2.016941805 -0.6753366509 -1.097401286 -0.4882788852 0.8425045344 1.023138573 0.9901377488 -0.6905897475 -0.4932939694 1
1.909618981 -0.9199884374 0.3930354095 -1.635871141 -0.6835984744 -0.0614006445 -0.278294946 1.580130709 -1.209734178 0.6998377946 -0.05338860412 -1.505855493 1.731846286 -0.4553310628 -1.44140775 -0.4882788852 0.9026201106 1.150834747 1.059105003 -0.6905897475 1.140017528 1
0.3223634257 -0.9199884374 -0.2036404857 -1.635871141 -0.6835984744 -0.0614006445 -0.278294946 1.041701521 -1.093922023 3.998572936 -0.223603708 0.6122531176 -0.6914656274 0.2046857014 -0.4093883587 -0.4882788852 0.4216955005 0.5762019624 0.5073669676 -0.657189414 1.140017528 1
0.3223634257 -0.9199884374 -0.2036404857 -1.635871141 -0.6835984744 -0.0614006445 -0.278294946 1.041701521 -1.093922023 3.998572936 -0.223603708 0.6122531176 -0.6914656274 0.2046857014 -0.4093883587 -0.4882788852 0.4216955005 0.5762019624 0.5073669676 -0.657189414 1.140017528 1
1.486350833 -0.9199884374 -0.2036404857 -1.635871141 -0.6835984744 -0.0614006445 -0.278294946 2.357861758 -1.441358489 4.620975793 -0.9044641234 -1.691189996 1.767483225 -0.785339445 -1.097401286 -0.4882788852 0.6020422293 0.7677462241 0.714268731 -0.6905897475 -0.4932939694 1
1.274716759 -0.9199884374 0.02024498235 -1.635871141 -0.6835984744 -0.0614006445 -0.278294946 2.058734431 -1.325546333 4.372014651 -0.05338860412 0.1621550379 -0.6914656274 -0.7303380479 -0.7533948225 -0.4882788852 0.5419266531 0.7038981368 0.6453014765 -0.657189414 1.140017528 1
1.486350833 -0.9199884374 -0.1508901557 -1.635871141 -0.6835984744 -0.0614006445 -0.278294946 2.178385362 -1.441358489 3.749611794 -0.7342490196 -1.611760923 1.660572406 -0.785339445 -1.097401286 -0.4882788852 0.6020422293 0.7038981368 0.6453014765 -0.657189414 -0.4932939694 1
0.1107293517 -0.9199884374 -0.2036404857 -1.635871141 -0.6835984744 -0.0614006445 -0.278294946 1.69978164 -1.441358489 5.056657793 -0.8363780819 -1.744142711 1.446750766 -1.390354812 -1.097401286 -0.4882788852 -0.1794602621 0.06541726467 -0.1133383226 -0.6905897475 -0.4932939694 1
0.1107293517 -0.9199884374 -0.2036404857 -1.635871141 -0.6835984744 -0.0614006445 -0.278294946 1.81943257 -1.441358489 5.24337865 -0.9044641234 -1.770619069 1.446750766 -1.445356209 -1.097401286 -0.4882788852 -0.1794602621 0.06541726467 -0.1133383226 -0.6905897475 -0.4932939694 1
0.1107293517 -0.9199884374 -0.2036404857 -1.635871141 -0.6835984744 -0.0614006445 -0.278294946 1.69978164 -1.325546333 4.434254936 -0.7853135507 -1.744142711 1.446750766 -1.390354812 -1.097401286 -0.4882788852 -0.1193446858 0.06541726467 -0.1133383226 -0.6905897475 -0.4932939694 1
0.1107293517 -0.9199884374 -0.2036404857 -1.635871141 -0.6835984744 -0.0614006445 -0.278294946 1.69978164 -1.325546333 4.80769665 -0.8023350611 -1.744142711 1.446750766 -1.390354812 -1.097401286 -0.4882788852 -0.1193446858 0.06541726467 -0.1133383226 -0.6905897475 -0.4932939694 1
0.8514486107 -0.9199884374 0.2063928681 -1.635871141 -0.6835984744 -0.0614006445 -0.278294946 1.939083501 -1.441358489 4.683216079 -0.7682920404 -1.744142711 1.624935466 -1.115347827 -1.097401286 -0.4882788852 0.301464348 0.448505788 0.3694324586 -0.6905897475 -0.4932939694 1
0.8514486107 -0.9199884374 0.2611050683 -1.635871141 -0.6835984744 -0.0614006445 -0.278294946 1.998908966 -1.441358489 4.932177222 -0.8193565715 -1.744142711 1.624935466 -1.115347827 -1.097401286 -0.4882788852 0.301464348 0.448505788 0.3004652042 -0.6905897475 -0.4932939694 1
0.3223634257 -0.9199884374 0.07683687516 -1.248133269 -0.6835984744 -0.0614006445 -0.278294946 1.460479778 -1.325546333 4.434254936 -0.7342490196 -1.717666354 1.482387706 -1.280352018 -1.097401286 -0.4882788852 0.0008864667171 0.1931134391 0.02459618633 -0.6905897475 -0.4932939694 1
0.3223634257 -0.9199884374 0.1240675199 -1.031830482 -0.6835984744 -0.0614006445 -0.278294946 1.520305244 -1.325546333 4.80769665 -0.8023350611 -1.717666354 1.482387706 -1.280352018 -1.097401286 -0.4882788852 0.0008864667171 0.1931134391 0.02459618633 -0.6905897475 -0.4932939694 1
2.015436018 -0.9199884374 -0.2036404857 -1.635871141 -0.6835984744 -0.0614006445 -0.278294946 0.1443195414 -0.8622977126 3.936332651 -0.7342490196 -1.744142711 2.266400384 -0.1253226807 -1.44140775 -0.4882788852 1.383544721 1.597771358 1.610843039 -0.6905897475 -0.4932939694 1
0.5339974997 -0.9199884374 -0.2036404857 -1.635871141 -0.6835984744 -0.0614006445 -0.278294946 1.759607105 -1.325546333 3.998572936 -0.7172275092 -1.611760923 1.589298526 -0.895342239 -1.097401286 -0.4882788852 0.2413487718 0.5123538752 0.3694324586 -0.657189414 -0.4932939694 1
1.274716759 -0.9199884374 -0.1727729195 -1.123807401 -0.6835984744 -0.0614006445 -0.278294946 2.298036293 -1.325546333 1.508961509 -0.4108403222 -0.9498519824 1.482387706 0.3146884955 -0.7533948225 -0.4882788852 0.4818110768 0.7038981368 0.576334222 -0.6905897475 -2.126605467 1
1.274716759 -0.9199884374 -0.1672912651 -1.032871936 -0.6835984744 -0.0614006445 -0.278294946 2.357861758 -1.325546333 1.508961509 -0.4278618326 -0.9498519824 1.482387706 0.3146884955 -0.7533948225 -0.4882788852 0.4818110768 0.6400500496 0.576334222 -0.6905897475 -2.126605467 1
1.274716759 -0.9199884374 -0.1690221803 -1.061586183 -0.6835984744 -0.0614006445 -0.278294946 2.357861758 -1.325546333 1.695682366 -0.4619048534 -0.9498519824 1.482387706 0.3146884955 -0.7533948225 -0.4882788852 0.4818110768 0.6400500496 0.576334222 -0.6905897475 -2.126605467 1
2.015436018 -0.9199884374 -0.1684735997 -1.635871141 -0.6835984744 -0.0614006445 -0.278294946 2.178385362 -1.209734178 1.322240652 -0.2746682391 -1.055757413 1.411113827 -0.01531988666 -0.7533948225 -0.4882788852 0.9627356869 1.214682835 1.128072258 -0.657189414 -0.4932939694 1
2.015436018 -0.9199884374 -0.1604827616 -1.635871141 -0.6835984744 -0.0614006445 -0.278294946 2.178385362 -1.209734178 1.384480937 -0.3087112599 -1.161662843 1.411113827 -0.2353254748 -0.7533948225 -0.4882788852 0.9627356869 1.150834747 1.128072258 -0.657189414 1.140017528 1
1.909618981 -0.9199884374 -0.1282109754 -1.635871141 -0.6835984744 -0.0614006445 -0.278294946 2.238210827 -1.209734178 1.944643508 -0.5129693846 -1.638237281 2.052578745 -0.2353254748 -1.44140775 -0.4882788852 0.9627356869 1.342379009 1.266006767 -0.657189414 -0.4932939694 1
1.909618981 -0.9199884374 -0.2036404857 -1.149446177 -0.6835984744 -0.0614006445 -0.278294946 2.178385362 -1.209734178 0.6375975089 -0.1895606872 -0.7909938367 1.411113827 0.5346940836 -0.7533948225 -0.4882788852 0.9627356869 1.08698666 0.9901377488 -0.657189414 -0.4932939694 1
1.909618981 -0.9199884374 -0.1333067138 -1.635871141 -0.6835984744 -0.0614006445 -0.278294946 2.118559897 -1.209734178 1.073279509 0.0487404582 -0.5791829757 1.197292187 0.6446968776 -1.097401286 -0.4882788852 0.8425045344 1.214682835 1.128072258 -0.6237890804 -0.4932939694 1
1.909618981 -0.9199884374 -0.1753796965 -1.635871141 -0.6835984744 -0.0614006445 -0.278294946 2.357861758 -1.325546333 1.571201794 -0.3427542807 -1.42642642 1.624935466 -0.4553310628 -1.44140775 -0.4882788852 0.8425045344 1.08698666 0.9901377488 -0.657189414 1.140017528 1
1.909618981 -0.9199884374 -0.1606148775 -1.635871141 -0.6835984744 -0.0614006445 -0.278294946 2.357861758 -1.325546333 1.882403223 -0.5129693846 -1.53233185 1.767483225 -0.4553310628 -1.44140775 -0.4882788852 0.8425045344 1.08698666 0.9901377488 -0.6905897475 -0.4932939694 1
1.697984907 -0.9199884374 -0.1683853882 0.1186750692 -0.6835984744 -0.0614006445 -0.278294946 2.238210827 -1.209734178 -0.1092859194 0.03171894781 -1.479379135 1.838757105 -0.2353254748 -1.44140775 -0.4882788852 0.8425045344 1.150834747 0.9901377488 -0.6905897475 -0.4932939694 1
1.697984907 -0.9199884374 -0.1385708912 -0.01670659063 -0.6835984744 -0.0614006445 -0.278294946 1.939083501 -1.093922023 -0.1715262051 0.3381061348 -1.108710128 1.767483225 0.4246912895 -1.097401286 -0.4882788852 0.8425045344 1.08698666 0.9901377488 -0.657189414 -2.126605467 1
-0.9474410184 -0.9199884374 -0.2036404857 -1.344178428 -0.6835984744 -0.0614006445 -0.278294946 1.69978164 -1.325546333 4.060813222 -0.5129693846 -1.214615559 0.6271011488 -1.555359003 -0.4093883587 -0.4882788852 -0.7806160247 -0.5730636075 -0.8030108672 -0.657189414 -0.4932939694 1
-0.9474410184 -0.9199884374 -0.2036404857 -1.635871141 -0.6835984744 -0.0614006445 -0.278294946 1.879258036 -1.441358489 4.869936936 -0.8363780819 -1.664713638 0.9834705478 -1.940368782 -1.097401286 -0.4882788852 -0.7806160247 -0.7007597819 -0.8719781217 -0.6905897475 -0.4932939694 1
-0.9474410184 -0.9199884374 -0.2036404857 -1.635871141 -0.6835984744 -0.0614006445 -0.278294946 1.69978164 -1.325546333 5.24337865 -0.9044641234 -1.717666354 1.054744428 -1.940368782 -0.7533948225 -0.4882788852 -0.7806160247 -0.5730636075 -0.8030108672 -0.6905897475 -0.4932939694 1
-0.9474410184 -0.9199884374 -0.2036404857 -1.635871141 -0.6835984744 -0.0614006445 -0.278294946 1.759607105 -1.325546333 5.181138365 -0.9214856338 -1.717666354 1.054744428 -1.940368782 -0.7533948225 -0.4882788852 -0.7806160247 -0.5730636075 -0.8030108672 -0.6905897475 -0.4932939694 1
-0.9474410184 -0.9199884374 -0.1673538276 -1.635871141 -0.6835984744 -0.0614006445 -0.278294946 1.520305244 -1.325546333 2.94048808 -0.2406252184 -1.135186486 0.3420056296 -1.830365988 -1.44140775 -0.4882788852 -0.7806160247 -0.7646078691 -0.9409453761 -0.657189414 1.140017528 1
-0.9474410184 -0.9199884374 -0.2036404857 -1.635871141 -0.6835984744 -0.0614006445 -0.278294946 1.520305244 -1.325546333 3.936332651 -0.6491414676 -1.452902777 0.6983750286 -1.940368782 -0.7533948225 -0.4882788852 -0.7806160247 -0.5730636075 -0.8030108672 -0.657189414 1.140017528 1
-0.9474410184 -0.9199884374 -0.2036404857 -1.635871141 -0.6835984744 -0.0614006445 -0.278294946 1.580130709 -1.325546333 4.372014651 -0.7002059988 -1.452902777 0.6983750286 -1.940368782 -1.097401286 -0.4882788852 -0.7806160247 -0.6369116947 -0.8719781217 -0.6905897475 1.140017528 1
0.004912314662 -0.9199884374 6.242462409 -0.3778152241 0.4855851956 -0.0614006445 5.685267331 -0.5735860424 1.453945391 -0.4204873479 -1.398087925 1.883118284 -1.297293606 1.909729009 1.654650424 2.414443968 -3.666163685 -2.743898573 -4.044471827 2.783044942 -2.126605467 1
0.004912314662 -0.9199884374 6.078098393 -0.9221169767 -0.02026570657 -0.0614006445 6.48852274 -0.4539351117 0.9906967705 -0.4204873479 -1.398087925 0.9829221244 -1.297293606 0.03968151036 0.278624569 0.9630825414 -3.666163685 -2.935442834 -4.113439081 2.181838938 -2.126605467 1
0.1107293517 -0.9199884374 7.394861295 -0.1786230247 -0.006446275936 -0.0614006445 3.175601486 -1.590618953 1.453945391 -0.4204873479 2.261536808 0.8770166939 -0.834013387 0.5346940836 -0.06538189482 -0.4882788852 -1.261540635 -0.8284559564 -1.078879885 0.9126262631 -0.4932939694 1
-0.1009047223 -0.7090911433 7.585824812 -0.4691003581 0.4007486741 -0.0614006445 2.487126739 -0.9325388343 0.6432603049 -0.4204873479 -0.01934558335 0.9829221244 -1.297293606 0.03968151036 3.374682744 -0.4882788852 -0.4199225671 -1.339240654 -0.5961091038 2.749644609 1.140017528 1
-0.1009047223 -0.9199884374 6.856868645 -0.5412246614 0.3337194137 -0.0614006445 2.316181244 -0.6334115077 0.8748846153 -0.4204873479 -0.75127053 1.433020204 -1.297293606 0.9747052597 1.998656888 0.9630825414 -3.666163685 -2.169265788 -2.38925772 4.252659619 -2.126605467 1
-0.2067217594 -0.9199884374 7.093301147 -0.5184923953 0.3548458151 -0.0614006445 5.018415358 -0.9325388343 0.8748846153 -0.4204873479 -0.07041011451 1.644831065 -1.297293606 1.414716436 3.03067628 -0.4882788852 -0.4199225671 -1.722329177 -1.009912631 3.618053281 -0.4932939694 1
-0.1009047223 -0.9199884374 6.600593327 -1.051022404 -0.1400649293 -0.0614006445 2.494063434 0.9818760558 0.5274481497 -0.4204873479 0.6955578529 1.433020204 -1.226019726 1.084708054 2.342663352 -0.4882788852 -0.1193446858 -0.8284559564 -0.3892073404 1.213229265 -0.4932939694 1
-0.1009047223 -0.9199884374 7.711561855 -1.635871141 -0.6835984744 -0.0614006445 5.538793826 2.118559897 -1.325546333 -0.4204873479 -0.1044531353 -0.6586120485 0.19945787 -1.06034643 -0.4093883587 -0.4882788852 -1.682349669 -0.5092155203 -0.5961091038 0.8124252624 1.140017528 1
-0.2067217594 -0.9199884374 7.089064898 -1.635871141 -0.6835984744 -0.0614006445 4.935133735 2.118559897 -1.325546333 -0.4204873479 -0.1384961561 -0.6586120485 0.19945787 -1.06034643 -0.4093883587 -0.4882788852 -1.682349669 -0.6369116947 -1.009912631 0.6120232611 1.140017528 1
-0.2067217594 -0.9199884374 7.237258912 -1.635871141 -0.6835984744 -0.0614006445 8.587321735 2.118559897 -1.325546333 -0.4204873479 -1.398087925 -1.188139201 0.5914642089 -1.555359003 -1.097401286 -0.4882788852 -1.682349669 -0.8284559564 -1.14784714 0.07761792424 -2.126605467 1
0.1107293517 -0.9199884374 -0.2036404857 0.8504289292 -0.6835984744 -0.0614006445 -0.278294946 1.161352452 -1.209734178 4.620975793 -0.7682920404 -1.638237281 1.268566067 -1.445356209 -1.097401286 -0.4882788852 -0.1794602621 -0.06227890976 -0.1823055771 -0.6905897475 -0.4932939694 1
-0.3125387964 -0.9199884374 -0.04571877571 -0.3259851875 -0.6835984744 -0.0614006445 -0.278294946 1.221177917 -1.209734178 4.123053508 -0.7342490196 -1.770619069 1.304203007 -1.665361797 -1.097401286 -0.4882788852 -0.2996914146 -0.1899750842 -0.320240086 -0.6905897475 -0.4932939694 1
0.2165463887 -0.9199884374 -0.1491636173 -1.635871141 -0.6835984744 -0.0614006445 -0.278294946 2.178385362 -1.441358489 2.878247794 -0.5640339157 -1.53233185 1.375476887 -1.06034643 -0.7533948225 -0.4882788852 -0.05922910954 0.1292653519 -0.04437106814 -0.657189414 -0.4932939694 1
0.2165463887 -0.9199884374 -0.2036404857 -1.635871141 -0.6835984744 -0.0614006445 -0.278294946 2.298036293 -1.441358489 3.562890936 -0.8023350611 -1.664713638 1.411113827 -1.280352018 -1.097401286 -0.4882788852 -0.05922910954 0.06541726467 -0.04437106814 -0.6905897475 -0.4932939694 1
0.2165463887 -0.9199884374 -0.1300539296 -1.635871141 -0.6835984744 -0.0614006445 -0.278294946 2.058734431 -1.441358489 2.131364366 -0.4619048534 -1.505855493 1.339839947 -1.06034643 -0.7533948225 -0.4882788852 -0.05922910954 0.1292653519 -0.04437106814 -0.657189414 -0.4932939694 1
0.3223634257 -0.9199884374 -0.2036404857 -1.635871141 -0.6835984744 -0.0614006445 -0.278294946 1.340828848 -1.209734178 3.874092365 -0.6150984469 0.05624960741 -0.834013387 -1.170349224 -0.7533948225 -0.4882788852 0.06100204298 0.1931134391 0.09356344079 -0.6905897475 1.140017528 1
0.3223634257 -0.9199884374 -0.2036404857 -1.635871141 -0.6835984744 -0.0614006445 -0.278294946 1.400654313 -1.325546333 4.060813222 -0.7342490196 -1.691189996 1.518024646 -1.170349224 -1.097401286 -0.4882788852 0.06100204298 0.1931134391 0.09356344079 -0.6905897475 -0.4932939694 1
0.2165463887 -0.9199884374 -0.2036404857 -1.635871141 -0.6835984744 -0.0614006445 -0.278294946 2.178385362 -1.441358489 5.24337865 -1.17680829 -1.876524499 1.518024646 -1.555359003 -1.097401286 -0.4882788852 -0.05922910954 0.06541726467 -0.04437106814 -0.6905897475 1.140017528 1
0.2165463887 -0.9199884374 -0.2036404857 -1.635871141 -0.6835984744 -0.0614006445 -0.278294946 2.118559897 -1.441358489 5.181138365 -1.17680829 -1.876524499 1.518024646 -1.555359003 -1.097401286 -0.4882788852 -0.05922910954 0.06541726467 -0.04437106814 -0.6905897475 1.140017528 1
-0.2067217594 -0.9199884374 -0.1860570416 -1.635871141 -0.412511671 -0.0614006445 -0.278294946 1.998908966 -1.441358489 4.80769665 -1.057657717 -1.214615559 0.5201903291 -1.720363194 0.6226310329 -0.4882788852 -0.2996914146 -0.1899750842 -0.320240086 -0.657189414 1.140017528 1
-0.2067217594 -0.9199884374 -0.2036404857 -1.635871141 -0.6835984744 -0.0614006445 -0.278294946 2.058734431 -1.441358489 5.24337865 -1.108722248 -1.797095427 1.304203007 -1.720363194 -1.097401286 -0.4882788852 -0.3598069908 -0.1899750842 -0.3892073404 -0.6905897475 1.140017528 1
2.121253055 -0.9199884374 -0.2036404857 -0.5440723457 -0.6835984744 -0.0614006445 -0.278294946 0.9818760558 -1.209734178 3.998572936 -0.4108403222 -1.161662843 1.553661586 -0.01531988666 -0.06538189482 -0.4882788852 1.443660297 1.597771358 1.610843039 -0.657189414 1.140017528 1
2.121253055 -0.9199884374 -0.2036404857 -1.054908431 -0.6835984744 -0.0614006445 -0.278294946 0.9818760558 -1.209734178 4.185293793 -0.2576467288 -0.8704229096 1.161655247 -0.01531988666 -0.06538189482 -0.4882788852 1.443660297 1.597771358 1.610843039 -0.657189414 1.140017528 1
0.4281804627 -0.61895767 -0.2036404857 -0.8031579318 0.8641780164 -0.0614006445 3.669015357 -1.231666161 0.9906967705 -0.4204873479 -1.398087925 1.115303913 -1.404204425 0.1496843044 0.6226310329 2.414443968 -0.6002692959 -1.147696392 -1.009912631 1.213229265 -0.4932939694 1
-0.4183558334 -0.9199884374 0.2030279585 -0.5706745497 0.3063499399 -0.0614006445 4.771056299 -0.9325388343 0.8748846153 -0.4204873479 -0.1725391768 1.883118284 -1.297293606 1.909729009 3.374682744 -0.4882788852 -0.4199225671 -1.65848109 -0.8719781217 3.51785228 -0.4932939694 1
-0.4183558334 -0.9199884374 0.1867770749 -0.4214977283 0.06879286445 -0.0614006445 5.478199163 -0.8727133689 0.7590724601 -0.4204873479 0.06576196858 1.433020204 -1.297293606 0.9747052597 2.686669816 -0.4882788852 -0.4199225671 -1.850025352 -1.14784714 3.785054949 -0.4932939694 1
-0.4183558334 -0.9199884374 0.320149534 -0.5497234722 0.3258209803 -0.0614006445 4.870370689 -0.6334115077 1.106508926 -0.4204873479 -0.7853135507 1.883118284 -1.297293606 1.909729009 2.342663352 0.9630825414 -3.666163685 -2.233113875 -3.492733791 4.119058284 -2.126605467 1
-0.4183558334 -0.9199884374 0.3852575114 -0.3333029979 0.5269529658 -0.0614006445 5.896268631 -0.5137605771 1.338133236 -0.4204873479 -1.398087925 1.221209343 -1.297293606 0.5346940836 1.310643961 2.414443968 -3.666163685 -2.680050486 -3.975504572 2.916646276 -2.126605467 1
0.004912314662 -0.9199884374 -0.2036404857 0.627815232 -0.6835984744 15.85204204 1.5101305 -0.7530624383 -0.1674247814 -0.4204873479 0.9168374879 0.4533949718 -1.083471966 -0.7303380479 -1.097401286 0.9630825414 -2.223389855 -1.083848305 -0.8030108672 1.714234268 1.140017528 1
0.004912314662 -0.9199884374 -0.2036404857 1.259323771 -0.145464281 -0.0614006445 2.46652339 -0.8727133689 0.2958238393 -0.4204873479 -1.398087925 0.4269186142 -1.083471966 -0.785339445 -0.4093883587 -0.4882788852 -2.223389855 -1.850025352 -2.38925772 0.4116212598 -0.4932939694 1
0.004912314662 -0.9199884374 -0.2036404857 2.304856117 -0.2258054329 -0.0614006445 -0.278294946 -0.7530624383 -0.1674247814 -0.4204873479 1.01896655 0.4269186142 -1.083471966 -0.785339445 -0.7533948225 3.865805395 -2.223389855 -1.020000218 -0.8030108672 1.346830599 1.140017528 1
-2.3230625 -0.1069149844 -0.1697457144 0.6132577781 1.667926887 -0.0614006445 2.387091342 1.400654313 1.917194012 -0.4204873479 -1.398087925 1.565401992 -1.083471966 1.579720627 1.310643961 -0.4882788852 -2.704314465 -3.190835183 -2.872028501 0.7122242618 -2.126605467 1
-2.3230625 0.2038597407 -0.2036404857 1.47292482 1.483288606 -0.0614006445 3.405861271 1.400654313 1.801381857 -0.4204873479 -1.398087925 1.565401992 -1.083471966 1.579720627 0.9666374967 -0.4882788852 -2.704314465 -2.935442834 -2.872028501 0.6788239282 -2.126605467 1
-2.3230625 -0.04350371591 -0.1671022727 0.7886664294 1.569663639 -0.0614006445 2.594963908 1.400654313 1.801381857 -0.4204873479 -1.398087925 1.565401992 -1.083471966 1.579720627 0.6226310329 -0.4882788852 -2.704314465 -3.126987096 -2.940995756 0.8124252624 -2.126605467 1
-2.3230625 -0.4884767712 -0.1316863956 -1.039045993 2.089721151 -0.0614006445 2.550835214 1.400654313 2.033006167 -0.4204873479 -1.398087925 1.327114774 -0.9765611465 1.249712245 0.6226310329 0.9630825414 -2.704314465 -3.510075619 -2.940995756 0.6120232611 -2.126605467 1
-2.3230625 0.1281601278 -0.1599460842 0.1762508719 2.010976107 -0.0614006445 1.43970533 1.340828848 2.148818322 -0.4204873479 -1.398087925 1.485972919 -0.9765611465 1.579720627 0.278624569 -0.4882788852 -2.884661194 -3.063139009 -2.734093992 1.280029932 -2.126605467 1
-2.3230625 -0.1101698988 -0.1698814017 0.6042540483 1.398278614 -0.0614006445 2.376421288 1.400654313 1.917194012 -0.4204873479 -1.398087925 1.565401992 -1.083471966 1.579720627 1.310643961 -0.4882788852 -2.704314465 -3.254683271 -2.872028501 0.7122242618 -2.126605467 1
-0.1009047223 -0.9199884374 -0.1466606255 -0.6906291282 1.951804716 -0.0614006445 4.202435628 1.340828848 0.2958238393 -0.4204873479 -1.398087925 -0.1555612536 -0.4420070481 -1.005345033 0.9666374967 -0.4882788852 -0.9008471772 -1.083848305 -1.14784714 -0.1895847442 -0.4932939694 1
0.2165463887 -0.9199884374 -0.2036404857 1.617519983 1.332110432 -0.0614006445 2.292046631 1.161352452 0.06419952896 -0.4204873479 -0.75127053 -0.1026085384 -0.2638223486 -0.6203352539 0.278624569 -0.4882788852 0.06100204298 -0.8923040436 -0.8719781217 0.9794269302 1.140017528 1
0.2165463887 -0.4261098386 -0.1624636335 -1.635871141 -0.04876827818 -0.0614006445 6.197760969 1.101526986 0.06419952896 -0.4204873479 -1.398087925 0.6916821905 -0.6914656274 0.3696898925 -0.06538189482 0.9630825414 -2.824545618 -1.786177265 -2.182355956 1.714234268 -2.126605467 1
0.2165463887 0.2937676071 -0.1699084084 -1.076287869 0.3565073191 -0.0614006445 5.026890059 1.041701521 0.06419952896 -0.4204873479 -1.398087925 1.03587484 -0.6914656274 1.084708054 -0.06538189482 -0.4882788852 -2.824545618 -1.275392567 -1.837519684 4.252659619 -2.126605467 1
0.2165463887 0.1454575169 -0.1740301647 -1.144663909 0.6859228328 -0.0614006445 4.378644198 0.9220505905 0.1800116841 -0.4204873479 -1.398087925 1.03587484 -0.6914656274 1.084708054 0.9666374967 -0.4882788852 -2.824545618 -0.9561521308 -1.630617921 5.822475296 -2.126605467 1
0.2165463887 0.1890722726 -0.180523657 -1.252384808 0.3855892296 -0.0614006445 5.17522585 0.9818760558 0.4116359945 -0.4204873479 -1.398087925 1.168256628 -0.8696503268 1.084708054 0.6226310329 -0.4882788852 -2.884661194 -1.339240654 -1.76855243 5.388270959 -2.126605467 1
0.2165463887 0.03422228794 -0.1771215577 -1.195947197 0.1340947691 -0.0614006445 5.977819438 1.041701521 0.4116359945 -0.4204873479 -1.398087925 1.168256628 -0.8696503268 1.084708054 0.278624569 -0.4882788852 -2.884661194 -1.722329177 -2.044421448 3.584652947 -2.126605467 1
0.2165463887 -0.1571955366 -0.2036404857 -1.635871141 -0.6835984744 -0.0614006445 7.22338072 1.161352452 0.2958238393 -0.4204873479 -1.398087925 1.062351197 -0.8696503268 0.8647024657 0.6226310329 0.9630825414 -2.884661194 -2.041569613 -2.38925772 2.248639605 -2.126605467 1
0.2165463887 -0.1513992446 -0.2036404857 -1.635871141 -0.6835984744 -0.0614006445 7.28038427 1.221177917 0.4116359945 -0.4204873479 -1.398087925 1.062351197 -0.8696503268 0.8647024657 1.310643961 0.9630825414 -2.884661194 -2.105417701 -2.458224974 2.081637938 -2.126605467 1
0.2165463887 0.05884707172 -0.2036404857 -1.635871141 -0.2642009707 -0.0614006445 6.139267491 1.161352452 0.5274481497 -0.4204873479 -1.398087925 1.221209343 -0.8696503268 1.194710848 1.654650424 -0.4882788852 -2.884661194 -1.850025352 -2.113388702 2.95004661 -2.126605467 1
-1.264892129 -0.9199884374 -0.2036404857 -0.4648681948 3.306762754 -0.0614006445 -0.278294946 0.8622251252 0.1800116841 -0.4204873479 0.2700200932 0.2945368261 -0.7627395072 -0.5653338569 -0.06538189482 0.9630825414 -2.704314465 -1.65848109 -2.044421448 1.380230933 -0.4932939694 1
-1.264892129 -0.9199884374 -0.2036404857 -0.3897682376 3.562676657 -0.0614006445 -0.278294946 0.8622251252 0.1800116841 -0.4204873479 0.4912997282 0.2415841108 -0.7627395072 -0.6753366509 -0.06538189482 0.9630825414 -2.704314465 -1.722329177 -2.113388702 1.179828932 -0.4932939694 1
-1.264892129 -0.9199884374 -0.2036404857 -0.08835101626 3.15159987 -0.0614006445 -0.278294946 0.8622251252 0.1800116841 -0.4204873479 0.4402351971 0.2415841108 -0.7627395072 -0.6753366509 -0.06538189482 0.9630825414 -1.862696397 -1.722329177 -2.044421448 0.3448205927 -0.4932939694 1
-1.264892129 -0.9199884374 -0.2036404857 0.008028004247 2.753883956 -0.0614006445 -0.278294946 0.9220505905 0.1800116841 -0.4204873479 0.1338480101 0.2945368261 -0.7627395072 -0.5653338569 -0.06538189482 0.9630825414 -3.004892346 -1.786177265 -2.182355956 1.814435269 -0.4932939694 1
-1.264892129 -0.9199884374 -0.2036404857 0.04556897708 2.129187641 -0.0614006445 1.315811189 1.041701521 0.06419952896 -0.4204873479 0.09980498935 0.2945368261 -0.7627395072 -0.5653338569 0.278624569 0.9630825414 -3.004892346 -1.977721526 -2.458224974 1.4470316 -2.126605467 1
-1.264892129 -0.9199884374 -0.2036404857 0.2525713152 1.42244726 -0.0614006445 1.512061753 1.041701521 0.06419952896 -0.4204873479 0.1849125413 0.2945368261 -0.7627395072 -0.5653338569 -0.06538189482 0.9630825414 -3.004892346 -2.041569613 -2.665126738 1.4470316 -2.126605467 1
-1.264892129 -0.9199884374 -0.2036404857 -0.07916692575 1.727626001 -0.0614006445 2.181453253 1.161352452 -0.1674247814 -0.4204873479 0.03171894781 0.2945368261 -0.7627395072 -0.5653338569 -0.4093883587 0.9630825414 -3.004892346 -2.296961962 -3.00996301 0.9126262631 -2.126605467 1
-1.264892129 -0.9199884374 -0.2036404857 -0.04252467862 1.167387057 -0.0614006445 3.498174971 1.161352452 -0.3990490918 -0.4204873479 -0.01934558335 0.2945368261 -0.7627395072 -0.5653338569 -0.7533948225 0.9630825414 -3.004892346 -2.233113875 -2.872028501 0.7790249289 -2.126605467 1
-1.264892129 -0.9199884374 -0.2036404857 -0.4825667995 1.192107576 -0.0614006445 2.455209254 1.041701521 -0.1674247814 -0.4204873479 0.2019340517 0.2415841108 -0.7627395072 -0.6753366509 0.6226310329 0.9630825414 -3.004892346 -2.041569613 -2.458224974 1.179828932 -0.4932939694 1
-1.264892129 -0.9199884374 -0.2036404857 -1.234333211 1.555435252 -0.0614006445 3.528525603 1.161352452 -0.3990490918 -0.4204873479 -1.398087925 0.1621550379 -0.5845548077 -0.5653338569 -0.4093883587 -0.4882788852 -3.004892346 -2.169265788 -2.596159483 0.6454235947 -2.126605467 1
-1.264892129 -0.9199884374 -0.2036404857 -1.023903425 2.444453718 -0.0614006445 2.622615527 1.101526986 -0.1674247814 -0.4204873479 -1.398087925 0.2415841108 -0.7627395072 -0.6753366509 0.6226310329 -0.4882788852 -1.742465245 -2.105417701 -2.458224974 0.1778189249 -0.4932939694 1
-1.264892129 -0.9199884374 -0.2036404857 -0.9064873263 2.027834759 -0.0614006445 3.179203044 1.161352452 -0.1674247814 -0.4204873479 -1.398087925 0.08272596504 -0.7627395072 -1.005345033 1.310643961 -0.4882788852 -3.004892346 -2.233113875 -2.527192229 0.5786229276 -0.4932939694 1
-1.264892129 -0.9199884374 -0.2036404857 -0.01969948679 2.620804175 -0.0614006445 2.786160289 1.161352452 0.2958238393 -0.4204873479 -1.398087925 0.9829221244 -0.9765611465 0.5346940836 1.998656888 0.9630825414 -3.004892346 -2.616202398 -2.38925772 0.7456245953 -2.126605467 1
-1.264892129 -0.9199884374 -0.2036404857 -0.07801124639 2.212019001 -0.0614006445 2.183279397 1.101526986 0.6432603049 -0.4204873479 -1.398087925 1.433020204 -0.9765611465 1.469717833 2.686669816 2.414443968 -1.742465245 -2.552354311 -2.113388702 0.5118222604 -2.126605467 1
-1.264892129 -0.9199884374 -0.2036404857 -0.2033510445 2.359426077 -0.0614006445 1.661869236 1.041701521 0.5274481497 -0.4204873479 -0.7342490196 1.433020204 -0.9765611465 1.469717833 1.998656888 0.9630825414 -1.742465245 -2.424658137 -2.182355956 0.545222594 -2.126605467 1
-1.264892129 -0.9199884374 -0.2036404857 0.0200926196 2.394366123 -0.0614006445 2.861610962 1.161352452 0.2958238393 -0.4204873479 -1.398087925 0.9829221244 -0.9765611465 0.5346940836 1.998656888 0.9630825414 -3.004892346 -2.552354311 -2.458224974 0.7122242618 -2.126605467 1
-1.159075092 -0.9199884374 -0.1692480735 -1.065333537 4.088501913 -0.0614006445 -0.278294946 0.9818760558 0.6432603049 -0.4204873479 -0.5640339157 0.6387294752 -1.012198086 -0.2353254748 1.310643961 -0.4882788852 -1.321656211 -2.105417701 -2.113388702 1.280029932 -0.4932939694 1
-1.159075092 -0.9199884374 -0.1836570275 -0.3098444277 2.705371829 13.92131094 -0.278294946 1.281003382 0.7590724601 -0.4204873479 -0.3087112599 0.8240639786 -1.261656666 -0.2353254748 0.9666374967 -0.4882788852 -4.147088295 -3.063139009 -3.078930264 2.95004661 -2.126605467 1
-1.159075092 -0.9199884374 -0.1819506208 -0.5564280842 2.994759197 15.11530813 -0.278294946 1.340828848 0.7590724601 -0.4204873479 -1.398087925 0.7446349057 -1.261656666 -0.4003296658 -0.06538189482 0.9630825414 -4.147088295 -3.318531358 -3.423766537 2.282039939 -2.126605467 1
-1.159075092 -0.9199884374 -0.1788082733 0.01190056531 3.144823905 17.31405364 -0.278294946 1.281003382 0.7590724601 -0.4204873479 -1.398087925 0.7446349057 -1.261656666 -0.4003296658 0.278624569 0.9630825414 -4.147088295 -3.190835183 -3.216864773 2.582642941 -2.126605467 1
-1.159075092 -0.9199884374 -0.179518576 -0.435392146 2.663423875 16.81704469 -0.278294946 1.400654313 0.7590724601 -0.4204873479 -1.398087925 0.7446349057 -1.261656666 -0.4003296658 -0.4093883587 0.9630825414 -4.147088295 -3.446227532 -3.768602809 2.081637938 -2.126605467 1
-1.159075092 -0.9199884374 -0.2036404857 -0.216089503 2.395199118 19.90038691 -0.278294946 1.520305244 0.5274481497 -0.4204873479 -1.398087925 0.7446349057 -1.261656666 -0.4003296658 0.6226310329 2.414443968 -4.147088295 -3.637771794 -3.975504572 1.580632934 -2.126605467 1
0.6398145367 -0.9199884374 -0.1558342536 1.536369637 3.738620043 -0.0614006445 3.481048176 0.9220505905 1.338133236 -0.4204873479 -1.398087925 0.8505403362 -1.261656666 -0.1803240777 1.310643961 2.414443968 -1.141309482 -2.169265788 -1.354748903 1.981436937 -0.4932939694 1
0.6398145367 -0.9199884374 -0.1662600819 1.464656732 2.77420005 -0.0614006445 2.661191351 0.7425741945 1.338133236 -0.4204873479 -1.278937352 0.8505403362 -1.261656666 -0.1803240777 0.6226310329 0.9630825414 -0.05922910954 -1.65848109 -1.009912631 3.350850613 1.140017528 1
0.6398145367 -0.9199884374 -0.2036404857 1.620549217 3.553331566 -0.0614006445 -0.278294946 0.7425741945 1.222321081 -0.4204873479 -1.278937352 0.8505403362 -1.261656666 -0.1803240777 0.6226310329 0.9630825414 -0.05922910954 -1.530784916 -0.9409453761 3.083647944 1.140017528 1
0.6398145367 -0.9199884374 -0.1621394071 1.806447222 3.155374674 -0.0614006445 2.985229233 0.8023996598 1.222321081 -0.4204873479 -1.1938298 0.8505403362 -1.261656666 -0.1803240777 1.310643961 0.9630825414 -1.141309482 -1.913873439 -1.216814394 1.847835603 -0.4932939694 1
-0.2067217594 -0.4007567253 -0.2036404857 3.391185965 3.988334622 -0.0614006445 -0.278294946 0.8622251252 0.7590724601 -0.4204873479 -1.398087925 1.406543846 -1.439841365 0.6996982746 1.310643961 2.414443968 -0.9008471772 -2.041569613 -1.492683412 1.948036603 -0.4932939694 1
-0.2067217594 -0.496427556 -0.2036404857 2.464927535 3.671953422 -0.0614006445 -0.278294946 0.9818760558 0.6432603049 -0.4204873479 -1.398087925 1.406543846 -1.439841365 0.6996982746 0.278624569 -0.4882788852 -0.9008471772 -2.233113875 -1.492683412 2.449041607 -0.4932939694 1
-0.2067217594 -0.5508412257 -0.2036404857 2.448678286 3.586908879 -0.0614006445 -0.278294946 1.041701521 0.6432603049 -0.4204873479 -1.398087925 1.406543846 -1.439841365 0.6996982746 0.9666374967 -0.4882788852 -4.567897329 -2.424658137 -1.699585175 8.294099979 -0.4932939694 1
-0.2067217594 -0.5894448631 -0.1760815999 2.478711749 2.715440053 -0.0614006445 1.888855721 1.041701521 0.8748846153 -0.4204873479 -1.398087925 2.306740006 -1.439841365 2.569745773 1.654650424 -0.4882788852 -4.567897329 -2.80774666 -1.630617921 7.659493641 -0.4932939694 1
-0.2067217594 -0.5285552486 -0.1710049623 1.612483769 2.335284441 -0.0614006445 2.288067743 1.101526986 0.9906967705 -0.4204873479 -1.398087925 2.306740006 -1.439841365 2.569745773 0.278624569 -0.4882788852 -4.567897329 -2.871594747 -1.630617921 7.793094975 -2.126605467 1
-0.2067217594 -0.491402252 -0.167907352 1.328023319 2.070918997 -0.0614006445 2.531654815 1.161352452 1.106508926 -0.4204873479 -1.398087925 2.306740006 -1.439841365 2.569745773 1.310643961 -0.4882788852 -4.567897329 -3.063139009 -1.699585175 7.425691306 -2.126605467 1
-0.2067217594 -0.4318304478 -0.1629405861 1.06482032 1.826309321 -0.0614006445 2.922226845 1.161352452 1.222321081 -0.4204873479 -1.398087925 2.306740006 -1.439841365 2.569745773 0.9666374967 -0.4882788852 -4.567897329 -3.190835183 -1.561650666 7.358890639 -2.126605467 1
-0.2067217594 -0.9199884374 -0.1536818414 0.8504289292 1.62706308 -0.0614006445 3.650307617 1.281003382 1.106508926 -0.4204873479 -1.398087925 2.306740006 -1.439841365 2.569745773 0.9666374967 -0.4882788852 -4.567897329 -3.701619881 -1.975454193 5.655473628 -2.126605467 1
0.8514486107 -0.9199884374 -0.04196450092 0.5097702314 -0.1850815207 -0.0614006445 4.807196877 1.041701521 1.106508926 -0.2960067765 -1.347023393 -0.4732775451 -0.1925484688 -1.280352018 -0.4093883587 -0.4882788852 -0.2996914146 -0.6369116947 -0.4581745949 -0.3231860784 1.140017528 1
0.1107293517 -0.9199884374 -0.1722676468 0.4459118824 0.2837618323 -0.0614006445 4.655842933 0.9220505905 0.8748846153 -0.4204873479 -0.5470124053 0.8240639786 -1.083471966 0.03968151036 0.278624569 -0.4882788852 -2.163274279 -1.850025352 -1.975454193 1.046227597 -0.4932939694 1
0.1107293517 -0.9199884374 -0.1792111124 0.3904298305 0.4462963044 -0.0614006445 3.563814699 1.041701521 0.5274481497 -0.4204873479 -0.6831844884 0.8240639786 -1.083471966 0.03968151036 -0.06538189482 -0.4882788852 -0.4800381434 -1.594633003 -1.423716157 1.680833935 -0.4932939694 1
0.1107293517 -0.9199884374 -0.182366472 0.1287078027 0.3003562977 -0.0614006445 3.06755841 0.9818760558 0.9906967705 -0.4204873479 -0.5470124053 0.8240639786 -1.083471966 0.03968151036 -0.06538189482 -0.4882788852 -0.4800381434 -1.913873439 -1.423716157 1.647433601 -0.4932939694 1
0.1107293517 -0.9199884374 -0.1765072186 0.164589821 0.1530374683 -0.0614006445 3.989067553 0.9220505905 1.569757546 -0.4204873479 -0.01934558335 0.8240639786 -1.083471966 0.03968151036 0.278624569 -0.4882788852 -2.163274279 -2.233113875 -2.044421448 0.8124252624 -0.4932939694 1
0.1107293517 -0.9199884374 -0.1794354939 0.3718185455 0.06274611191 -0.0614006445 3.528525603 0.9220505905 1.453945391 -0.4204873479 -0.002324072964 0.8240639786 -1.083471966 0.03968151036 0.278624569 -0.4882788852 -1.02107833 -2.105417701 -1.699585175 1.079627931 -0.4932939694 1
0.1107293517 -0.9199884374 -0.1819951598 0.5185819192 -0.01617945594 -0.0614006445 3.125956228 0.9220505905 1.569757546 -0.4204873479 -0.0874316249 0.8240639786 -1.083471966 0.03968151036 0.278624569 -0.4882788852 -1.02107833 -2.105417701 -1.76855243 1.079627931 -0.4932939694 1
0.1107293517 -0.9199884374 -0.1786018288 0.4409670199 -0.2975734477 -0.0614006445 3.659639272 0.9220505905 1.917194012 -0.4204873479 0.2189555621 0.8240639786 -1.083471966 0.03968151036 0.9666374967 -0.4882788852 -2.584083312 -2.233113875 -2.044421448 1.213229265 -0.4932939694 1
0.1107293517 -0.9199884374 -0.2036404857 0.7019600506 -0.2490622959 -0.0614006445 4.154513395 0.9220505905 2.033006167 -0.4204873479 -1.398087925 0.8240639786 -1.083471966 0.03968151036 0.6226310329 -0.4882788852 -2.584083312 -2.488506224 -2.38925772 0.7122242618 -0.4932939694 1
0.1107293517 -0.9199884374 -0.2036404857 1.892891086 0.0451752147 -0.0614006445 3.438903123 0.9220505905 1.801381857 -0.4204873479 -1.398087925 0.8240639786 -1.083471966 0.03968151036 0.278624569 -0.4882788852 -0.6603848721 -2.296961962 -2.182355956 1.981436937 -0.4932939694 1
0.1107293517 -0.9199884374 -0.2036404857 2.550347571 -0.3299172275 -0.0614006445 3.32969274 0.9220505905 1.801381857 -0.4204873479 -1.398087925 0.6122531176 -1.154745846 -0.5103324599 -0.06538189482 -0.4882788852 -0.6603848721 -2.36081005 -2.182355956 1.948036603 -0.4932939694 1
0.1107293517 -0.9199884374 -0.2036404857 1.877137698 0.4046818666 -0.0614006445 1.572006696 0.9220505905 2.148818322 -0.4204873479 -1.398087925 0.1886313956 -1.154745846 -1.390354812 -0.7533948225 -0.4882788852 -0.6603848721 -2.36081005 -1.76855243 1.814435269 1.140017528 1
0.1107293517 -0.9199884374 -0.2036404857 1.951201132 0.4276256578 -0.0614006445 2.555671387 0.9220505905 1.801381857 -0.4204873479 -1.398087925 0.797587621 -1.154745846 -0.1253226807 0.278624569 -0.4882788852 -0.6603848721 -2.424658137 -2.320290465 2.315440272 -0.4932939694 1
0.1107293517 -0.9199884374 -0.2036404857 1.813760171 0.3028448158 -0.0614006445 3.495309674 0.9818760558 1.569757546 -0.4204873479 -1.398087925 0.8240639786 -1.190382786 -0.1253226807 0.6226310329 -0.4882788852 -0.6603848721 -2.36081005 -2.320290465 2.48244194 -0.4932939694 1
0.1107293517 -0.7384623454 -0.2036404857 1.628029866 0.483067197 -0.0614006445 3.292136507 0.9220505905 1.569757546 -0.4204873479 -1.398087925 1.406543846 -1.190382786 1.084708054 1.310643961 -0.4882788852 -0.6603848721 -2.233113875 -2.251323211 2.48244194 -0.4932939694 1
0.1107293517 -0.7555763056 -0.2036404857 1.547713789 0.3730759769 -0.0614006445 4.033461341 0.9818760558 1.338133236 -0.4204873479 -1.398087925 1.538925635 -1.368567485 1.084708054 0.9666374967 -0.4882788852 -0.6603848721 -2.36081005 -2.38925772 2.916646276 -0.4932939694 1
0.1107293517 -0.9199884374 -0.2036404857 -0.3405394938 0.5202276743 -0.0614006445 5.861965471 1.101526986 0.5274481497 -0.4204873479 -1.398087925 0.797587621 -1.012198086 0.09468290738 0.278624569 -0.4882788852 -3.545932533 -2.552354311 -3.078930264 1.781034936 -2.126605467 1
0.1107293517 -0.5556284312 -0.2036404857 1.387813673 0.7214435833 -0.0614006445 6.888291475 1.101526986 0.7590724601 -0.4204873479 -1.398087925 1.565401992 -1.368567485 1.139709451 -0.06538189482 -0.4882788852 -0.6603848721 -2.488506224 -2.734093992 4.219259285 -2.126605467 1
0.1107293517 -0.6574070846 -0.2036404857 1.269545643 0.6664869284 -0.0614006445 4.886410087 1.041701521 0.8748846153 -0.4204873479 -1.398087925 1.565401992 -1.368567485 1.139709451 0.278624569 -0.4882788852 -0.6603848721 -2.105417701 -1.975454193 3.117048278 -0.4932939694 1
0.1107293517 -0.7004868267 -0.2036404857 2.007249133 0.7271353022 -0.0614006445 2.599952109 0.9818760558 1.453945391 -0.4204873479 -1.398087925 1.538925635 -1.368567485 1.084708054 0.278624569 -0.4882788852 -0.6603848721 -2.36081005 -1.837519684 2.749644609 -0.4932939694 1
0.1107293517 -0.9199884374 -0.2036404857 1.84279303 0.3111469403 -0.0614006445 3.527069164 0.9818760558 1.569757546 -0.4204873479 -1.398087925 0.6387294752 -1.190382786 -0.5103324599 -0.06538189482 -0.4882788852 -0.6603848721 -2.424658137 -2.320290465 2.48244194 -0.4932939694 1
-0.3125387964 -0.9199884374 -0.2036404857 0.5692962167 2.595423579 -0.0614006445 1.812335888 1.221177917 1.338133236 -0.4204873479 -1.398087925 0.7181585481 -1.439841365 -0.7303380479 1.654650424 2.414443968 -1.862696397 -2.680050486 -1.630617921 -0.2563854113 -0.4932939694 1
-0.3125387964 -0.9199884374 -0.1823449826 0.4837624796 2.271247533 -0.0614006445 1.396321516 1.221177917 1.569757546 -0.4204873479 -1.398087925 0.7181585481 -1.439841365 -0.7303380479 0.9666374967 2.414443968 -1.862696397 -2.871594747 -1.699585175 -0.2563854113 -0.4932939694 1
-0.3125387964 -0.9199884374 -0.1842095653 0.2981724206 2.012528302 -0.0614006445 2.777687246 1.221177917 1.569757546 -0.4204873479 -1.398087925 0.7181585481 -1.439841365 -0.7303380479 0.9666374967 2.414443968 -1.862696397 -2.999290922 -1.699585175 -0.2563854113 -0.4932939694 1
-0.3125387964 -0.9199884374 -0.1857890466 0.1409597385 1.793368131 -0.0614006445 2.529275439 1.221177917 1.685569702 -0.4204873479 -1.398087925 0.7181585481 -1.439841365 -0.7303380479 0.6226310329 2.414443968 -1.862696397 -3.126987096 -1.76855243 -0.2897857449 -0.4932939694 1
-0.3125387964 -0.9199884374 -0.1878364762 0.7236910123 1.50927825 -0.0614006445 3.450049151 1.221177917 1.917194012 -0.4204873479 -1.398087925 2.809790801 -1.439841365 3.614772317 1.998656888 0.9630825414 -1.862696397 -3.190835183 -1.699585175 -0.2229850778 -2.126605467 1
-0.3125387964 -0.9199884374 -0.1849998594 0.5287414333 1.328100401 -0.0614006445 4.119239054 1.281003382 1.685569702 -0.4204873479 -1.398087925 0.5328240447 -1.439841365 -1.115347827 1.310643961 -0.4882788852 -1.862696397 -3.063139009 -1.906486939 -0.3231860784 -0.4932939694 1
-0.3125387964 -0.9199884374 -0.1843164264 0.6081039462 1.103934395 -0.0614006445 4.2804686 1.281003382 1.569757546 -0.4204873479 -1.398087925 0.5328240447 -1.439841365 -1.115347827 0.6226310329 -0.4882788852 -1.862696397 -3.063139009 -1.837519684 -0.3231860784 -0.4932939694 1
-0.3125387964 -0.9199884374 -0.1817479121 0.5431914473 1.34152963 -0.0614006445 3.164841742 1.281003382 2.033006167 -0.4204873479 -1.398087925 0.58577676 -1.439841365 -1.005345033 1.310643961 -0.4882788852 -1.862696397 -3.254683271 -1.975454193 -0.356586412 -0.4932939694 1
-0.3125387964 -0.9199884374 -0.1799788144 0.7192772992 1.140380548 -0.0614006445 3.443074988 1.340828848 2.033006167 -0.4204873479 -1.398087925 0.1621550379 -0.8696503268 -1.005345033 0.9666374967 -0.4882788852 -1.862696397 -3.382379445 -2.044421448 -0.3899867455 -0.4932939694 1
-0.3125387964 -0.9199884374 -0.1810197251 0.615670981 1.060141131 -0.0614006445 3.279366595 1.340828848 2.148818322 -0.4204873479 -1.398087925 1.459496562 -0.9765611465 1.52471923 0.9666374967 -0.4882788852 -1.862696397 -3.382379445 -2.044421448 -0.2229850778 -2.126605467 1
-0.4183558334 -0.9199884374 -0.1805742404 1.042659283 1.094481719 -0.0614006445 3.349430018 1.281003382 1.685569702 -0.4204873479 -1.398087925 1.459496562 -0.9765611465 1.52471923 0.6226310329 0.9630825414 -1.98292755 -3.126987096 -1.837519684 -0.02258307643 -2.126605467 1
-0.4183558334 -0.9199884374 -0.1611781526 0.8295637127 0.9530231707 -0.0614006445 3.060819498 1.221177917 1.338133236 -0.4204873479 -1.398087925 1.459496562 -0.9765611465 1.52471923 0.6226310329 -0.4882788852 -1.98292755 -2.616202398 -1.561650666 0.244619592 -0.4932939694 1
-0.4183558334 -0.9199884374 -0.1710554023 0.7966295442 0.8235100099 -0.0614006445 3.565299322 1.281003382 1.453945391 -0.4204873479 -1.398087925 1.459496562 -0.9765611465 1.52471923 -0.06538189482 -0.4882788852 -1.862696397 -2.80774666 -1.699585175 0.01081725713 -0.4932939694 1
-0.4183558334 -0.9199884374 -0.1646348451 0.9523955985 1.120470322 -0.0614006445 2.788995248 1.221177917 1.222321081 -0.4204873479 -1.398087925 1.459496562 -0.9765611465 1.52471923 0.6226310329 -0.4882788852 -1.922811974 -2.488506224 -1.492683412 0.244619592 -0.4932939694 1
-0.4183558334 -0.9199884374 -0.1509341149 0.6957258382 1.212427701 -0.0614006445 2.484822299 1.221177917 1.222321081 -0.4204873479 -1.398087925 1.459496562 -0.9765611465 1.52471923 0.278624569 -0.4882788852 -1.321656211 -2.296961962 -1.423716157 0.1444185913 -0.4932939694 1
-0.4183558334 -0.9199884374 -0.2036404857 1.173281827 2.579785653 -0.0614006445 -0.278294946 1.101526986 3.191127719 -0.4204873479 -1.398087925 0.4269186142 -0.8696503268 -0.4553310628 0.278624569 -0.4882788852 -4.026857143 -3.829316056 -1.285781648 3.584652947 -0.4932939694 1
