k,x,y,predicted_class
1,-2.1876321759161534,-2.209845179411633,0
1,-2.0902318068633154,-2.209845179411633,0
1,-1.992831437810478,-2.209845179411633,0
1,-1.89543106875764,-2.209845179411633,0
1,-1.7980306997048021,-2.209845179411633,0
1,-1.7006303306519643,-2.209845179411633,0
1,-1.6032299615991263,-2.209845179411633,0
1,-1.5058295925462886,-2.209845179411633,0
1,-1.4084292234934508,-2.209845179411633,0
1,-1.311028854440613,-2.209845179411633,0
1,-1.2136284853877752,-2.209845179411633,0
1,-1.1162281163349372,-2.209845179411633,0
1,-1.0188277472820995,-2.209845179411633,0
1,-0.9214273782292617,-2.209845179411633,0
1,-0.8240270091764237,-2.209845179411633,0
1,-0.7266266401235859,-2.209845179411633,0
1,-0.6292262710707481,-2.209845179411633,0
1,-0.5318259020179104,-2.209845179411633,0
1,-0.4344255329650726,-2.209845179411633,0
1,-0.3370251639122346,-2.209845179411633,0
1,-0.2396247948593968,-2.209845179411633,0
1,-0.14222442580655903,-2.209845179411633,0
1,-0.04482405675372103,-2.209845179411633,0
1,0.05257631229911652,-2.209845179411633,0
1,0.14997668135195452,-2.209845179411633,0
1,0.24737705040479252,-2.209845179411633,0
1,0.3447774194576301,-2.209845179411633,0
1,0.4421777885104681,-2.209845179411633,0
1,0.5395781575633061,-2.209845179411633,0
1,0.6369785266161436,-2.209845179411633,0
1,0.7343788956689816,-2.209845179411633,0
1,0.8317792647218192,-2.209845179411633,0
1,0.9291796337746572,-2.209845179411633,0
1,1.0265800028274952,-2.209845179411633,0
1,1.1239803718803327,-2.209845179411633,0
1,1.2213807409331707,-2.209845179411633,0
1,1.3187811099860083,-2.209845179411633,0
1,1.4161814790388463,-2.209845179411633,0
1,1.5135818480916843,-2.209845179411633,0
1,1.6109822171445218,-2.209845179411633,0
1,1.7083825861973598,-2.209845179411633,0
1,1.8057829552501978,-2.209845179411633,0
1,1.9031833243030354,-2.209845179411633,0
1,2.000583693355873,-2.209845179411633,0
1,2.0979840624087114,-2.209845179411633,0
1,2.195384431461549,-2.209845179411633,0
1,2.2927848005143865,-2.209845179411633,0
1,2.390185169567225,-2.209845179411633,0
1,2.4875855386200625,-2.209845179411633,0
1,2.5849859076729,-2.209845179411633,0
1,2.6823862767257385,-2.209845179411633,0
1,2.779786645778576,-2.209845179411633,0
1,2.8771870148314136,-2.209845179411633,0
1,2.974587383884252,-2.209845179411633,0
1,3.0719877529370896,-2.209845179411633,0
1,3.169388121989927,-2.209845179411633,1
1,3.2667884910427656,-2.209845179411633,1
1,3.364188860095603,-2.209845179411633,1
1,3.4615892291484407,-2.209845179411633,1
1,3.5589895982012782,-2.209845179411633,1
1,3.6563899672541167,-2.209845179411633,1
1,3.7537903363069542,-2.209845179411633,1
1,3.851190705359792,-2.209845179411633,1
1,3.9485910744126302,-2.209845179411633,1
1,4.045991443465468,-2.209845179411633,1
1,4.143391812518305,-2.209845179411633,1
1,4.240792181571144,-2.209845179411633,1
1,4.338192550623981,-2.209845179411633,1
1,4.435592919676819,-2.209845179411633,1
1,4.532993288729657,-2.209845179411633,1
1,-2.1876321759161534,-2.132179641460072,0
1,-2.0902318068633154,-2.132179641460072,0
1,-1.992831437810478,-2.132179641460072,0
1,-1.89543106875764,-2.132179641460072,0
1,-1.7980306997048021,-2.132179641460072,0
1,-1.7006303306519643,-2.132179641460072,0
1,-1.6032299615991263,-2.132179641460072,0
1,-1.5058295925462886,-2.132179641460072,0
1,-1.4084292234934508,-2.132179641460072,0
1,-1.311028854440613,-2.132179641460072,0
1,-1.2136284853877752,-2.132179641460072,0
1,-1.1162281163349372,-2.132179641460072,0
1,-1.0188277472820995,-2.132179641460072,0
1,-0.9214273782292617,-2.132179641460072,0
1,-0.8240270091764237,-2.132179641460072,0
1,-0.7266266401235859,-2.132179641460072,0
1,-0.6292262710707481,-2.132179641460072,0
1,-0.5318259020179104,-2.132179641460072,0
1,-0.4344255329650726,-2.132179641460072,0
1,-0.3370251639122346,-2.132179641460072,0
1,-0.2396247948593968,-2.132179641460072,0
1,-0.14222442580655903,-2.132179641460072,0
1,-0.04482405675372103,-2.132179641460072,0
1,0.05257631229911652,-2.132179641460072,0
1,0.14997668135195452,-2.132179641460072,0
1,0.24737705040479252,-2.132179641460072,0
1,0.3447774194576301,-2.132179641460072,0
1,0.4421777885104681,-2.132179641460072,0
1,0.5395781575633061,-2.132179641460072,0
1,0.6369785266161436,-2.132179641460072,0
1,0.7343788956689816,-2.132179641460072,0
1,0.8317792647218192,-2.132179641460072,0
1,0.9291796337746572,-2.132179641460072,0
1,1.0265800028274952,-2.132179641460072,0
1,1.1239803718803327,-2.132179641460072,0
1,1.2213807409331707,-2.132179641460072,0
1,1.3187811099860083,-2.132179641460072,0
1,1.4161814790388463,-2.132179641460072,0
1,1.5135818480916843,-2.132179641460072,0
1,1.6109822171445218,-2.132179641460072,0
1,1.7083825861973598,-2.132179641460072,0
1,1.8057829552501978,-2.132179641460072,0
1,1.9031833243030354,-2.132179641460072,0
1,2.000583693355873,-2.132179641460072,0
1,2.0979840624087114,-2.132179641460072,0
1,2.195384431461549,-2.132179641460072,0
1,2.2927848005143865,-2.132179641460072,0
1,2.390185169567225,-2.132179641460072,0
1,2.4875855386200625,-2.132179641460072,0
1,2.5849859076729,-2.132179641460072,0
1,2.6823862767257385,-2.132179641460072,0
1,2.779786645778576,-2.132179641460072,0
1,2.8771870148314136,-2.132179641460072,0
1,2.974587383884252,-2.132179641460072,0
1,3.0719877529370896,-2.132179641460072,0
1,3.169388121989927,-2.132179641460072,1
1,3.2667884910427656,-2.132179641460072,1
1,3.364188860095603,-2.132179641460072,1
1,3.4615892291484407,-2.132179641460072,1
1,3.5589895982012782,-2.132179641460072,1
1,3.6563899672541167,-2.132179641460072,1
1,3.7537903363069542,-2.132179641460072,1
1,3.851190705359792,-2.132179641460072,1
1,3.9485910744126302,-2.132179641460072,1
1,4.045991443465468,-2.132179641460072,1
1,4.143391812518305,-2.132179641460072,1
1,4.240792181571144,-2.132179641460072,1
1,4.338192550623981,-2.132179641460072,1
1,4.435592919676819,-2.132179641460072,1
1,4.532993288729657,-2.132179641460072,1
1,-2.1876321759161534,-2.0545141035085113,0
1,-2.0902318068633154,-2.0545141035085113,0
1,-1.992831437810478,-2.0545141035085113,0
1,-1.89543106875764,-2.0545141035085113,0
1,-1.7980306997048021,-2.0545141035085113,0
1,-1.7006303306519643,-2.0545141035085113,0
1,-1.6032299615991263,-2.0545141035085113,0
1,-1.5058295925462886,-2.0545141035085113,0
1,-1.4084292234934508,-2.0545141035085113,0
1,-1.311028854440613,-2.0545141035085113,0
1,-1.2136284853877752,-2.0545141035085113,0
1,-1.1162281163349372,-2.0545141035085113,0
1,-1.0188277472820995,-2.0545141035085113,0
1,-0.9214273782292617,-2.0545141035085113,0
1,-0.8240270091764237,-2.0545141035085113,0
1,-0.7266266401235859,-2.0545141035085113,0
1,-0.6292262710707481,-2.0545141035085113,0
1,-0.5318259020179104,-2.0545141035085113,0
1,-0.4344255329650726,-2.0545141035085113,0
1,-0.3370251639122346,-2.0545141035085113,0
1,-0.2396247948593968,-2.0545141035085113,0
1,-0.14222442580655903,-2.0545141035085113,0
1,-0.04482405675372103,-2.0545141035085113,0
1,0.05257631229911652,-2.0545141035085113,0
1,0.14997668135195452,-2.0545141035085113,0
1,0.24737705040479252,-2.0545141035085113,0
1,0.3447774194576301,-2.0545141035085113,0
1,0.4421777885104681,-2.0545141035085113,0
1,0.5395781575633061,-2.0545141035085113,0
1,0.6369785266161436,-2.0545141035085113,0
1,0.7343788956689816,-2.0545141035085113,0
1,0.8317792647218192,-2.0545141035085113,0
1,0.9291796337746572,-2.0545141035085113,0
1,1.0265800028274952,-2.0545141035085113,0
1,1.1239803718803327,-2.0545141035085113,0
1,1.2213807409331707,-2.0545141035085113,0
1,1.3187811099860083,-2.0545141035085113,0
1,1.4161814790388463,-2.0545141035085113,0
1,1.5135818480916843,-2.0545141035085113,0
1,1.6109822171445218,-2.0545141035085113,0
1,1.7083825861973598,-2.0545141035085113,0
1,1.8057829552501978,-2.0545141035085113,0
1,1.9031833243030354,-2.0545141035085113,0
1,2.000583693355873,-2.0545141035085113,0
1,2.0979840624087114,-2.0545141035085113,0
1,2.195384431461549,-2.0545141035085113,0
1,2.2927848005143865,-2.0545141035085113,0
1,2.390185169567225,-2.0545141035085113,0
1,2.4875855386200625,-2.0545141035085113,0
1,2.5849859076729,-2.0545141035085113,0
1,2.6823862767257385,-2.0545141035085113,0
1,2.779786645778576,-2.0545141035085113,0
1,2.8771870148314136,-2.0545141035085113,0
1,2.974587383884252,-2.0545141035085113,0
1,3.0719877529370896,-2.0545141035085113,1
1,3.169388121989927,-2.0545141035085113,1
1,3.2667884910427656,-2.0545141035085113,1
1,3.364188860095603,-2.0545141035085113,1
1,3.4615892291484407,-2.0545141035085113,1
1,3.5589895982012782,-2.0545141035085113,1
1,3.6563899672541167,-2.0545141035085113,1
1,3.7537903363069542,-2.0545141035085113,1
1,3.851190705359792,-2.0545141035085113,1
1,3.9485910744126302,-2.0545141035085113,1
1,4.045991443465468,-2.0545141035085113,1
1,4.143391812518305,-2.0545141035085113,1
1,4.240792181571144,-2.0545141035085113,1
1,4.338192550623981,-2.0545141035085113,1
1,4.435592919676819,-2.0545141035085113,1
1,4.532993288729657,-2.0545141035085113,1
1,-2.1876321759161534,-1.97684856555695,0
1,-2.0902318068633154,-1.97684856555695,0
1,-1.992831437810478,-1.97684856555695,0
1,-1.89543106875764,-1.97684856555695,0
1,-1.7980306997048021,-1.97684856555695,0
1,-1.7006303306519643,-1.97684856555695,0
1,-1.6032299615991263,-1.97684856555695,0
1,-1.5058295925462886,-1.97684856555695,0
1,-1.4084292234934508,-1.97684856555695,0
1,-1.311028854440613,-1.97684856555695,0
1,-1.2136284853877752,-1.97684856555695,0
1,-1.1162281163349372,-1.97684856555695,0
1,-1.0188277472820995,-1.97684856555695,0
1,-0.9214273782292617,-1.97684856555695,0
1,-0.8240270091764237,-1.97684856555695,0
1,-0.7266266401235859,-1.97684856555695,0
1,-0.6292262710707481,-1.97684856555695,0
1,-0.5318259020179104,-1.97684856555695,0
1,-0.4344255329650726,-1.97684856555695,0
1,-0.3370251639122346,-1.97684856555695,0
1,-0.2396247948593968,-1.97684856555695,0
1,-0.14222442580655903,-1.97684856555695,0
1,-0.04482405675372103,-1.97684856555695,0
1,0.05257631229911652,-1.97684856555695,0
1,0.14997668135195452,-1.97684856555695,0
1,0.24737705040479252,-1.97684856555695,0
1,0.3447774194576301,-1.97684856555695,0
1,0.4421777885104681,-1.97684856555695,0
1,0.5395781575633061,-1.97684856555695,0
1,0.6369785266161436,-1.97684856555695,0
1,0.7343788956689816,-1.97684856555695,0
1,0.8317792647218192,-1.97684856555695,0
1,0.9291796337746572,-1.97684856555695,0
1,1.0265800028274952,-1.97684856555695,0
1,1.1239803718803327,-1.97684856555695,0
1,1.2213807409331707,-1.97684856555695,0
1,1.3187811099860083,-1.97684856555695,0
1,1.4161814790388463,-1.97684856555695,0
1,1.5135818480916843,-1.97684856555695,0
1,1.6109822171445218,-1.97684856555695,0
1,1.7083825861973598,-1.97684856555695,0
1,1.8057829552501978,-1.97684856555695,0
1,1.9031833243030354,-1.97684856555695,0
1,2.000583693355873,-1.97684856555695,0
1,2.0979840624087114,-1.97684856555695,0
1,2.195384431461549,-1.97684856555695,0
1,2.2927848005143865,-1.97684856555695,0
1,2.390185169567225,-1.97684856555695,0
1,2.4875855386200625,-1.97684856555695,0
1,2.5849859076729,-1.97684856555695,0
1,2.6823862767257385,-1.97684856555695,0
1,2.779786645778576,-1.97684856555695,0
1,2.8771870148314136,-1.97684856555695,0
1,2.974587383884252,-1.97684856555695,0
1,3.0719877529370896,-1.97684856555695,1
1,3.169388121989927,-1.97684856555695,1
1,3.2667884910427656,-1.97684856555695,1
1,3.364188860095603,-1.97684856555695,1
1,3.4615892291484407,-1.97684856555695,1
1,3.5589895982012782,-1.97684856555695,1
1,3.6563899672541167,-1.97684856555695,1
1,3.7537903363069542,-1.97684856555695,1
1,3.851190705359792,-1.97684856555695,1
1,3.9485910744126302,-1.97684856555695,1
1,4.045991443465468,-1.97684856555695,1
1,4.143391812518305,-1.97684856555695,1
1,4.240792181571144,-1.97684856555695,1
1,4.338192550623981,-1.97684856555695,1
1,4.435592919676819,-1.97684856555695,1
1,4.532993288729657,-1.97684856555695,1
1,-2.1876321759161534,-1.899183027605389,0
1,-2.0902318068633154,-1.899183027605389,0
1,-1.992831437810478,-1.899183027605389,0
1,-1.89543106875764,-1.899183027605389,0
1,-1.7980306997048021,-1.899183027605389,0
1,-1.7006303306519643,-1.899183027605389,0
1,-1.6032299615991263,-1.899183027605389,0
1,-1.5058295925462886,-1.899183027605389,0
1,-1.4084292234934508,-1.899183027605389,0
1,-1.311028854440613,-1.899183027605389,0
1,-1.2136284853877752,-1.899183027605389,0
1,-1.1162281163349372,-1.899183027605389,0
1,-1.0188277472820995,-1.899183027605389,0
1,-0.9214273782292617,-1.899183027605389,0
1,-0.8240270091764237,-1.899183027605389,0
1,-0.7266266401235859,-1.899183027605389,0
1,-0.6292262710707481,-1.899183027605389,0
1,-0.5318259020179104,-1.899183027605389,0
1,-0.4344255329650726,-1.899183027605389,0
1,-0.3370251639122346,-1.899183027605389,0
1,-0.2396247948593968,-1.899183027605389,0
1,-0.14222442580655903,-1.899183027605389,0
1,-0.04482405675372103,-1.899183027605389,0
1,0.05257631229911652,-1.899183027605389,0
1,0.14997668135195452,-1.899183027605389,0
1,0.24737705040479252,-1.899183027605389,0
1,0.3447774194576301,-1.899183027605389,0
1,0.4421777885104681,-1.899183027605389,0
1,0.5395781575633061,-1.899183027605389,0
1,0.6369785266161436,-1.899183027605389,0
1,0.7343788956689816,-1.899183027605389,0
1,0.8317792647218192,-1.899183027605389,0
1,0.9291796337746572,-1.899183027605389,0
1,1.0265800028274952,-1.899183027605389,0
1,1.1239803718803327,-1.899183027605389,0
1,1.2213807409331707,-1.899183027605389,0
1,1.3187811099860083,-1.899183027605389,0
1,1.4161814790388463,-1.899183027605389,0
1,1.5135818480916843,-1.899183027605389,0
1,1.6109822171445218,-1.899183027605389,0
1,1.7083825861973598,-1.899183027605389,0
1,1.8057829552501978,-1.899183027605389,0
1,1.9031833243030354,-1.899183027605389,0
1,2.000583693355873,-1.899183027605389,0
1,2.0979840624087114,-1.899183027605389,0
1,2.195384431461549,-1.899183027605389,0
1,2.2927848005143865,-1.899183027605389,0
1,2.390185169567225,-1.899183027605389,0
1,2.4875855386200625,-1.899183027605389,0
1,2.5849859076729,-1.899183027605389,0
1,2.6823862767257385,-1.899183027605389,0
1,2.779786645778576,-1.899183027605389,0
1,2.8771870148314136,-1.899183027605389,0
1,2.974587383884252,-1.899183027605389,1
1,3.0719877529370896,-1.899183027605389,1
1,3.169388121989927,-1.899183027605389,1
1,3.2667884910427656,-1.899183027605389,1
1,3.364188860095603,-1.899183027605389,1
1,3.4615892291484407,-1.899183027605389,1
1,3.5589895982012782,-1.899183027605389,1
1,3.6563899672541167,-1.899183027605389,1
1,3.7537903363069542,-1.899183027605389,1
1,3.851190705359792,-1.899183027605389,1
1,3.9485910744126302,-1.899183027605389,1
1,4.045991443465468,-1.899183027605389,1
1,4.143391812518305,-1.899183027605389,1
1,4.240792181571144,-1.899183027605389,1
1,4.338192550623981,-1.899183027605389,1
1,4.435592919676819,-1.899183027605389,1
1,4.532993288729657,-1.899183027605389,1
1,-2.1876321759161534,-1.821517489653828,0
1,-2.0902318068633154,-1.821517489653828,0
1,-1.992831437810478,-1.821517489653828,0
1,-1.89543106875764,-1.821517489653828,0
1,-1.7980306997048021,-1.821517489653828,0
1,-1.7006303306519643,-1.821517489653828,0
1,-1.6032299615991263,-1.821517489653828,0
1,-1.5058295925462886,-1.821517489653828,0
1,-1.4084292234934508,-1.821517489653828,0
1,-1.311028854440613,-1.821517489653828,0
1,-1.2136284853877752,-1.821517489653828,0
1,-1.1162281163349372,-1.821517489653828,0
1,-1.0188277472820995,-1.821517489653828,0
1,-0.9214273782292617,-1.821517489653828,0
1,-0.8240270091764237,-1.821517489653828,0
1,-0.7266266401235859,-1.821517489653828,0
1,-0.6292262710707481,-1.821517489653828,0
1,-0.5318259020179104,-1.821517489653828,0
1,-0.4344255329650726,-1.821517489653828,0
1,-0.3370251639122346,-1.821517489653828,0
1,-0.2396247948593968,-1.821517489653828,0
1,-0.14222442580655903,-1.821517489653828,0
1,-0.04482405675372103,-1.821517489653828,0
1,0.05257631229911652,-1.821517489653828,0
1,0.14997668135195452,-1.821517489653828,0
1,0.24737705040479252,-1.821517489653828,0
1,0.3447774194576301,-1.821517489653828,0
1,0.4421777885104681,-1.821517489653828,0
1,0.5395781575633061,-1.821517489653828,0
1,0.6369785266161436,-1.821517489653828,0
1,0.7343788956689816,-1.821517489653828,0
1,0.8317792647218192,-1.821517489653828,0
1,0.9291796337746572,-1.821517489653828,0
1,1.0265800028274952,-1.821517489653828,0
1,1.1239803718803327,-1.821517489653828,0
1,1.2213807409331707,-1.821517489653828,0
1,1.3187811099860083,-1.821517489653828,0
1,1.4161814790388463,-1.821517489653828,0
1,1.5135818480916843,-1.821517489653828,0
1,1.6109822171445218,-1.821517489653828,0
1,1.7083825861973598,-1.821517489653828,0
1,1.8057829552501978,-1.821517489653828,0
1,1.9031833243030354,-1.821517489653828,0
1,2.000583693355873,-1.821517489653828,0
1,2.0979840624087114,-1.821517489653828,0
1,2.195384431461549,-1.821517489653828,0
1,2.2927848005143865,-1.821517489653828,0
1,2.390185169567225,-1.821517489653828,0
1,2.4875855386200625,-1.821517489653828,0
1,2.5849859076729,-1.821517489653828,0
1,2.6823862767257385,-1.821517489653828,0
1,2.779786645778576,-1.821517489653828,0
1,2.8771870148314136,-1.821517489653828,1
1,2.974587383884252,-1.821517489653828,1
1,3.0719877529370896,-1.821517489653828,1
1,3.169388121989927,-1.821517489653828,1
1,3.2667884910427656,-1.821517489653828,1
1,3.364188860095603,-1.821517489653828,1
1,3.4615892291484407,-1.821517489653828,1
1,3.5589895982012782,-1.821517489653828,1
1,3.6563899672541167,-1.821517489653828,1
1,3.7537903363069542,-1.821517489653828,1
1,3.851190705359792,-1.821517489653828,1
1,3.9485910744126302,-1.821517489653828,1
1,4.045991443465468,-1.821517489653828,1
1,4.143391812518305,-1.821517489653828,1
1,4.240792181571144,-1.821517489653828,1
1,4.338192550623981,-1.821517489653828,1
1,4.435592919676819,-1.821517489653828,1
1,4.532993288729657,-1.821517489653828,1
1,-2.1876321759161534,-1.743851951702267,0
1,-2.0902318068633154,-1.743851951702267,0
1,-1.992831437810478,-1.743851951702267,0
1,-1.89543106875764,-1.743851951702267,0
1,-1.7980306997048021,-1.743851951702267,0
1,-1.7006303306519643,-1.743851951702267,0
1,-1.6032299615991263,-1.743851951702267,0
1,-1.5058295925462886,-1.743851951702267,0
1,-1.4084292234934508,-1.743851951702267,0
1,-1.311028854440613,-1.743851951702267,0
1,-1.2136284853877752,-1.743851951702267,0
1,-1.1162281163349372,-1.743851951702267,0
1,-1.0188277472820995,-1.743851951702267,0
1,-0.9214273782292617,-1.743851951702267,0
1,-0.8240270091764237,-1.743851951702267,0
1,-0.7266266401235859,-1.743851951702267,0
1,-0.6292262710707481,-1.743851951702267,0
1,-0.5318259020179104,-1.743851951702267,0
1,-0.4344255329650726,-1.743851951702267,0
1,-0.3370251639122346,-1.743851951702267,0
1,-0.2396247948593968,-1.743851951702267,0
1,-0.14222442580655903,-1.743851951702267,0
1,-0.04482405675372103,-1.743851951702267,0
1,0.05257631229911652,-1.743851951702267,0
1,0.14997668135195452,-1.743851951702267,0
1,0.24737705040479252,-1.743851951702267,0
1,0.3447774194576301,-1.743851951702267,0
1,0.4421777885104681,-1.743851951702267,0
1,0.5395781575633061,-1.743851951702267,0
1,0.6369785266161436,-1.743851951702267,0
1,0.7343788956689816,-1.743851951702267,0
1,0.8317792647218192,-1.743851951702267,0
1,0.9291796337746572,-1.743851951702267,0
1,1.0265800028274952,-1.743851951702267,1
1,1.1239803718803327,-1.743851951702267,0
1,1.2213807409331707,-1.743851951702267,0
1,1.3187811099860083,-1.743851951702267,0
1,1.4161814790388463,-1.743851951702267,0
1,1.5135818480916843,-1.743851951702267,0
1,1.6109822171445218,-1.743851951702267,0
1,1.7083825861973598,-1.743851951702267,0
1,1.8057829552501978,-1.743851951702267,0
1,1.9031833243030354,-1.743851951702267,0
1,2.000583693355873,-1.743851951702267,0
1,2.0979840624087114,-1.743851951702267,0
1,2.195384431461549,-1.743851951702267,0
1,2.2927848005143865,-1.743851951702267,0
1,2.390185169567225,-1.743851951702267,0
1,2.4875855386200625,-1.743851951702267,0
1,2.5849859076729,-1.743851951702267,0
1,2.6823862767257385,-1.743851951702267,0
1,2.779786645778576,-1.743851951702267,1
1,2.8771870148314136,-1.743851951702267,1
1,2.974587383884252,-1.743851951702267,1
1,3.0719877529370896,-1.743851951702267,1
1,3.169388121989927,-1.743851951702267,1
1,3.2667884910427656,-1.743851951702267,1
1,3.364188860095603,-1.743851951702267,1
1,3.4615892291484407,-1.743851951702267,1
1,3.5589895982012782,-1.743851951702267,1
1,3.6563899672541167,-1.743851951702267,1
1,3.7537903363069542,-1.743851951702267,1
1,3.851190705359792,-1.743851951702267,1
1,3.9485910744126302,-1.743851951702267,1
1,4.045991443465468,-1.743851951702267,1
1,4.143391812518305,-1.743851951702267,1
1,4.240792181571144,-1.743851951702267,1
1,4.338192550623981,-1.743851951702267,1
1,4.435592919676819,-1.743851951702267,1
1,4.532993288729657,-1.743851951702267,1
1,-2.1876321759161534,-1.6661864137507059,0
1,-2.0902318068633154,-1.6661864137507059,0
1,-1.992831437810478,-1.6661864137507059,0
1,-1.89543106875764,-1.6661864137507059,0
1,-1.7980306997048021,-1.6661864137507059,0
1,-1.7006303306519643,-1.6661864137507059,0
1,-1.6032299615991263,-1.6661864137507059,0
1,-1.5058295925462886,-1.6661864137507059,0
1,-1.4084292234934508,-1.6661864137507059,0
1,-1.311028854440613,-1.6661864137507059,0
1,-1.2136284853877752,-1.6661864137507059,0
1,-1.1162281163349372,-1.6661864137507059,0
1,-1.0188277472820995,-1.6661864137507059,0
1,-0.9214273782292617,-1.6661864137507059,0
1,-0.8240270091764237,-1.6661864137507059,0
1,-0.7266266401235859,-1.6661864137507059,0
1,-0.6292262710707481,-1.6661864137507059,0
1,-0.5318259020179104,-1.6661864137507059,0
1,-0.4344255329650726,-1.6661864137507059,0
1,-0.3370251639122346,-1.6661864137507059,0
1,-0.2396247948593968,-1.6661864137507059,0
1,-0.14222442580655903,-1.6661864137507059,0
1,-0.04482405675372103,-1.6661864137507059,0
1,0.05257631229911652,-1.6661864137507059,0
1,0.14997668135195452,-1.6661864137507059,0
1,0.24737705040479252,-1.6661864137507059,0
1,0.3447774194576301,-1.6661864137507059,0
1,0.4421777885104681,-1.6661864137507059,0
1,0.5395781575633061,-1.6661864137507059,0
1,0.6369785266161436,-1.6661864137507059,0
1,0.7343788956689816,-1.6661864137507059,0
1,0.8317792647218192,-1.6661864137507059,0
1,0.9291796337746572,-1.6661864137507059,1
1,1.0265800028274952,-1.6661864137507059,0
1,1.1239803718803327,-1.6661864137507059,0
1,1.2213807409331707,-1.6661864137507059,0
1,1.3187811099860083,-1.6661864137507059,0
1,1.4161814790388463,-1.6661864137507059,0
1,1.5135818480916843,-1.6661864137507059,0
1,1.6109822171445218,-1.6661864137507059,0
1,1.7083825861973598,-1.6661864137507059,0
1,1.8057829552501978,-1.6661864137507059,0
1,1.9031833243030354,-1.6661864137507059,0
1,2.000583693355873,-1.6661864137507059,0
1,2.0979840624087114,-1.6661864137507059,0
1,2.195384431461549,-1.6661864137507059,0
1,2.2927848005143865,-1.6661864137507059,0
1,2.390185169567225,-1.6661864137507059,0
1,2.4875855386200625,-1.6661864137507059,0
1,2.5849859076729,-1.6661864137507059,0
1,2.6823862767257385,-1.6661864137507059,1
1,2.779786645778576,-1.6661864137507059,1
1,2.8771870148314136,-1.6661864137507059,1
1,2.974587383884252,-1.6661864137507059,1
1,3.0719877529370896,-1.6661864137507059,1
1,3.169388121989927,-1.6661864137507059,1
1,3.2667884910427656,-1.6661864137507059,1
1,3.364188860095603,-1.6661864137507059,1
1,3.4615892291484407,-1.6661864137507059,1
1,3.5589895982012782,-1.6661864137507059,1
1,3.6563899672541167,-1.6661864137507059,1
1,3.7537903363069542,-1.6661864137507059,1
1,3.851190705359792,-1.6661864137507059,1
1,3.9485910744126302,-1.6661864137507059,1
1,4.045991443465468,-1.6661864137507059,1
1,4.143391812518305,-1.6661864137507059,1
1,4.240792181571144,-1.6661864137507059,1
1,4.338192550623981,-1.6661864137507059,1
1,4.435592919676819,-1.6661864137507059,1
1,4.532993288729657,-1.6661864137507059,1
1,-2.1876321759161534,-1.5885208757991447,0
1,-2.0902318068633154,-1.5885208757991447,0
1,-1.992831437810478,-1.5885208757991447,0
1,-1.89543106875764,-1.5885208757991447,0
1,-1.7980306997048021,-1.5885208757991447,0
1,-1.7006303306519643,-1.5885208757991447,0
1,-1.6032299615991263,-1.5885208757991447,0
1,-1.5058295925462886,-1.5885208757991447,0
1,-1.4084292234934508,-1.5885208757991447,0
1,-1.311028854440613,-1.5885208757991447,0
1,-1.2136284853877752,-1.5885208757991447,0
1,-1.1162281163349372,-1.5885208757991447,0
1,-1.0188277472820995,-1.5885208757991447,0
1,-0.9214273782292617,-1.5885208757991447,0
1,-0.8240270091764237,-1.5885208757991447,0
1,-0.7266266401235859,-1.5885208757991447,0
1,-0.6292262710707481,-1.5885208757991447,0
1,-0.5318259020179104,-1.5885208757991447,0
1,-0.4344255329650726,-1.5885208757991447,0
1,-0.3370251639122346,-1.5885208757991447,0
1,-0.2396247948593968,-1.5885208757991447,0
1,-0.14222442580655903,-1.5885208757991447,0
1,-0.04482405675372103,-1.5885208757991447,0
1,0.05257631229911652,-1.5885208757991447,0
1,0.14997668135195452,-1.5885208757991447,0
1,0.24737705040479252,-1.5885208757991447,0
1,0.3447774194576301,-1.5885208757991447,0
1,0.4421777885104681,-1.5885208757991447,0
1,0.5395781575633061,-1.5885208757991447,0
1,0.6369785266161436,-1.5885208757991447,0
1,0.7343788956689816,-1.5885208757991447,1
1,0.8317792647218192,-1.5885208757991447,1
1,0.9291796337746572,-1.5885208757991447,1
1,1.0265800028274952,-1.5885208757991447,0
1,1.1239803718803327,-1.5885208757991447,0
1,1.2213807409331707,-1.5885208757991447,0
1,1.3187811099860083,-1.5885208757991447,0
1,1.4161814790388463,-1.5885208757991447,0
1,1.5135818480916843,-1.5885208757991447,0
1,1.6109822171445218,-1.5885208757991447,0
1,1.7083825861973598,-1.5885208757991447,0
1,1.8057829552501978,-1.5885208757991447,0
1,1.9031833243030354,-1.5885208757991447,0
1,2.000583693355873,-1.5885208757991447,0
1,2.0979840624087114,-1.5885208757991447,0
1,2.195384431461549,-1.5885208757991447,0
1,2.2927848005143865,-1.5885208757991447,0
1,2.390185169567225,-1.5885208757991447,0
1,2.4875855386200625,-1.5885208757991447,0
1,2.5849859076729,-1.5885208757991447,0
1,2.6823862767257385,-1.5885208757991447,1
1,2.779786645778576,-1.5885208757991447,1
1,2.8771870148314136,-1.5885208757991447,1
1,2.974587383884252,-1.5885208757991447,1
1,3.0719877529370896,-1.5885208757991447,1
1,3.169388121989927,-1.5885208757991447,1
1,3.2667884910427656,-1.5885208757991447,1
1,3.364188860095603,-1.5885208757991447,1
1,3.4615892291484407,-1.5885208757991447,1
1,3.5589895982012782,-1.5885208757991447,1
1,3.6563899672541167,-1.5885208757991447,1
1,3.7537903363069542,-1.5885208757991447,1
1,3.851190705359792,-1.5885208757991447,1
1,3.9485910744126302,-1.5885208757991447,1
1,4.045991443465468,-1.5885208757991447,1
1,4.143391812518305,-1.5885208757991447,1
1,4.240792181571144,-1.5885208757991447,1
1,4.338192550623981,-1.5885208757991447,1
1,4.435592919676819,-1.5885208757991447,1
1,4.532993288729657,-1.5885208757991447,1
1,-2.1876321759161534,-1.5108553378475837,0
1,-2.0902318068633154,-1.5108553378475837,0
1,-1.992831437810478,-1.5108553378475837,0
1,-1.89543106875764,-1.5108553378475837,0
1,-1.7980306997048021,-1.5108553378475837,0
1,-1.7006303306519643,-1.5108553378475837,0
1,-1.6032299615991263,-1.5108553378475837,0
1,-1.5058295925462886,-1.5108553378475837,0
1,-1.4084292234934508,-1.5108553378475837,0
1,-1.311028854440613,-1.5108553378475837,0
1,-1.2136284853877752,-1.5108553378475837,0
1,-1.1162281163349372,-1.5108553378475837,0
1,-1.0188277472820995,-1.5108553378475837,0
1,-0.9214273782292617,-1.5108553378475837,0
1,-0.8240270091764237,-1.5108553378475837,0
1,-0.7266266401235859,-1.5108553378475837,0
1,-0.6292262710707481,-1.5108553378475837,0
1,-0.5318259020179104,-1.5108553378475837,0
1,-0.4344255329650726,-1.5108553378475837,0
1,-0.3370251639122346,-1.5108553378475837,0
1,-0.2396247948593968,-1.5108553378475837,0
1,-0.14222442580655903,-1.5108553378475837,0
1,-0.04482405675372103,-1.5108553378475837,0
1,0.05257631229911652,-1.5108553378475837,0
1,0.14997668135195452,-1.5108553378475837,0
1,0.24737705040479252,-1.5108553378475837,0
1,0.3447774194576301,-1.5108553378475837,0
1,0.4421777885104681,-1.5108553378475837,0
1,0.5395781575633061,-1.5108553378475837,0
1,0.6369785266161436,-1.5108553378475837,0
1,0.7343788956689816,-1.5108553378475837,1
1,0.8317792647218192,-1.5108553378475837,1
1,0.9291796337746572,-1.5108553378475837,1
1,1.0265800028274952,-1.5108553378475837,0
1,1.1239803718803327,-1.5108553378475837,0
1,1.2213807409331707,-1.5108553378475837,0
1,1.3187811099860083,-1.5108553378475837,0
1,1.4161814790388463,-1.5108553378475837,0
1,1.5135818480916843,-1.5108553378475837,0
1,1.6109822171445218,-1.5108553378475837,0
1,1.7083825861973598,-1.5108553378475837,0
1,1.8057829552501978,-1.5108553378475837,0
1,1.9031833243030354,-1.5108553378475837,0
1,2.000583693355873,-1.5108553378475837,0
1,2.0979840624087114,-1.5108553378475837,0
1,2.195384431461549,-1.5108553378475837,0
1,2.2927848005143865,-1.5108553378475837,0
1,2.390185169567225,-1.5108553378475837,0
1,2.4875855386200625,-1.5108553378475837,0
1,2.5849859076729,-1.5108553378475837,1
1,2.6823862767257385,-1.5108553378475837,1
1,2.779786645778576,-1.5108553378475837,1
1,2.8771870148314136,-1.5108553378475837,1
1,2.974587383884252,-1.5108553378475837,1
1,3.0719877529370896,-1.5108553378475837,1
1,3.169388121989927,-1.5108553378475837,1
1,3.2667884910427656,-1.5108553378475837,1
1,3.364188860095603,-1.5108553378475837,1
1,3.4615892291484407,-1.5108553378475837,1
1,3.5589895982012782,-1.5108553378475837,1
1,3.6563899672541167,-1.5108553378475837,1
1,3.7537903363069542,-1.5108553378475837,1
1,3.851190705359792,-1.5108553378475837,1
1,3.9485910744126302,-1.5108553378475837,1
1,4.045991443465468,-1.5108553378475837,1
1,4.143391812518305,-1.5108553378475837,1
1,4.240792181571144,-1.5108553378475837,1
1,4.338192550623981,-1.5108553378475837,1
1,4.435592919676819,-1.5108553378475837,1
1,4.532993288729657,-1.5108553378475837,1
1,-2.1876321759161534,-1.4331897998960228,0
1,-2.0902318068633154,-1.4331897998960228,0
1,-1.992831437810478,-1.4331897998960228,0
1,-1.89543106875764,-1.4331897998960228,0
1,-1.7980306997048021,-1.4331897998960228,0
1,-1.7006303306519643,-1.4331897998960228,0
1,-1.6032299615991263,-1.4331897998960228,0
1,-1.5058295925462886,-1.4331897998960228,0
1,-1.4084292234934508,-1.4331897998960228,0
1,-1.311028854440613,-1.4331897998960228,0
1,-1.2136284853877752,-1.4331897998960228,0
1,-1.1162281163349372,-1.4331897998960228,0
1,-1.0188277472820995,-1.4331897998960228,0
1,-0.9214273782292617,-1.4331897998960228,0
1,-0.8240270091764237,-1.4331897998960228,0
1,-0.7266266401235859,-1.4331897998960228,0
1,-0.6292262710707481,-1.4331897998960228,0
1,-0.5318259020179104,-1.4331897998960228,0
1,-0.4344255329650726,-1.4331897998960228,0
1,-0.3370251639122346,-1.4331897998960228,0
1,-0.2396247948593968,-1.4331897998960228,0
1,-0.14222442580655903,-1.4331897998960228,0
1,-0.04482405675372103,-1.4331897998960228,0
1,0.05257631229911652,-1.4331897998960228,0
1,0.14997668135195452,-1.4331897998960228,0
1,0.24737705040479252,-1.4331897998960228,0
1,0.3447774194576301,-1.4331897998960228,0
1,0.4421777885104681,-1.4331897998960228,0
1,0.5395781575633061,-1.4331897998960228,0
1,0.6369785266161436,-1.4331897998960228,1
1,0.7343788956689816,-1.4331897998960228,1
1,0.8317792647218192,-1.4331897998960228,1
1,0.9291796337746572,-1.4331897998960228,0
1,1.0265800028274952,-1.4331897998960228,0
1,1.1239803718803327,-1.4331897998960228,0
1,1.2213807409331707,-1.4331897998960228,0
1,1.3187811099860083,-1.4331897998960228,0
1,1.4161814790388463,-1.4331897998960228,0
1,1.5135818480916843,-1.4331897998960228,0
1,1.6109822171445218,-1.4331897998960228,0
1,1.7083825861973598,-1.4331897998960228,0
1,1.8057829552501978,-1.4331897998960228,0
1,1.9031833243030354,-1.4331897998960228,0
1,2.000583693355873,-1.4331897998960228,0
1,2.0979840624087114,-1.4331897998960228,0
1,2.195384431461549,-1.4331897998960228,0
1,2.2927848005143865,-1.4331897998960228,0
1,2.390185169567225,-1.4331897998960228,0
1,2.4875855386200625,-1.4331897998960228,1
1,2.5849859076729,-1.4331897998960228,1
1,2.6823862767257385,-1.4331897998960228,1
1,2.779786645778576,-1.4331897998960228,1
1,2.8771870148314136,-1.4331897998960228,1
1,2.974587383884252,-1.4331897998960228,1
1,3.0719877529370896,-1.4331897998960228,1
1,3.169388121989927,-1.4331897998960228,1
1,3.2667884910427656,-1.4331897998960228,1
1,3.364188860095603,-1.4331897998960228,1
1,3.4615892291484407,-1.4331897998960228,1
1,3.5589895982012782,-1.4331897998960228,1
1,3.6563899672541167,-1.4331897998960228,1
1,3.7537903363069542,-1.4331897998960228,1
1,3.851190705359792,-1.4331897998960228,1
1,3.9485910744126302,-1.4331897998960228,1
1,4.045991443465468,-1.4331897998960228,1
1,4.143391812518305,-1.4331897998960228,1
1,4.240792181571144,-1.4331897998960228,1
1,4.338192550623981,-1.4331897998960228,1
1,4.435592919676819,-1.4331897998960228,1
1,4.532993288729657,-1.4331897998960228,1
1,-2.1876321759161534,-1.3555242619444616,0
1,-2.0902318068633154,-1.3555242619444616,0
1,-1.992831437810478,-1.3555242619444616,0
1,-1.89543106875764,-1.3555242619444616,0
1,-1.7980306997048021,-1.3555242619444616,0
1,-1.7006303306519643,-1.3555242619444616,0
1,-1.6032299615991263,-1.3555242619444616,0
1,-1.5058295925462886,-1.3555242619444616,0
1,-1.4084292234934508,-1.3555242619444616,0
1,-1.311028854440613,-1.3555242619444616,0
1,-1.2136284853877752,-1.3555242619444616,0
1,-1.1162281163349372,-1.3555242619444616,0
1,-1.0188277472820995,-1.3555242619444616,0
1,-0.9214273782292617,-1.3555242619444616,0
1,-0.8240270091764237,-1.3555242619444616,0
1,-0.7266266401235859,-1.3555242619444616,0
1,-0.6292262710707481,-1.3555242619444616,0
1,-0.5318259020179104,-1.3555242619444616,0
1,-0.4344255329650726,-1.3555242619444616,0
1,-0.3370251639122346,-1.3555242619444616,0
1,-0.2396247948593968,-1.3555242619444616,0
1,-0.14222442580655903,-1.3555242619444616,0
1,-0.04482405675372103,-1.3555242619444616,0
1,0.05257631229911652,-1.3555242619444616,0
1,0.14997668135195452,-1.3555242619444616,0
1,0.24737705040479252,-1.3555242619444616,0
1,0.3447774194576301,-1.3555242619444616,0
1,0.4421777885104681,-1.3555242619444616,0
1,0.5395781575633061,-1.3555242619444616,1
1,0.6369785266161436,-1.3555242619444616,1
1,0.7343788956689816,-1.3555242619444616,1
1,0.8317792647218192,-1.3555242619444616,1
1,0.9291796337746572,-1.3555242619444616,0
1,1.0265800028274952,-1.3555242619444616,0
1,1.1239803718803327,-1.3555242619444616,0
1,1.2213807409331707,-1.3555242619444616,0
1,1.3187811099860083,-1.3555242619444616,0
1,1.4161814790388463,-1.3555242619444616,0
1,1.5135818480916843,-1.3555242619444616,0
1,1.6109822171445218,-1.3555242619444616,0
1,1.7083825861973598,-1.3555242619444616,0
1,1.8057829552501978,-1.3555242619444616,0
1,1.9031833243030354,-1.3555242619444616,0
1,2.000583693355873,-1.3555242619444616,0
1,2.0979840624087114,-1.3555242619444616,0
1,2.195384431461549,-1.3555242619444616,0
1,2.2927848005143865,-1.3555242619444616,0
1,2.390185169567225,-1.3555242619444616,1
1,2.4875855386200625,-1.3555242619444616,1
1,2.5849859076729,-1.3555242619444616,1
1,2.6823862767257385,-1.3555242619444616,1
1,2.779786645778576,-1.3555242619444616,1
1,2.8771870148314136,-1.3555242619444616,1
1,2.974587383884252,-1.3555242619444616,1
1,3.0719877529370896,-1.3555242619444616,1
1,3.169388121989927,-1.3555242619444616,1
1,3.2667884910427656,-1.3555242619444616,1
1,3.364188860095603,-1.3555242619444616,1
1,3.4615892291484407,-1.3555242619444616,1
1,3.5589895982012782,-1.3555242619444616,1
1,3.6563899672541167,-1.3555242619444616,1
1,3.7537903363069542,-1.3555242619444616,1
1,3.851190705359792,-1.3555242619444616,1
1,3.9485910744126302,-1.3555242619444616,1
1,4.045991443465468,-1.3555242619444616,1
1,4.143391812518305,-1.3555242619444616,1
1,4.240792181571144,-1.3555242619444616,1
1,4.338192550623981,-1.3555242619444616,1
1,4.435592919676819,-1.3555242619444616,1
1,4.532993288729657,-1.3555242619444616,1
1,-2.1876321759161534,-1.2778587239929007,0
1,-2.0902318068633154,-1.2778587239929007,0
1,-1.992831437810478,-1.2778587239929007,0
1,-1.89543106875764,-1.2778587239929007,0
1,-1.7980306997048021,-1.2778587239929007,0
1,-1.7006303306519643,-1.2778587239929007,0
1,-1.6032299615991263,-1.2778587239929007,0
1,-1.5058295925462886,-1.2778587239929007,0
1,-1.4084292234934508,-1.2778587239929007,0
1,-1.311028854440613,-1.2778587239929007,0
1,-1.2136284853877752,-1.2778587239929007,0
1,-1.1162281163349372,-1.2778587239929007,0
1,-1.0188277472820995,-1.2778587239929007,0
1,-0.9214273782292617,-1.2778587239929007,0
1,-0.8240270091764237,-1.2778587239929007,0
1,-0.7266266401235859,-1.2778587239929007,0
1,-0.6292262710707481,-1.2778587239929007,0
1,-0.5318259020179104,-1.2778587239929007,0
1,-0.4344255329650726,-1.2778587239929007,0
1,-0.3370251639122346,-1.2778587239929007,0
1,-0.2396247948593968,-1.2778587239929007,1
1,-0.14222442580655903,-1.2778587239929007,1
1,-0.04482405675372103,-1.2778587239929007,1
1,0.05257631229911652,-1.2778587239929007,1
1,0.14997668135195452,-1.2778587239929007,0
1,0.24737705040479252,-1.2778587239929007,0
1,0.3447774194576301,-1.2778587239929007,0
1,0.4421777885104681,-1.2778587239929007,0
1,0.5395781575633061,-1.2778587239929007,1
1,0.6369785266161436,-1.2778587239929007,1
1,0.7343788956689816,-1.2778587239929007,1
1,0.8317792647218192,-1.2778587239929007,0
1,0.9291796337746572,-1.2778587239929007,0
1,1.0265800028274952,-1.2778587239929007,0
1,1.1239803718803327,-1.2778587239929007,0
1,1.2213807409331707,-1.2778587239929007,0
1,1.3187811099860083,-1.2778587239929007,0
1,1.4161814790388463,-1.2778587239929007,0
1,1.5135818480916843,-1.2778587239929007,0
1,1.6109822171445218,-1.2778587239929007,0
1,1.7083825861973598,-1.2778587239929007,0
1,1.8057829552501978,-1.2778587239929007,0
1,1.9031833243030354,-1.2778587239929007,0
1,2.000583693355873,-1.2778587239929007,0
1,2.0979840624087114,-1.2778587239929007,0
1,2.195384431461549,-1.2778587239929007,0
1,2.2927848005143865,-1.2778587239929007,1
1,2.390185169567225,-1.2778587239929007,1
1,2.4875855386200625,-1.2778587239929007,1
1,2.5849859076729,-1.2778587239929007,1
1,2.6823862767257385,-1.2778587239929007,1
1,2.779786645778576,-1.2778587239929007,1
1,2.8771870148314136,-1.2778587239929007,1
1,2.974587383884252,-1.2778587239929007,1
1,3.0719877529370896,-1.2778587239929007,1
1,3.169388121989927,-1.2778587239929007,1
1,3.2667884910427656,-1.2778587239929007,1
1,3.364188860095603,-1.2778587239929007,1
1,3.4615892291484407,-1.2778587239929007,1
1,3.5589895982012782,-1.2778587239929007,1
1,3.6563899672541167,-1.2778587239929007,1
1,3.7537903363069542,-1.2778587239929007,1
1,3.851190705359792,-1.2778587239929007,1
1,3.9485910744126302,-1.2778587239929007,1
1,4.045991443465468,-1.2778587239929007,1
1,4.143391812518305,-1.2778587239929007,1
1,4.240792181571144,-1.2778587239929007,1
1,4.338192550623981,-1.2778587239929007,1
1,4.435592919676819,-1.2778587239929007,1
1,4.532993288729657,-1.2778587239929007,1
1,-2.1876321759161534,-1.2001931860413395,0
1,-2.0902318068633154,-1.2001931860413395,0
1,-1.992831437810478,-1.2001931860413395,0
1,-1.89543106875764,-1.2001931860413395,0
1,-1.7980306997048021,-1.2001931860413395,0
1,-1.7006303306519643,-1.2001931860413395,0
1,-1.6032299615991263,-1.2001931860413395,0
1,-1.5058295925462886,-1.2001931860413395,0
1,-1.4084292234934508,-1.2001931860413395,0
1,-1.311028854440613,-1.2001931860413395,0
1,-1.2136284853877752,-1.2001931860413395,0
1,-1.1162281163349372,-1.2001931860413395,0
1,-1.0188277472820995,-1.2001931860413395,0
1,-0.9214273782292617,-1.2001931860413395,0
1,-0.8240270091764237,-1.2001931860413395,0
1,-0.7266266401235859,-1.2001931860413395,0
1,-0.6292262710707481,-1.2001931860413395,0
1,-0.5318259020179104,-1.2001931860413395,0
1,-0.4344255329650726,-1.2001931860413395,0
1,-0.3370251639122346,-1.2001931860413395,0
1,-0.2396247948593968,-1.2001931860413395,0
1,-0.14222442580655903,-1.2001931860413395,0
1,-0.04482405675372103,-1.2001931860413395,0
1,0.05257631229911652,-1.2001931860413395,0
1,0.14997668135195452,-1.2001931860413395,0
1,0.24737705040479252,-1.2001931860413395,0
1,0.3447774194576301,-1.2001931860413395,0
1,0.4421777885104681,-1.2001931860413395,1
1,0.5395781575633061,-1.2001931860413395,1
1,0.6369785266161436,-1.2001931860413395,1
1,0.7343788956689816,-1.2001931860413395,1
1,0.8317792647218192,-1.2001931860413395,0
1,0.9291796337746572,-1.2001931860413395,0
1,1.0265800028274952,-1.2001931860413395,0
1,1.1239803718803327,-1.2001931860413395,0
1,1.2213807409331707,-1.2001931860413395,0
1,1.3187811099860083,-1.2001931860413395,0
1,1.4161814790388463,-1.2001931860413395,0
1,1.5135818480916843,-1.2001931860413395,0
1,1.6109822171445218,-1.2001931860413395,0
1,1.7083825861973598,-1.2001931860413395,0
1,1.8057829552501978,-1.2001931860413395,0
1,1.9031833243030354,-1.2001931860413395,0
1,2.000583693355873,-1.2001931860413395,0
1,2.0979840624087114,-1.2001931860413395,0
1,2.195384431461549,-1.2001931860413395,1
1,2.2927848005143865,-1.2001931860413395,1
1,2.390185169567225,-1.2001931860413395,1
1,2.4875855386200625,-1.2001931860413395,1
1,2.5849859076729,-1.2001931860413395,1
1,2.6823862767257385,-1.2001931860413395,1
1,2.779786645778576,-1.2001931860413395,1
1,2.8771870148314136,-1.2001931860413395,1
1,2.974587383884252,-1.2001931860413395,1
1,3.0719877529370896,-1.2001931860413395,1
1,3.169388121989927,-1.2001931860413395,1
1,3.2667884910427656,-1.2001931860413395,1
1,3.364188860095603,-1.2001931860413395,1
1,3.4615892291484407,-1.2001931860413395,1
1,3.5589895982012782,-1.2001931860413395,1
1,3.6563899672541167,-1.2001931860413395,1
1,3.7537903363069542,-1.2001931860413395,1
1,3.851190705359792,-1.2001931860413395,1
1,3.9485910744126302,-1.2001931860413395,1
1,4.045991443465468,-1.2001931860413395,1
1,4.143391812518305,-1.2001931860413395,1
1,4.240792181571144,-1.2001931860413395,1
1,4.338192550623981,-1.2001931860413395,1
1,4.435592919676819,-1.2001931860413395,1
1,4.532993288729657,-1.2001931860413395,1
1,-2.1876321759161534,-1.1225276480897786,0
1,-2.0902318068633154,-1.1225276480897786,0
1,-1.992831437810478,-1.1225276480897786,0
1,-1.89543106875764,-1.1225276480897786,0
1,-1.7980306997048021,-1.1225276480897786,0
1,-1.7006303306519643,-1.1225276480897786,0
1,-1.6032299615991263,-1.1225276480897786,0
1,-1.5058295925462886,-1.1225276480897786,0
1,-1.4084292234934508,-1.1225276480897786,0
1,-1.311028854440613,-1.1225276480897786,0
1,-1.2136284853877752,-1.1225276480897786,0
1,-1.1162281163349372,-1.1225276480897786,0
1,-1.0188277472820995,-1.1225276480897786,0
1,-0.9214273782292617,-1.1225276480897786,0
1,-0.8240270091764237,-1.1225276480897786,0
1,-0.7266266401235859,-1.1225276480897786,0
1,-0.6292262710707481,-1.1225276480897786,0
1,-0.5318259020179104,-1.1225276480897786,0
1,-0.4344255329650726,-1.1225276480897786,0
1,-0.3370251639122346,-1.1225276480897786,0
1,-0.2396247948593968,-1.1225276480897786,0
1,-0.14222442580655903,-1.1225276480897786,0
1,-0.04482405675372103,-1.1225276480897786,0
1,0.05257631229911652,-1.1225276480897786,0
1,0.14997668135195452,-1.1225276480897786,0
1,0.24737705040479252,-1.1225276480897786,0
1,0.3447774194576301,-1.1225276480897786,0
1,0.4421777885104681,-1.1225276480897786,1
1,0.5395781575633061,-1.1225276480897786,1
1,0.6369785266161436,-1.1225276480897786,1
1,0.7343788956689816,-1.1225276480897786,1
1,0.8317792647218192,-1.1225276480897786,0
1,0.9291796337746572,-1.1225276480897786,0
1,1.0265800028274952,-1.1225276480897786,0
1,1.1239803718803327,-1.1225276480897786,0
1,1.2213807409331707,-1.1225276480897786,0
1,1.3187811099860083,-1.1225276480897786,0
1,1.4161814790388463,-1.1225276480897786,0
1,1.5135818480916843,-1.1225276480897786,0
1,1.6109822171445218,-1.1225276480897786,0
1,1.7083825861973598,-1.1225276480897786,0
1,1.8057829552501978,-1.1225276480897786,0
1,1.9031833243030354,-1.1225276480897786,0
1,2.000583693355873,-1.1225276480897786,0
1,2.0979840624087114,-1.1225276480897786,1
1,2.195384431461549,-1.1225276480897786,1
1,2.2927848005143865,-1.1225276480897786,1
1,2.390185169567225,-1.1225276480897786,1
1,2.4875855386200625,-1.1225276480897786,1
1,2.5849859076729,-1.1225276480897786,1
1,2.6823862767257385,-1.1225276480897786,1
1,2.779786645778576,-1.1225276480897786,1
1,2.8771870148314136,-1.1225276480897786,1
1,2.974587383884252,-1.1225276480897786,1
1,3.0719877529370896,-1.1225276480897786,1
1,3.169388121989927,-1.1225276480897786,1
1,3.2667884910427656,-1.1225276480897786,1
1,3.364188860095603,-1.1225276480897786,1
1,3.4615892291484407,-1.1225276480897786,1
1,3.5589895982012782,-1.1225276480897786,1
1,3.6563899672541167,-1.1225276480897786,1
1,3.7537903363069542,-1.1225276480897786,1
1,3.851190705359792,-1.1225276480897786,1
1,3.9485910744126302,-1.1225276480897786,1
1,4.045991443465468,-1.1225276480897786,1
1,4.143391812518305,-1.1225276480897786,1
1,4.240792181571144,-1.1225276480897786,1
1,4.338192550623981,-1.1225276480897786,1
1,4.435592919676819,-1.1225276480897786,1
1,4.532993288729657,-1.1225276480897786,1
1,-2.1876321759161534,-1.0448621101382174,0
1,-2.0902318068633154,-1.0448621101382174,0
1,-1.992831437810478,-1.0448621101382174,0
1,-1.89543106875764,-1.0448621101382174,0
1,-1.7980306997048021,-1.0448621101382174,0
1,-1.7006303306519643,-1.0448621101382174,0
1,-1.6032299615991263,-1.0448621101382174,0
1,-1.5058295925462886,-1.0448621101382174,0
1,-1.4084292234934508,-1.0448621101382174,0
1,-1.311028854440613,-1.0448621101382174,0
1,-1.2136284853877752,-1.0448621101382174,0
1,-1.1162281163349372,-1.0448621101382174,0
1,-1.0188277472820995,-1.0448621101382174,0
1,-0.9214273782292617,-1.0448621101382174,0
1,-0.8240270091764237,-1.0448621101382174,0
1,-0.7266266401235859,-1.0448621101382174,0
1,-0.6292262710707481,-1.0448621101382174,0
1,-0.5318259020179104,-1.0448621101382174,0
1,-0.4344255329650726,-1.0448621101382174,0
1,-0.3370251639122346,-1.0448621101382174,0
1,-0.2396247948593968,-1.0448621101382174,0
1,-0.14222442580655903,-1.0448621101382174,0
1,-0.04482405675372103,-1.0448621101382174,0
1,0.05257631229911652,-1.0448621101382174,0
1,0.14997668135195452,-1.0448621101382174,0
1,0.24737705040479252,-1.0448621101382174,0
1,0.3447774194576301,-1.0448621101382174,1
1,0.4421777885104681,-1.0448621101382174,1
1,0.5395781575633061,-1.0448621101382174,1
1,0.6369785266161436,-1.0448621101382174,1
1,0.7343788956689816,-1.0448621101382174,0
1,0.8317792647218192,-1.0448621101382174,0
1,0.9291796337746572,-1.0448621101382174,0
1,1.0265800028274952,-1.0448621101382174,0
1,1.1239803718803327,-1.0448621101382174,0
1,1.2213807409331707,-1.0448621101382174,0
1,1.3187811099860083,-1.0448621101382174,0
1,1.4161814790388463,-1.0448621101382174,0
1,1.5135818480916843,-1.0448621101382174,0
1,1.6109822171445218,-1.0448621101382174,0
1,1.7083825861973598,-1.0448621101382174,0
1,1.8057829552501978,-1.0448621101382174,0
1,1.9031833243030354,-1.0448621101382174,0
1,2.000583693355873,-1.0448621101382174,1
1,2.0979840624087114,-1.0448621101382174,1
1,2.195384431461549,-1.0448621101382174,1
1,2.2927848005143865,-1.0448621101382174,1
1,2.390185169567225,-1.0448621101382174,1
1,2.4875855386200625,-1.0448621101382174,1
1,2.5849859076729,-1.0448621101382174,1
1,2.6823862767257385,-1.0448621101382174,1
1,2.779786645778576,-1.0448621101382174,1
1,2.8771870148314136,-1.0448621101382174,1
1,2.974587383884252,-1.0448621101382174,1
1,3.0719877529370896,-1.0448621101382174,1
1,3.169388121989927,-1.0448621101382174,1
1,3.2667884910427656,-1.0448621101382174,1
1,3.364188860095603,-1.0448621101382174,1
1,3.4615892291484407,-1.0448621101382174,1
1,3.5589895982012782,-1.0448621101382174,1
1,3.6563899672541167,-1.0448621101382174,1
1,3.7537903363069542,-1.0448621101382174,1
1,3.851190705359792,-1.0448621101382174,1
1,3.9485910744126302,-1.0448621101382174,1
1,4.045991443465468,-1.0448621101382174,1
1,4.143391812518305,-1.0448621101382174,1
1,4.240792181571144,-1.0448621101382174,1
1,4.338192550623981,-1.0448621101382174,1
1,4.435592919676819,-1.0448621101382174,1
1,4.532993288729657,-1.0448621101382174,1
1,-2.1876321759161534,-0.9671965721866564,0
1,-2.0902318068633154,-0.9671965721866564,0
1,-1.992831437810478,-0.9671965721866564,0
1,-1.89543106875764,-0.9671965721866564,0
1,-1.7980306997048021,-0.9671965721866564,0
1,-1.7006303306519643,-0.9671965721866564,0
1,-1.6032299615991263,-0.9671965721866564,0
1,-1.5058295925462886,-0.9671965721866564,0
1,-1.4084292234934508,-0.9671965721866564,0
1,-1.311028854440613,-0.9671965721866564,0
1,-1.2136284853877752,-0.9671965721866564,0
1,-1.1162281163349372,-0.9671965721866564,0
1,-1.0188277472820995,-0.9671965721866564,0
1,-0.9214273782292617,-0.9671965721866564,0
1,-0.8240270091764237,-0.9671965721866564,0
1,-0.7266266401235859,-0.9671965721866564,0
1,-0.6292262710707481,-0.9671965721866564,0
1,-0.5318259020179104,-0.9671965721866564,0
1,-0.4344255329650726,-0.9671965721866564,0
1,-0.3370251639122346,-0.9671965721866564,0
1,-0.2396247948593968,-0.9671965721866564,0
1,-0.14222442580655903,-0.9671965721866564,0
1,-0.04482405675372103,-0.9671965721866564,0
1,0.05257631229911652,-0.9671965721866564,0
1,0.14997668135195452,-0.9671965721866564,0
1,0.24737705040479252,-0.9671965721866564,0
1,0.3447774194576301,-0.9671965721866564,1
1,0.4421777885104681,-0.9671965721866564,1
1,0.5395781575633061,-0.9671965721866564,1
1,0.6369785266161436,-0.9671965721866564,1
1,0.7343788956689816,-0.9671965721866564,0
1,0.8317792647218192,-0.9671965721866564,0
1,0.9291796337746572,-0.9671965721866564,0
1,1.0265800028274952,-0.9671965721866564,0
1,1.1239803718803327,-0.9671965721866564,0
1,1.2213807409331707,-0.9671965721866564,0
1,1.3187811099860083,-0.9671965721866564,0
1,1.4161814790388463,-0.9671965721866564,0
1,1.5135818480916843,-0.9671965721866564,0
1,1.6109822171445218,-0.9671965721866564,0
1,1.7083825861973598,-0.9671965721866564,0
1,1.8057829552501978,-0.9671965721866564,0
1,1.9031833243030354,-0.9671965721866564,1
1,2.000583693355873,-0.9671965721866564,1
1,2.0979840624087114,-0.9671965721866564,1
1,2.195384431461549,-0.9671965721866564,1
1,2.2927848005143865,-0.9671965721866564,1
1,2.390185169567225,-0.9671965721866564,1
1,2.4875855386200625,-0.9671965721866564,1
1,2.5849859076729,-0.9671965721866564,1
1,2.6823862767257385,-0.9671965721866564,1
1,2.779786645778576,-0.9671965721866564,1
1,2.8771870148314136,-0.9671965721866564,1
1,2.974587383884252,-0.9671965721866564,1
1,3.0719877529370896,-0.9671965721866564,1
1,3.169388121989927,-0.9671965721866564,1
1,3.2667884910427656,-0.9671965721866564,1
1,3.364188860095603,-0.9671965721866564,1
1,3.4615892291484407,-0.9671965721866564,1
1,3.5589895982012782,-0.9671965721866564,1
1,3.6563899672541167,-0.9671965721866564,1
1,3.7537903363069542,-0.9671965721866564,1
1,3.851190705359792,-0.9671965721866564,1
1,3.9485910744126302,-0.9671965721866564,1
1,4.045991443465468,-0.9671965721866564,1
1,4.143391812518305,-0.9671965721866564,1
1,4.240792181571144,-0.9671965721866564,1
1,4.338192550623981,-0.9671965721866564,1
1,4.435592919676819,-0.9671965721866564,1
1,4.532993288729657,-0.9671965721866564,1
1,-2.1876321759161534,-0.8895310342350955,0
1,-2.0902318068633154,-0.8895310342350955,0
1,-1.992831437810478,-0.8895310342350955,0
1,-1.89543106875764,-0.8895310342350955,0
1,-1.7980306997048021,-0.8895310342350955,0
1,-1.7006303306519643,-0.8895310342350955,0
1,-1.6032299615991263,-0.8895310342350955,0
1,-1.5058295925462886,-0.8895310342350955,0
1,-1.4084292234934508,-0.8895310342350955,0
1,-1.311028854440613,-0.8895310342350955,0
1,-1.2136284853877752,-0.8895310342350955,0
1,-1.1162281163349372,-0.8895310342350955,0
1,-1.0188277472820995,-0.8895310342350955,0
1,-0.9214273782292617,-0.8895310342350955,0
1,-0.8240270091764237,-0.8895310342350955,0
1,-0.7266266401235859,-0.8895310342350955,0
1,-0.6292262710707481,-0.8895310342350955,0
1,-0.5318259020179104,-0.8895310342350955,0
1,-0.4344255329650726,-0.8895310342350955,0
1,-0.3370251639122346,-0.8895310342350955,0
1,-0.2396247948593968,-0.8895310342350955,0
1,-0.14222442580655903,-0.8895310342350955,0
1,-0.04482405675372103,-0.8895310342350955,0
1,0.05257631229911652,-0.8895310342350955,0
1,0.14997668135195452,-0.8895310342350955,0
1,0.24737705040479252,-0.8895310342350955,1
1,0.3447774194576301,-0.8895310342350955,1
1,0.4421777885104681,-0.8895310342350955,1
1,0.5395781575633061,-0.8895310342350955,1
1,0.6369785266161436,-0.8895310342350955,0
1,0.7343788956689816,-0.8895310342350955,0
1,0.8317792647218192,-0.8895310342350955,0
1,0.9291796337746572,-0.8895310342350955,0
1,1.0265800028274952,-0.8895310342350955,0
1,1.1239803718803327,-0.8895310342350955,0
1,1.2213807409331707,-0.8895310342350955,0
1,1.3187811099860083,-0.8895310342350955,0
1,1.4161814790388463,-0.8895310342350955,0
1,1.5135818480916843,-0.8895310342350955,0
1,1.6109822171445218,-0.8895310342350955,0
1,1.7083825861973598,-0.8895310342350955,0
1,1.8057829552501978,-0.8895310342350955,1
1,1.9031833243030354,-0.8895310342350955,1
1,2.000583693355873,-0.8895310342350955,1
1,2.0979840624087114,-0.8895310342350955,1
1,2.195384431461549,-0.8895310342350955,1
1,2.2927848005143865,-0.8895310342350955,1
1,2.390185169567225,-0.8895310342350955,1
1,2.4875855386200625,-0.8895310342350955,1
1,2.5849859076729,-0.8895310342350955,1
1,2.6823862767257385,-0.8895310342350955,1
1,2.779786645778576,-0.8895310342350955,1
1,2.8771870148314136,-0.8895310342350955,1
1,2.974587383884252,-0.8895310342350955,1
1,3.0719877529370896,-0.8895310342350955,1
1,3.169388121989927,-0.8895310342350955,1
1,3.2667884910427656,-0.8895310342350955,1
1,3.364188860095603,-0.8895310342350955,1
1,3.4615892291484407,-0.8895310342350955,1
1,3.5589895982012782,-0.8895310342350955,1
1,3.6563899672541167,-0.8895310342350955,1
1,3.7537903363069542,-0.8895310342350955,1
1,3.851190705359792,-0.8895310342350955,1
1,3.9485910744126302,-0.8895310342350955,1
1,4.045991443465468,-0.8895310342350955,1
1,4.143391812518305,-0.8895310342350955,1
1,4.240792181571144,-0.8895310342350955,1
1,4.338192550623981,-0.8895310342350955,1
1,4.435592919676819,-0.8895310342350955,1
1,4.532993288729657,-0.8895310342350955,1
1,-2.1876321759161534,-0.8118654962835343,0
1,-2.0902318068633154,-0.8118654962835343,0
1,-1.992831437810478,-0.8118654962835343,0
1,-1.89543106875764,-0.8118654962835343,0
1,-1.7980306997048021,-0.8118654962835343,0
1,-1.7006303306519643,-0.8118654962835343,0
1,-1.6032299615991263,-0.8118654962835343,0
1,-1.5058295925462886,-0.8118654962835343,0
1,-1.4084292234934508,-0.8118654962835343,0
1,-1.311028854440613,-0.8118654962835343,0
1,-1.2136284853877752,-0.8118654962835343,0
1,-1.1162281163349372,-0.8118654962835343,0
1,-1.0188277472820995,-0.8118654962835343,0
1,-0.9214273782292617,-0.8118654962835343,0
1,-0.8240270091764237,-0.8118654962835343,0
1,-0.7266266401235859,-0.8118654962835343,0
1,-0.6292262710707481,-0.8118654962835343,0
1,-0.5318259020179104,-0.8118654962835343,0
1,-0.4344255329650726,-0.8118654962835343,0
1,-0.3370251639122346,-0.8118654962835343,0
1,-0.2396247948593968,-0.8118654962835343,0
1,-0.14222442580655903,-0.8118654962835343,0
1,-0.04482405675372103,-0.8118654962835343,0
1,0.05257631229911652,-0.8118654962835343,0
1,0.14997668135195452,-0.8118654962835343,0
1,0.24737705040479252,-0.8118654962835343,1
1,0.3447774194576301,-0.8118654962835343,1
1,0.4421777885104681,-0.8118654962835343,1
1,0.5395781575633061,-0.8118654962835343,1
1,0.6369785266161436,-0.8118654962835343,0
1,0.7343788956689816,-0.8118654962835343,0
1,0.8317792647218192,-0.8118654962835343,0
1,0.9291796337746572,-0.8118654962835343,0
1,1.0265800028274952,-0.8118654962835343,0
1,1.1239803718803327,-0.8118654962835343,0
1,1.2213807409331707,-0.8118654962835343,0
1,1.3187811099860083,-0.8118654962835343,0
1,1.4161814790388463,-0.8118654962835343,0
1,1.5135818480916843,-0.8118654962835343,0
1,1.6109822171445218,-0.8118654962835343,0
1,1.7083825861973598,-0.8118654962835343,0
1,1.8057829552501978,-0.8118654962835343,1
1,1.9031833243030354,-0.8118654962835343,1
1,2.000583693355873,-0.8118654962835343,1
1,2.0979840624087114,-0.8118654962835343,1
1,2.195384431461549,-0.8118654962835343,1
1,2.2927848005143865,-0.8118654962835343,1
1,2.390185169567225,-0.8118654962835343,1
1,2.4875855386200625,-0.8118654962835343,1
1,2.5849859076729,-0.8118654962835343,1
1,2.6823862767257385,-0.8118654962835343,1
1,2.779786645778576,-0.8118654962835343,1
1,2.8771870148314136,-0.8118654962835343,1
1,2.974587383884252,-0.8118654962835343,1
1,3.0719877529370896,-0.8118654962835343,1
1,3.169388121989927,-0.8118654962835343,1
1,3.2667884910427656,-0.8118654962835343,1
1,3.364188860095603,-0.8118654962835343,1
1,3.4615892291484407,-0.8118654962835343,1
1,3.5589895982012782,-0.8118654962835343,1
1,3.6563899672541167,-0.8118654962835343,1
1,3.7537903363069542,-0.8118654962835343,1
1,3.851190705359792,-0.8118654962835343,1
1,3.9485910744126302,-0.8118654962835343,1
1,4.045991443465468,-0.8118654962835343,1
1,4.143391812518305,-0.8118654962835343,1
1,4.240792181571144,-0.8118654962835343,1
1,4.338192550623981,-0.8118654962835343,1
1,4.435592919676819,-0.8118654962835343,1
1,4.532993288729657,-0.8118654962835343,1
1,-2.1876321759161534,-0.7341999583319734,0
1,-2.0902318068633154,-0.7341999583319734,0
1,-1.992831437810478,-0.7341999583319734,0
1,-1.89543106875764,-0.7341999583319734,0
1,-1.7980306997048021,-0.7341999583319734,0
1,-1.7006303306519643,-0.7341999583319734,0
1,-1.6032299615991263,-0.7341999583319734,0
1,-1.5058295925462886,-0.7341999583319734,0
1,-1.4084292234934508,-0.7341999583319734,0
1,-1.311028854440613,-0.7341999583319734,0
1,-1.2136284853877752,-0.7341999583319734,0
1,-1.1162281163349372,-0.7341999583319734,0
1,-1.0188277472820995,-0.7341999583319734,0
1,-0.9214273782292617,-0.7341999583319734,0
1,-0.8240270091764237,-0.7341999583319734,0
1,-0.7266266401235859,-0.7341999583319734,0
1,-0.6292262710707481,-0.7341999583319734,0
1,-0.5318259020179104,-0.7341999583319734,0
1,-0.4344255329650726,-0.7341999583319734,0
1,-0.3370251639122346,-0.7341999583319734,0
1,-0.2396247948593968,-0.7341999583319734,0
1,-0.14222442580655903,-0.7341999583319734,0
1,-0.04482405675372103,-0.7341999583319734,0
1,0.05257631229911652,-0.7341999583319734,0
1,0.14997668135195452,-0.7341999583319734,1
1,0.24737705040479252,-0.7341999583319734,1
1,0.3447774194576301,-0.7341999583319734,1
1,0.4421777885104681,-0.7341999583319734,1
1,0.5395781575633061,-0.7341999583319734,0
1,0.6369785266161436,-0.7341999583319734,0
1,0.7343788956689816,-0.7341999583319734,0
1,0.8317792647218192,-0.7341999583319734,0
1,0.9291796337746572,-0.7341999583319734,0
1,1.0265800028274952,-0.7341999583319734,0
1,1.1239803718803327,-0.7341999583319734,0
1,1.2213807409331707,-0.7341999583319734,0
1,1.3187811099860083,-0.7341999583319734,0
1,1.4161814790388463,-0.7341999583319734,0
1,1.5135818480916843,-0.7341999583319734,0
1,1.6109822171445218,-0.7341999583319734,0
1,1.7083825861973598,-0.7341999583319734,1
1,1.8057829552501978,-0.7341999583319734,1
1,1.9031833243030354,-0.7341999583319734,1
1,2.000583693355873,-0.7341999583319734,1
1,2.0979840624087114,-0.7341999583319734,1
1,2.195384431461549,-0.7341999583319734,1
1,2.2927848005143865,-0.7341999583319734,1
1,2.390185169567225,-0.7341999583319734,1
1,2.4875855386200625,-0.7341999583319734,1
1,2.5849859076729,-0.7341999583319734,1
1,2.6823862767257385,-0.7341999583319734,1
1,2.779786645778576,-0.7341999583319734,1
1,2.8771870148314136,-0.7341999583319734,1
1,2.974587383884252,-0.7341999583319734,1
1,3.0719877529370896,-0.7341999583319734,1
1,3.169388121989927,-0.7341999583319734,1
1,3.2667884910427656,-0.7341999583319734,1
1,3.364188860095603,-0.7341999583319734,1
1,3.4615892291484407,-0.7341999583319734,1
1,3.5589895982012782,-0.7341999583319734,1
1,3.6563899672541167,-0.7341999583319734,1
1,3.7537903363069542,-0.7341999583319734,1
1,3.851190705359792,-0.7341999583319734,1
1,3.9485910744126302,-0.7341999583319734,1
1,4.045991443465468,-0.7341999583319734,1
1,4.143391812518305,-0.7341999583319734,1
1,4.240792181571144,-0.7341999583319734,1
1,4.338192550623981,-0.7341999583319734,1
1,4.435592919676819,-0.7341999583319734,1
1,4.532993288729657,-0.7341999583319734,1
1,-2.1876321759161534,-0.6565344203804122,0
1,-2.0902318068633154,-0.6565344203804122,0
1,-1.992831437810478,-0.6565344203804122,0
1,-1.89543106875764,-0.6565344203804122,0
1,-1.7980306997048021,-0.6565344203804122,0
1,-1.7006303306519643,-0.6565344203804122,0
1,-1.6032299615991263,-0.6565344203804122,0
1,-1.5058295925462886,-0.6565344203804122,0
1,-1.4084292234934508,-0.6565344203804122,0
1,-1.311028854440613,-0.6565344203804122,0
1,-1.2136284853877752,-0.6565344203804122,0
1,-1.1162281163349372,-0.6565344203804122,0
1,-1.0188277472820995,-0.6565344203804122,0
1,-0.9214273782292617,-0.6565344203804122,0
1,-0.8240270091764237,-0.6565344203804122,0
1,-0.7266266401235859,-0.6565344203804122,0
1,-0.6292262710707481,-0.6565344203804122,0
1,-0.5318259020179104,-0.6565344203804122,0
1,-0.4344255329650726,-0.6565344203804122,0
1,-0.3370251639122346,-0.6565344203804122,0
1,-0.2396247948593968,-0.6565344203804122,0
1,-0.14222442580655903,-0.6565344203804122,0
1,-0.04482405675372103,-0.6565344203804122,0
1,0.05257631229911652,-0.6565344203804122,0
1,0.14997668135195452,-0.6565344203804122,1
1,0.24737705040479252,-0.6565344203804122,1
1,0.3447774194576301,-0.6565344203804122,1
1,0.4421777885104681,-0.6565344203804122,0
1,0.5395781575633061,-0.6565344203804122,0
1,0.6369785266161436,-0.6565344203804122,0
1,0.7343788956689816,-0.6565344203804122,0
1,0.8317792647218192,-0.6565344203804122,0
1,0.9291796337746572,-0.6565344203804122,0
1,1.0265800028274952,-0.6565344203804122,0
1,1.1239803718803327,-0.6565344203804122,0
1,1.2213807409331707,-0.6565344203804122,0
1,1.3187811099860083,-0.6565344203804122,0
1,1.4161814790388463,-0.6565344203804122,0
1,1.5135818480916843,-0.6565344203804122,0
1,1.6109822171445218,-0.6565344203804122,1
1,1.7083825861973598,-0.6565344203804122,1
1,1.8057829552501978,-0.6565344203804122,1
1,1.9031833243030354,-0.6565344203804122,1
1,2.000583693355873,-0.6565344203804122,1
1,2.0979840624087114,-0.6565344203804122,1
1,2.195384431461549,-0.6565344203804122,1
1,2.2927848005143865,-0.6565344203804122,1
1,2.390185169567225,-0.6565344203804122,1
1,2.4875855386200625,-0.6565344203804122,1
1,2.5849859076729,-0.6565344203804122,1
1,2.6823862767257385,-0.6565344203804122,1
1,2.779786645778576,-0.6565344203804122,1
1,2.8771870148314136,-0.6565344203804122,1
1,2.974587383884252,-0.6565344203804122,1
1,3.0719877529370896,-0.6565344203804122,1
1,3.169388121989927,-0.6565344203804122,1
1,3.2667884910427656,-0.6565344203804122,1
1,3.364188860095603,-0.6565344203804122,1
1,3.4615892291484407,-0.6565344203804122,1
1,3.5589895982012782,-0.6565344203804122,1
1,3.6563899672541167,-0.6565344203804122,1
1,3.7537903363069542,-0.6565344203804122,1
1,3.851190705359792,-0.6565344203804122,1
1,3.9485910744126302,-0.6565344203804122,1
1,4.045991443465468,-0.6565344203804122,1
1,4.143391812518305,-0.6565344203804122,1
1,4.240792181571144,-0.6565344203804122,1
1,4.338192550623981,-0.6565344203804122,1
1,4.435592919676819,-0.6565344203804122,1
1,4.532993288729657,-0.6565344203804122,1
1,-2.1876321759161534,-0.5788688824288513,0
1,-2.0902318068633154,-0.5788688824288513,0
1,-1.992831437810478,-0.5788688824288513,0
1,-1.89543106875764,-0.5788688824288513,0
1,-1.7980306997048021,-0.5788688824288513,0
1,-1.7006303306519643,-0.5788688824288513,0
1,-1.6032299615991263,-0.5788688824288513,0
1,-1.5058295925462886,-0.5788688824288513,0
1,-1.4084292234934508,-0.5788688824288513,0
1,-1.311028854440613,-0.5788688824288513,0
1,-1.2136284853877752,-0.5788688824288513,0
1,-1.1162281163349372,-0.5788688824288513,0
1,-1.0188277472820995,-0.5788688824288513,0
1,-0.9214273782292617,-0.5788688824288513,0
1,-0.8240270091764237,-0.5788688824288513,0
1,-0.7266266401235859,-0.5788688824288513,0
1,-0.6292262710707481,-0.5788688824288513,0
1,-0.5318259020179104,-0.5788688824288513,0
1,-0.4344255329650726,-0.5788688824288513,0
1,-0.3370251639122346,-0.5788688824288513,0
1,-0.2396247948593968,-0.5788688824288513,0
1,-0.14222442580655903,-0.5788688824288513,0
1,-0.04482405675372103,-0.5788688824288513,0
1,0.05257631229911652,-0.5788688824288513,0
1,0.14997668135195452,-0.5788688824288513,0
1,0.24737705040479252,-0.5788688824288513,1
1,0.3447774194576301,-0.5788688824288513,0
1,0.4421777885104681,-0.5788688824288513,0
1,0.5395781575633061,-0.5788688824288513,0
1,0.6369785266161436,-0.5788688824288513,0
1,0.7343788956689816,-0.5788688824288513,0
1,0.8317792647218192,-0.5788688824288513,0
1,0.9291796337746572,-0.5788688824288513,0
1,1.0265800028274952,-0.5788688824288513,0
1,1.1239803718803327,-0.5788688824288513,0
1,1.2213807409331707,-0.5788688824288513,0
1,1.3187811099860083,-0.5788688824288513,0
1,1.4161814790388463,-0.5788688824288513,0
1,1.5135818480916843,-0.5788688824288513,1
1,1.6109822171445218,-0.5788688824288513,1
1,1.7083825861973598,-0.5788688824288513,1
1,1.8057829552501978,-0.5788688824288513,1
1,1.9031833243030354,-0.5788688824288513,1
1,2.000583693355873,-0.5788688824288513,1
1,2.0979840624087114,-0.5788688824288513,1
1,2.195384431461549,-0.5788688824288513,1
1,2.2927848005143865,-0.5788688824288513,1
1,2.390185169567225,-0.5788688824288513,1
1,2.4875855386200625,-0.5788688824288513,1
1,2.5849859076729,-0.5788688824288513,1
1,2.6823862767257385,-0.5788688824288513,1
1,2.779786645778576,-0.5788688824288513,1
1,2.8771870148314136,-0.5788688824288513,1
1,2.974587383884252,-0.5788688824288513,1
1,3.0719877529370896,-0.5788688824288513,1
1,3.169388121989927,-0.5788688824288513,1
1,3.2667884910427656,-0.5788688824288513,1
1,3.364188860095603,-0.5788688824288513,1
1,3.4615892291484407,-0.5788688824288513,1
1,3.5589895982012782,-0.5788688824288513,1
1,3.6563899672541167,-0.5788688824288513,1
1,3.7537903363069542,-0.5788688824288513,1
1,3.851190705359792,-0.5788688824288513,1
1,3.9485910744126302,-0.5788688824288513,1
1,4.045991443465468,-0.5788688824288513,1
1,4.143391812518305,-0.5788688824288513,1
1,4.240792181571144,-0.5788688824288513,1
1,4.338192550623981,-0.5788688824288513,1
1,4.435592919676819,-0.5788688824288513,1
1,4.532993288729657,-0.5788688824288513,1
1,-2.1876321759161534,-0.5012033444772901,0
1,-2.0902318068633154,-0.5012033444772901,0
1,-1.992831437810478,-0.5012033444772901,0
1,-1.89543106875764,-0.5012033444772901,0
1,-1.7980306997048021,-0.5012033444772901,0
1,-1.7006303306519643,-0.5012033444772901,0
1,-1.6032299615991263,-0.5012033444772901,0
1,-1.5058295925462886,-0.5012033444772901,0
1,-1.4084292234934508,-0.5012033444772901,0
1,-1.311028854440613,-0.5012033444772901,0
1,-1.2136284853877752,-0.5012033444772901,0
1,-1.1162281163349372,-0.5012033444772901,0
1,-1.0188277472820995,-0.5012033444772901,0
1,-0.9214273782292617,-0.5012033444772901,0
1,-0.8240270091764237,-0.5012033444772901,0
1,-0.7266266401235859,-0.5012033444772901,0
1,-0.6292262710707481,-0.5012033444772901,0
1,-0.5318259020179104,-0.5012033444772901,0
1,-0.4344255329650726,-0.5012033444772901,0
1,-0.3370251639122346,-0.5012033444772901,0
1,-0.2396247948593968,-0.5012033444772901,0
1,-0.14222442580655903,-0.5012033444772901,0
1,-0.04482405675372103,-0.5012033444772901,0
1,0.05257631229911652,-0.5012033444772901,0
1,0.14997668135195452,-0.5012033444772901,0
1,0.24737705040479252,-0.5012033444772901,1
1,0.3447774194576301,-0.5012033444772901,1
1,0.4421777885104681,-0.5012033444772901,0
1,0.5395781575633061,-0.5012033444772901,1
1,0.6369785266161436,-0.5012033444772901,0
1,0.7343788956689816,-0.5012033444772901,0
1,0.8317792647218192,-0.5012033444772901,0
1,0.9291796337746572,-0.5012033444772901,0
1,1.0265800028274952,-0.5012033444772901,0
1,1.1239803718803327,-0.5012033444772901,0
1,1.2213807409331707,-0.5012033444772901,0
1,1.3187811099860083,-0.5012033444772901,0
1,1.4161814790388463,-0.5012033444772901,1
1,1.5135818480916843,-0.5012033444772901,1
1,1.6109822171445218,-0.5012033444772901,1
1,1.7083825861973598,-0.5012033444772901,1
1,1.8057829552501978,-0.5012033444772901,1
1,1.9031833243030354,-0.5012033444772901,1
1,2.000583693355873,-0.5012033444772901,1
1,2.0979840624087114,-0.5012033444772901,1
1,2.195384431461549,-0.5012033444772901,1
1,2.2927848005143865,-0.5012033444772901,1
1,2.390185169567225,-0.5012033444772901,1
1,2.4875855386200625,-0.5012033444772901,1
1,2.5849859076729,-0.5012033444772901,1
1,2.6823862767257385,-0.5012033444772901,1
1,2.779786645778576,-0.5012033444772901,1
1,2.8771870148314136,-0.5012033444772901,1
1,2.974587383884252,-0.5012033444772901,1
1,3.0719877529370896,-0.5012033444772901,1
1,3.169388121989927,-0.5012033444772901,1
1,3.2667884910427656,-0.5012033444772901,1
1,3.364188860095603,-0.5012033444772901,1
1,3.4615892291484407,-0.5012033444772901,1
1,3.5589895982012782,-0.5012033444772901,1
1,3.6563899672541167,-0.5012033444772901,1
1,3.7537903363069542,-0.5012033444772901,1
1,3.851190705359792,-0.5012033444772901,1
1,3.9485910744126302,-0.5012033444772901,1
1,4.045991443465468,-0.5012033444772901,1
1,4.143391812518305,-0.5012033444772901,1
1,4.240792181571144,-0.5012033444772901,1
1,4.338192550623981,-0.5012033444772901,1
1,4.435592919676819,-0.5012033444772901,1
1,4.532993288729657,-0.5012033444772901,1
1,-2.1876321759161534,-0.42353780652572914,0
1,-2.0902318068633154,-0.42353780652572914,0
1,-1.992831437810478,-0.42353780652572914,0
1,-1.89543106875764,-0.42353780652572914,0
1,-1.7980306997048021,-0.42353780652572914,0
1,-1.7006303306519643,-0.42353780652572914,0
1,-1.6032299615991263,-0.42353780652572914,0
1,-1.5058295925462886,-0.42353780652572914,0
1,-1.4084292234934508,-0.42353780652572914,0
1,-1.311028854440613,-0.42353780652572914,0
1,-1.2136284853877752,-0.42353780652572914,0
1,-1.1162281163349372,-0.42353780652572914,0
1,-1.0188277472820995,-0.42353780652572914,0
1,-0.9214273782292617,-0.42353780652572914,0
1,-0.8240270091764237,-0.42353780652572914,0
1,-0.7266266401235859,-0.42353780652572914,0
1,-0.6292262710707481,-0.42353780652572914,0
1,-0.5318259020179104,-0.42353780652572914,0
1,-0.4344255329650726,-0.42353780652572914,0
1,-0.3370251639122346,-0.42353780652572914,0
1,-0.2396247948593968,-0.42353780652572914,0
1,-0.14222442580655903,-0.42353780652572914,0
1,-0.04482405675372103,-0.42353780652572914,0
1,0.05257631229911652,-0.42353780652572914,0
1,0.14997668135195452,-0.42353780652572914,0
1,0.24737705040479252,-0.42353780652572914,1
1,0.3447774194576301,-0.42353780652572914,1
1,0.4421777885104681,-0.42353780652572914,0
1,0.5395781575633061,-0.42353780652572914,1
1,0.6369785266161436,-0.42353780652572914,1
1,0.7343788956689816,-0.42353780652572914,0
1,0.8317792647218192,-0.42353780652572914,0
1,0.9291796337746572,-0.42353780652572914,0
1,1.0265800028274952,-0.42353780652572914,0
1,1.1239803718803327,-0.42353780652572914,0
1,1.2213807409331707,-0.42353780652572914,0
1,1.3187811099860083,-0.42353780652572914,1
1,1.4161814790388463,-0.42353780652572914,1
1,1.5135818480916843,-0.42353780652572914,1
1,1.6109822171445218,-0.42353780652572914,1
1,1.7083825861973598,-0.42353780652572914,1
1,1.8057829552501978,-0.42353780652572914,1
1,1.9031833243030354,-0.42353780652572914,1
1,2.000583693355873,-0.42353780652572914,1
1,2.0979840624087114,-0.42353780652572914,1
1,2.195384431461549,-0.42353780652572914,1
1,2.2927848005143865,-0.42353780652572914,1
1,2.390185169567225,-0.42353780652572914,1
1,2.4875855386200625,-0.42353780652572914,1
1,2.5849859076729,-0.42353780652572914,1
1,2.6823862767257385,-0.42353780652572914,1
1,2.779786645778576,-0.42353780652572914,1
1,2.8771870148314136,-0.42353780652572914,1
1,2.974587383884252,-0.42353780652572914,1
1,3.0719877529370896,-0.42353780652572914,1
1,3.169388121989927,-0.42353780652572914,1
1,3.2667884910427656,-0.42353780652572914,1
1,3.364188860095603,-0.42353780652572914,1
1,3.4615892291484407,-0.42353780652572914,1
1,3.5589895982012782,-0.42353780652572914,1
1,3.6563899672541167,-0.42353780652572914,1
1,3.7537903363069542,-0.42353780652572914,1
1,3.851190705359792,-0.42353780652572914,1
1,3.9485910744126302,-0.42353780652572914,1
1,4.045991443465468,-0.42353780652572914,1
1,4.143391812518305,-0.42353780652572914,1
1,4.240792181571144,-0.42353780652572914,1
1,4.338192550623981,-0.42353780652572914,1
1,4.435592919676819,-0.42353780652572914,1
1,4.532993288729657,-0.42353780652572914,1
1,-2.1876321759161534,-0.3458722685741682,0
1,-2.0902318068633154,-0.3458722685741682,0
1,-1.992831437810478,-0.3458722685741682,0
1,-1.89543106875764,-0.3458722685741682,0
1,-1.7980306997048021,-0.3458722685741682,0
1,-1.7006303306519643,-0.3458722685741682,0
1,-1.6032299615991263,-0.3458722685741682,0
1,-1.5058295925462886,-0.3458722685741682,0
1,-1.4084292234934508,-0.3458722685741682,0
1,-1.311028854440613,-0.3458722685741682,0
1,-1.2136284853877752,-0.3458722685741682,0
1,-1.1162281163349372,-0.3458722685741682,0
1,-1.0188277472820995,-0.3458722685741682,0
1,-0.9214273782292617,-0.3458722685741682,0
1,-0.8240270091764237,-0.3458722685741682,0
1,-0.7266266401235859,-0.3458722685741682,0
1,-0.6292262710707481,-0.3458722685741682,0
1,-0.5318259020179104,-0.3458722685741682,0
1,-0.4344255329650726,-0.3458722685741682,0
1,-0.3370251639122346,-0.3458722685741682,1
1,-0.2396247948593968,-0.3458722685741682,0
1,-0.14222442580655903,-0.3458722685741682,0
1,-0.04482405675372103,-0.3458722685741682,0
1,0.05257631229911652,-0.3458722685741682,0
1,0.14997668135195452,-0.3458722685741682,0
1,0.24737705040479252,-0.3458722685741682,1
1,0.3447774194576301,-0.3458722685741682,0
1,0.4421777885104681,-0.3458722685741682,0
1,0.5395781575633061,-0.3458722685741682,1
1,0.6369785266161436,-0.3458722685741682,1
1,0.7343788956689816,-0.3458722685741682,1
1,0.8317792647218192,-0.3458722685741682,1
1,0.9291796337746572,-0.3458722685741682,1
1,1.0265800028274952,-0.3458722685741682,1
1,1.1239803718803327,-0.3458722685741682,1
1,1.2213807409331707,-0.3458722685741682,1
1,1.3187811099860083,-0.3458722685741682,1
1,1.4161814790388463,-0.3458722685741682,1
1,1.5135818480916843,-0.3458722685741682,1
1,1.6109822171445218,-0.3458722685741682,1
1,1.7083825861973598,-0.3458722685741682,1
1,1.8057829552501978,-0.3458722685741682,1
1,1.9031833243030354,-0.3458722685741682,1
1,2.000583693355873,-0.3458722685741682,1
1,2.0979840624087114,-0.3458722685741682,1
1,2.195384431461549,-0.3458722685741682,1
1,2.2927848005143865,-0.3458722685741682,1
1,2.390185169567225,-0.3458722685741682,1
1,2.4875855386200625,-0.3458722685741682,1
1,2.5849859076729,-0.3458722685741682,1
1,2.6823862767257385,-0.3458722685741682,1
1,2.779786645778576,-0.3458722685741682,1
1,2.8771870148314136,-0.3458722685741682,1
1,2.974587383884252,-0.3458722685741682,1
1,3.0719877529370896,-0.3458722685741682,1
1,3.169388121989927,-0.3458722685741682,1
1,3.2667884910427656,-0.3458722685741682,1
1,3.364188860095603,-0.3458722685741682,1
1,3.4615892291484407,-0.3458722685741682,1
1,3.5589895982012782,-0.3458722685741682,1
1,3.6563899672541167,-0.3458722685741682,1
1,3.7537903363069542,-0.3458722685741682,1
1,3.851190705359792,-0.3458722685741682,1
1,3.9485910744126302,-0.3458722685741682,1
1,4.045991443465468,-0.3458722685741682,1
1,4.143391812518305,-0.3458722685741682,1
1,4.240792181571144,-0.3458722685741682,1
1,4.338192550623981,-0.3458722685741682,1
1,4.435592919676819,-0.3458722685741682,1
1,4.532993288729657,-0.3458722685741682,1
1,-2.1876321759161534,-0.268206730622607,0
1,-2.0902318068633154,-0.268206730622607,0
1,-1.992831437810478,-0.268206730622607,0
1,-1.89543106875764,-0.268206730622607,0
1,-1.7980306997048021,-0.268206730622607,0
1,-1.7006303306519643,-0.268206730622607,0
1,-1.6032299615991263,-0.268206730622607,0
1,-1.5058295925462886,-0.268206730622607,0
1,-1.4084292234934508,-0.268206730622607,0
1,-1.311028854440613,-0.268206730622607,0
1,-1.2136284853877752,-0.268206730622607,0
1,-1.1162281163349372,-0.268206730622607,0
1,-1.0188277472820995,-0.268206730622607,0
1,-0.9214273782292617,-0.268206730622607,0
1,-0.8240270091764237,-0.268206730622607,0
1,-0.7266266401235859,-0.268206730622607,0
1,-0.6292262710707481,-0.268206730622607,0
1,-0.5318259020179104,-0.268206730622607,0
1,-0.4344255329650726,-0.268206730622607,0
1,-0.3370251639122346,-0.268206730622607,0
1,-0.2396247948593968,-0.268206730622607,0
1,-0.14222442580655903,-0.268206730622607,0
1,-0.04482405675372103,-0.268206730622607,0
1,0.05257631229911652,-0.268206730622607,0
1,0.14997668135195452,-0.268206730622607,0
1,0.24737705040479252,-0.268206730622607,0
1,0.3447774194576301,-0.268206730622607,0
1,0.4421777885104681,-0.268206730622607,0
1,0.5395781575633061,-0.268206730622607,1
1,0.6369785266161436,-0.268206730622607,1
1,0.7343788956689816,-0.268206730622607,1
1,0.8317792647218192,-0.268206730622607,1
1,0.9291796337746572,-0.268206730622607,1
1,1.0265800028274952,-0.268206730622607,1
1,1.1239803718803327,-0.268206730622607,1
1,1.2213807409331707,-0.268206730622607,1
1,1.3187811099860083,-0.268206730622607,1
1,1.4161814790388463,-0.268206730622607,1
1,1.5135818480916843,-0.268206730622607,1
1,1.6109822171445218,-0.268206730622607,1
1,1.7083825861973598,-0.268206730622607,1
1,1.8057829552501978,-0.268206730622607,1
1,1.9031833243030354,-0.268206730622607,1
1,2.000583693355873,-0.268206730622607,1
1,2.0979840624087114,-0.268206730622607,1
1,2.195384431461549,-0.268206730622607,1
1,2.2927848005143865,-0.268206730622607,1
1,2.390185169567225,-0.268206730622607,1
1,2.4875855386200625,-0.268206730622607,1
1,2.5849859076729,-0.268206730622607,1
1,2.6823862767257385,-0.268206730622607,1
1,2.779786645778576,-0.268206730622607,1
1,2.8771870148314136,-0.268206730622607,1
1,2.974587383884252,-0.268206730622607,1
1,3.0719877529370896,-0.268206730622607,1
1,3.169388121989927,-0.268206730622607,1
1,3.2667884910427656,-0.268206730622607,1
1,3.364188860095603,-0.268206730622607,1
1,3.4615892291484407,-0.268206730622607,1
1,3.5589895982012782,-0.268206730622607,1
1,3.6563899672541167,-0.268206730622607,1
1,3.7537903363069542,-0.268206730622607,1
1,3.851190705359792,-0.268206730622607,1
1,3.9485910744126302,-0.268206730622607,1
1,4.045991443465468,-0.268206730622607,1
1,4.143391812518305,-0.268206730622607,1
1,4.240792181571144,-0.268206730622607,1
1,4.338192550623981,-0.268206730622607,1
1,4.435592919676819,-0.268206730622607,1
1,4.532993288729657,-0.268206730622607,1
1,-2.1876321759161534,-0.19054119267104586,0
1,-2.0902318068633154,-0.19054119267104586,0
1,-1.992831437810478,-0.19054119267104586,0
1,-1.89543106875764,-0.19054119267104586,0
1,-1.7980306997048021,-0.19054119267104586,0
1,-1.7006303306519643,-0.19054119267104586,0
1,-1.6032299615991263,-0.19054119267104586,0
1,-1.5058295925462886,-0.19054119267104586,0
1,-1.4084292234934508,-0.19054119267104586,0
1,-1.311028854440613,-0.19054119267104586,0
1,-1.2136284853877752,-0.19054119267104586,0
1,-1.1162281163349372,-0.19054119267104586,0
1,-1.0188277472820995,-0.19054119267104586,0
1,-0.9214273782292617,-0.19054119267104586,0
1,-0.8240270091764237,-0.19054119267104586,0
1,-0.7266266401235859,-0.19054119267104586,0
1,-0.6292262710707481,-0.19054119267104586,0
1,-0.5318259020179104,-0.19054119267104586,0
1,-0.4344255329650726,-0.19054119267104586,0
1,-0.3370251639122346,-0.19054119267104586,0
1,-0.2396247948593968,-0.19054119267104586,0
1,-0.14222442580655903,-0.19054119267104586,0
1,-0.04482405675372103,-0.19054119267104586,0
1,0.05257631229911652,-0.19054119267104586,0
1,0.14997668135195452,-0.19054119267104586,0
1,0.24737705040479252,-0.19054119267104586,0
1,0.3447774194576301,-0.19054119267104586,1
1,0.4421777885104681,-0.19054119267104586,1
1,0.5395781575633061,-0.19054119267104586,1
1,0.6369785266161436,-0.19054119267104586,1
1,0.7343788956689816,-0.19054119267104586,1
1,0.8317792647218192,-0.19054119267104586,1
1,0.9291796337746572,-0.19054119267104586,1
1,1.0265800028274952,-0.19054119267104586,1
1,1.1239803718803327,-0.19054119267104586,1
1,1.2213807409331707,-0.19054119267104586,1
1,1.3187811099860083,-0.19054119267104586,1
1,1.4161814790388463,-0.19054119267104586,1
1,1.5135818480916843,-0.19054119267104586,1
1,1.6109822171445218,-0.19054119267104586,1
1,1.7083825861973598,-0.19054119267104586,1
1,1.8057829552501978,-0.19054119267104586,1
1,1.9031833243030354,-0.19054119267104586,1
1,2.000583693355873,-0.19054119267104586,1
1,2.0979840624087114,-0.19054119267104586,1
1,2.195384431461549,-0.19054119267104586,1
1,2.2927848005143865,-0.19054119267104586,1
1,2.390185169567225,-0.19054119267104586,1
1,2.4875855386200625,-0.19054119267104586,1
1,2.5849859076729,-0.19054119267104586,1
1,2.6823862767257385,-0.19054119267104586,1
1,2.779786645778576,-0.19054119267104586,1
1,2.8771870148314136,-0.19054119267104586,1
1,2.974587383884252,-0.19054119267104586,1
1,3.0719877529370896,-0.19054119267104586,1
1,3.169388121989927,-0.19054119267104586,1
1,3.2667884910427656,-0.19054119267104586,1
1,3.364188860095603,-0.19054119267104586,1
1,3.4615892291484407,-0.19054119267104586,1
1,3.5589895982012782,-0.19054119267104586,1
1,3.6563899672541167,-0.19054119267104586,1
1,3.7537903363069542,-0.19054119267104586,1
1,3.851190705359792,-0.19054119267104586,1
1,3.9485910744126302,-0.19054119267104586,1
1,4.045991443465468,-0.19054119267104586,1
1,4.143391812518305,-0.19054119267104586,1
1,4.240792181571144,-0.19054119267104586,1
1,4.338192550623981,-0.19054119267104586,1
1,4.435592919676819,-0.19054119267104586,1
1,4.532993288729657,-0.19054119267104586,1
1,-2.1876321759161534,-0.11287565471948513,0
1,-2.0902318068633154,-0.11287565471948513,0
1,-1.992831437810478,-0.11287565471948513,0
1,-1.89543106875764,-0.11287565471948513,0
1,-1.7980306997048021,-0.11287565471948513,0
1,-1.7006303306519643,-0.11287565471948513,0
1,-1.6032299615991263,-0.11287565471948513,0
1,-1.5058295925462886,-0.11287565471948513,0
1,-1.4084292234934508,-0.11287565471948513,0
1,-1.311028854440613,-0.11287565471948513,0
1,-1.2136284853877752,-0.11287565471948513,0
1,-1.1162281163349372,-0.11287565471948513,0
1,-1.0188277472820995,-0.11287565471948513,0
1,-0.9214273782292617,-0.11287565471948513,0
1,-0.8240270091764237,-0.11287565471948513,0
1,-0.7266266401235859,-0.11287565471948513,0
1,-0.6292262710707481,-0.11287565471948513,0
1,-0.5318259020179104,-0.11287565471948513,0
1,-0.4344255329650726,-0.11287565471948513,0
1,-0.3370251639122346,-0.11287565471948513,0
1,-0.2396247948593968,-0.11287565471948513,0
1,-0.14222442580655903,-0.11287565471948513,0
1,-0.04482405675372103,-0.11287565471948513,0
1,0.05257631229911652,-0.11287565471948513,0
1,0.14997668135195452,-0.11287565471948513,0
1,0.24737705040479252,-0.11287565471948513,1
1,0.3447774194576301,-0.11287565471948513,1
1,0.4421777885104681,-0.11287565471948513,1
1,0.5395781575633061,-0.11287565471948513,1
1,0.6369785266161436,-0.11287565471948513,1
1,0.7343788956689816,-0.11287565471948513,1
1,0.8317792647218192,-0.11287565471948513,1
1,0.9291796337746572,-0.11287565471948513,1
1,1.0265800028274952,-0.11287565471948513,1
1,1.1239803718803327,-0.11287565471948513,1
1,1.2213807409331707,-0.11287565471948513,1
1,1.3187811099860083,-0.11287565471948513,1
1,1.4161814790388463,-0.11287565471948513,1
1,1.5135818480916843,-0.11287565471948513,1
1,1.6109822171445218,-0.11287565471948513,1
1,1.7083825861973598,-0.11287565471948513,1
1,1.8057829552501978,-0.11287565471948513,1
1,1.9031833243030354,-0.11287565471948513,1
1,2.000583693355873,-0.11287565471948513,1
1,2.0979840624087114,-0.11287565471948513,1
1,2.195384431461549,-0.11287565471948513,1
1,2.2927848005143865,-0.11287565471948513,1
1,2.390185169567225,-0.11287565471948513,1
1,2.4875855386200625,-0.11287565471948513,1
1,2.5849859076729,-0.11287565471948513,1
1,2.6823862767257385,-0.11287565471948513,1
1,2.779786645778576,-0.11287565471948513,1
1,2.8771870148314136,-0.11287565471948513,1
1,2.974587383884252,-0.11287565471948513,1
1,3.0719877529370896,-0.11287565471948513,1
1,3.169388121989927,-0.11287565471948513,1
1,3.2667884910427656,-0.11287565471948513,1
1,3.364188860095603,-0.11287565471948513,1
1,3.4615892291484407,-0.11287565471948513,1
1,3.5589895982012782,-0.11287565471948513,1
1,3.6563899672541167,-0.11287565471948513,1
1,3.7537903363069542,-0.11287565471948513,1
1,3.851190705359792,-0.11287565471948513,1
1,3.9485910744126302,-0.11287565471948513,1
1,4.045991443465468,-0.11287565471948513,1
1,4.143391812518305,-0.11287565471948513,1
1,4.240792181571144,-0.11287565471948513,1
1,4.338192550623981,-0.11287565471948513,1
1,4.435592919676819,-0.11287565471948513,1
1,4.532993288729657,-0.11287565471948513,1
1,-2.1876321759161534,-0.03521011676792396,0
1,-2.0902318068633154,-0.03521011676792396,0
1,-1.992831437810478,-0.03521011676792396,0
1,-1.89543106875764,-0.03521011676792396,0
1,-1.7980306997048021,-0.03521011676792396,0
1,-1.7006303306519643,-0.03521011676792396,0
1,-1.6032299615991263,-0.03521011676792396,0
1,-1.5058295925462886,-0.03521011676792396,0
1,-1.4084292234934508,-0.03521011676792396,0
1,-1.311028854440613,-0.03521011676792396,0
1,-1.2136284853877752,-0.03521011676792396,0
1,-1.1162281163349372,-0.03521011676792396,0
1,-1.0188277472820995,-0.03521011676792396,0
1,-0.9214273782292617,-0.03521011676792396,0
1,-0.8240270091764237,-0.03521011676792396,0
1,-0.7266266401235859,-0.03521011676792396,0
1,-0.6292262710707481,-0.03521011676792396,0
1,-0.5318259020179104,-0.03521011676792396,0
1,-0.4344255329650726,-0.03521011676792396,0
1,-0.3370251639122346,-0.03521011676792396,0
1,-0.2396247948593968,-0.03521011676792396,0
1,-0.14222442580655903,-0.03521011676792396,0
1,-0.04482405675372103,-0.03521011676792396,0
1,0.05257631229911652,-0.03521011676792396,0
1,0.14997668135195452,-0.03521011676792396,1
1,0.24737705040479252,-0.03521011676792396,1
1,0.3447774194576301,-0.03521011676792396,1
1,0.4421777885104681,-0.03521011676792396,1
1,0.5395781575633061,-0.03521011676792396,1
1,0.6369785266161436,-0.03521011676792396,1
1,0.7343788956689816,-0.03521011676792396,1
1,0.8317792647218192,-0.03521011676792396,1
1,0.9291796337746572,-0.03521011676792396,1
1,1.0265800028274952,-0.03521011676792396,1
1,1.1239803718803327,-0.03521011676792396,1
1,1.2213807409331707,-0.03521011676792396,1
1,1.3187811099860083,-0.03521011676792396,1
1,1.4161814790388463,-0.03521011676792396,1
1,1.5135818480916843,-0.03521011676792396,1
1,1.6109822171445218,-0.03521011676792396,1
1,1.7083825861973598,-0.03521011676792396,1
1,1.8057829552501978,-0.03521011676792396,1
1,1.9031833243030354,-0.03521011676792396,1
1,2.000583693355873,-0.03521011676792396,1
1,2.0979840624087114,-0.03521011676792396,1
1,2.195384431461549,-0.03521011676792396,1
1,2.2927848005143865,-0.03521011676792396,1
1,2.390185169567225,-0.03521011676792396,1
1,2.4875855386200625,-0.03521011676792396,1
1,2.5849859076729,-0.03521011676792396,1
1,2.6823862767257385,-0.03521011676792396,1
1,2.779786645778576,-0.03521011676792396,1
1,2.8771870148314136,-0.03521011676792396,1
1,2.974587383884252,-0.03521011676792396,1
1,3.0719877529370896,-0.03521011676792396,1
1,3.169388121989927,-0.03521011676792396,1
1,3.2667884910427656,-0.03521011676792396,1
1,3.364188860095603,-0.03521011676792396,1
1,3.4615892291484407,-0.03521011676792396,1
1,3.5589895982012782,-0.03521011676792396,1
1,3.6563899672541167,-0.03521011676792396,1
1,3.7537903363069542,-0.03521011676792396,1
1,3.851190705359792,-0.03521011676792396,1
1,3.9485910744126302,-0.03521011676792396,1
1,4.045991443465468,-0.03521011676792396,1
1,4.143391812518305,-0.03521011676792396,1
1,4.240792181571144,-0.03521011676792396,1
1,4.338192550623981,-0.03521011676792396,1
1,4.435592919676819,-0.03521011676792396,1
1,4.532993288729657,-0.03521011676792396,1
1,-2.1876321759161534,0.04245542118363721,0
1,-2.0902318068633154,0.04245542118363721,0
1,-1.992831437810478,0.04245542118363721,0
1,-1.89543106875764,0.04245542118363721,0
1,-1.7980306997048021,0.04245542118363721,0
1,-1.7006303306519643,0.04245542118363721,0
1,-1.6032299615991263,0.04245542118363721,0
1,-1.5058295925462886,0.04245542118363721,0
1,-1.4084292234934508,0.04245542118363721,0
1,-1.311028854440613,0.04245542118363721,0
1,-1.2136284853877752,0.04245542118363721,0
1,-1.1162281163349372,0.04245542118363721,0
1,-1.0188277472820995,0.04245542118363721,0
1,-0.9214273782292617,0.04245542118363721,0
1,-0.8240270091764237,0.04245542118363721,0
1,-0.7266266401235859,0.04245542118363721,0
1,-0.6292262710707481,0.04245542118363721,0
1,-0.5318259020179104,0.04245542118363721,0
1,-0.4344255329650726,0.04245542118363721,0
1,-0.3370251639122346,0.04245542118363721,0
1,-0.2396247948593968,0.04245542118363721,0
1,-0.14222442580655903,0.04245542118363721,0
1,-0.04482405675372103,0.04245542118363721,0
1,0.05257631229911652,0.04245542118363721,0
1,0.14997668135195452,0.04245542118363721,1
1,0.24737705040479252,0.04245542118363721,1
1,0.3447774194576301,0.04245542118363721,1
1,0.4421777885104681,0.04245542118363721,1
1,0.5395781575633061,0.04245542118363721,1
1,0.6369785266161436,0.04245542118363721,1
1,0.7343788956689816,0.04245542118363721,1
1,0.8317792647218192,0.04245542118363721,1
1,0.9291796337746572,0.04245542118363721,1
1,1.0265800028274952,0.04245542118363721,1
1,1.1239803718803327,0.04245542118363721,1
1,1.2213807409331707,0.04245542118363721,1
1,1.3187811099860083,0.04245542118363721,1
1,1.4161814790388463,0.04245542118363721,1
1,1.5135818480916843,0.04245542118363721,1
1,1.6109822171445218,0.04245542118363721,1
1,1.7083825861973598,0.04245542118363721,1
1,1.8057829552501978,0.04245542118363721,1
1,1.9031833243030354,0.04245542118363721,1
1,2.000583693355873,0.04245542118363721,1
1,2.0979840624087114,0.04245542118363721,1
1,2.195384431461549,0.04245542118363721,1
1,2.2927848005143865,0.04245542118363721,1
1,2.390185169567225,0.04245542118363721,1
1,2.4875855386200625,0.04245542118363721,1
1,2.5849859076729,0.04245542118363721,1
1,2.6823862767257385,0.04245542118363721,1
1,2.779786645778576,0.04245542118363721,1
1,2.8771870148314136,0.04245542118363721,1
1,2.974587383884252,0.04245542118363721,1
1,3.0719877529370896,0.04245542118363721,1
1,3.169388121989927,0.04245542118363721,1
1,3.2667884910427656,0.04245542118363721,1
1,3.364188860095603,0.04245542118363721,1
1,3.4615892291484407,0.04245542118363721,1
1,3.5589895982012782,0.04245542118363721,1
1,3.6563899672541167,0.04245542118363721,1
1,3.7537903363069542,0.04245542118363721,1
1,3.851190705359792,0.04245542118363721,1
1,3.9485910744126302,0.04245542118363721,1
1,4.045991443465468,0.04245542118363721,1
1,4.143391812518305,0.04245542118363721,1
1,4.240792181571144,0.04245542118363721,1
1,4.338192550623981,0.04245542118363721,1
1,4.435592919676819,0.04245542118363721,1
1,4.532993288729657,0.04245542118363721,1
1,-2.1876321759161534,0.12012095913519838,0
1,-2.0902318068633154,0.12012095913519838,0
1,-1.992831437810478,0.12012095913519838,0
1,-1.89543106875764,0.12012095913519838,0
1,-1.7980306997048021,0.12012095913519838,0
1,-1.7006303306519643,0.12012095913519838,0
1,-1.6032299615991263,0.12012095913519838,0
1,-1.5058295925462886,0.12012095913519838,0
1,-1.4084292234934508,0.12012095913519838,0
1,-1.311028854440613,0.12012095913519838,0
1,-1.2136284853877752,0.12012095913519838,0
1,-1.1162281163349372,0.12012095913519838,0
1,-1.0188277472820995,0.12012095913519838,0
1,-0.9214273782292617,0.12012095913519838,0
1,-0.8240270091764237,0.12012095913519838,0
1,-0.7266266401235859,0.12012095913519838,0
1,-0.6292262710707481,0.12012095913519838,0
1,-0.5318259020179104,0.12012095913519838,0
1,-0.4344255329650726,0.12012095913519838,0
1,-0.3370251639122346,0.12012095913519838,0
1,-0.2396247948593968,0.12012095913519838,0
1,-0.14222442580655903,0.12012095913519838,0
1,-0.04482405675372103,0.12012095913519838,0
1,0.05257631229911652,0.12012095913519838,0
1,0.14997668135195452,0.12012095913519838,1
1,0.24737705040479252,0.12012095913519838,0
1,0.3447774194576301,0.12012095913519838,1
1,0.4421777885104681,0.12012095913519838,1
1,0.5395781575633061,0.12012095913519838,1
1,0.6369785266161436,0.12012095913519838,1
1,0.7343788956689816,0.12012095913519838,1
1,0.8317792647218192,0.12012095913519838,1
1,0.9291796337746572,0.12012095913519838,1
1,1.0265800028274952,0.12012095913519838,1
1,1.1239803718803327,0.12012095913519838,1
1,1.2213807409331707,0.12012095913519838,1
1,1.3187811099860083,0.12012095913519838,1
1,1.4161814790388463,0.12012095913519838,1
1,1.5135818480916843,0.12012095913519838,1
1,1.6109822171445218,0.12012095913519838,1
1,1.7083825861973598,0.12012095913519838,1
1,1.8057829552501978,0.12012095913519838,1
1,1.9031833243030354,0.12012095913519838,1
1,2.000583693355873,0.12012095913519838,1
1,2.0979840624087114,0.12012095913519838,1
1,2.195384431461549,0.12012095913519838,1
1,2.2927848005143865,0.12012095913519838,1
1,2.390185169567225,0.12012095913519838,1
1,2.4875855386200625,0.12012095913519838,1
1,2.5849859076729,0.12012095913519838,1
1,2.6823862767257385,0.12012095913519838,1
1,2.779786645778576,0.12012095913519838,1
1,2.8771870148314136,0.12012095913519838,1
1,2.974587383884252,0.12012095913519838,1
1,3.0719877529370896,0.12012095913519838,1
1,3.169388121989927,0.12012095913519838,1
1,3.2667884910427656,0.12012095913519838,1
1,3.364188860095603,0.12012095913519838,1
1,3.4615892291484407,0.12012095913519838,1
1,3.5589895982012782,0.12012095913519838,1
1,3.6563899672541167,0.12012095913519838,1
1,3.7537903363069542,0.12012095913519838,1
1,3.851190705359792,0.12012095913519838,1
1,3.9485910744126302,0.12012095913519838,1
1,4.045991443465468,0.12012095913519838,1
1,4.143391812518305,0.12012095913519838,1
1,4.240792181571144,0.12012095913519838,1
1,4.338192550623981,0.12012095913519838,1
1,4.435592919676819,0.12012095913519838,1
1,4.532993288729657,0.12012095913519838,1
1,-2.1876321759161534,0.1977864970867591,0
1,-2.0902318068633154,0.1977864970867591,0
1,-1.992831437810478,0.1977864970867591,0
1,-1.89543106875764,0.1977864970867591,0
1,-1.7980306997048021,0.1977864970867591,0
1,-1.7006303306519643,0.1977864970867591,0
1,-1.6032299615991263,0.1977864970867591,0
1,-1.5058295925462886,0.1977864970867591,0
1,-1.4084292234934508,0.1977864970867591,0
1,-1.311028854440613,0.1977864970867591,0
1,-1.2136284853877752,0.1977864970867591,0
1,-1.1162281163349372,0.1977864970867591,0
1,-1.0188277472820995,0.1977864970867591,0
1,-0.9214273782292617,0.1977864970867591,0
1,-0.8240270091764237,0.1977864970867591,0
1,-0.7266266401235859,0.1977864970867591,0
1,-0.6292262710707481,0.1977864970867591,0
1,-0.5318259020179104,0.1977864970867591,0
1,-0.4344255329650726,0.1977864970867591,0
1,-0.3370251639122346,0.1977864970867591,0
1,-0.2396247948593968,0.1977864970867591,0
1,-0.14222442580655903,0.1977864970867591,0
1,-0.04482405675372103,0.1977864970867591,0
1,0.05257631229911652,0.1977864970867591,0
1,0.14997668135195452,0.1977864970867591,0
1,0.24737705040479252,0.1977864970867591,0
1,0.3447774194576301,0.1977864970867591,1
1,0.4421777885104681,0.1977864970867591,1
1,0.5395781575633061,0.1977864970867591,1
1,0.6369785266161436,0.1977864970867591,1
1,0.7343788956689816,0.1977864970867591,1
1,0.8317792647218192,0.1977864970867591,1
1,0.9291796337746572,0.1977864970867591,1
1,1.0265800028274952,0.1977864970867591,1
1,1.1239803718803327,0.1977864970867591,1
1,1.2213807409331707,0.1977864970867591,1
1,1.3187811099860083,0.1977864970867591,1
1,1.4161814790388463,0.1977864970867591,1
1,1.5135818480916843,0.1977864970867591,1
1,1.6109822171445218,0.1977864970867591,1
1,1.7083825861973598,0.1977864970867591,1
1,1.8057829552501978,0.1977864970867591,1
1,1.9031833243030354,0.1977864970867591,1
1,2.000583693355873,0.1977864970867591,1
1,2.0979840624087114,0.1977864970867591,1
1,2.195384431461549,0.1977864970867591,1
1,2.2927848005143865,0.1977864970867591,1
1,2.390185169567225,0.1977864970867591,1
1,2.4875855386200625,0.1977864970867591,1
1,2.5849859076729,0.1977864970867591,1
1,2.6823862767257385,0.1977864970867591,1
1,2.779786645778576,0.1977864970867591,1
1,2.8771870148314136,0.1977864970867591,1
1,2.974587383884252,0.1977864970867591,1
1,3.0719877529370896,0.1977864970867591,1
1,3.169388121989927,0.1977864970867591,1
1,3.2667884910427656,0.1977864970867591,1
1,3.364188860095603,0.1977864970867591,1
1,3.4615892291484407,0.1977864970867591,1
1,3.5589895982012782,0.1977864970867591,1
1,3.6563899672541167,0.1977864970867591,1
1,3.7537903363069542,0.1977864970867591,1
1,3.851190705359792,0.1977864970867591,1
1,3.9485910744126302,0.1977864970867591,1
1,4.045991443465468,0.1977864970867591,1
1,4.143391812518305,0.1977864970867591,1
1,4.240792181571144,0.1977864970867591,1
1,4.338192550623981,0.1977864970867591,1
1,4.435592919676819,0.1977864970867591,1
1,4.532993288729657,0.1977864970867591,1
1,-2.1876321759161534,0.2754520350383203,0
1,-2.0902318068633154,0.2754520350383203,0
1,-1.992831437810478,0.2754520350383203,0
1,-1.89543106875764,0.2754520350383203,0
1,-1.7980306997048021,0.2754520350383203,0
1,-1.7006303306519643,0.2754520350383203,0
1,-1.6032299615991263,0.2754520350383203,0
1,-1.5058295925462886,0.2754520350383203,0
1,-1.4084292234934508,0.2754520350383203,0
1,-1.311028854440613,0.2754520350383203,0
1,-1.2136284853877752,0.2754520350383203,0
1,-1.1162281163349372,0.2754520350383203,0
1,-1.0188277472820995,0.2754520350383203,0
1,-0.9214273782292617,0.2754520350383203,0
1,-0.8240270091764237,0.2754520350383203,0
1,-0.7266266401235859,0.2754520350383203,0
1,-0.6292262710707481,0.2754520350383203,0
1,-0.5318259020179104,0.2754520350383203,0
1,-0.4344255329650726,0.2754520350383203,0
1,-0.3370251639122346,0.2754520350383203,0
1,-0.2396247948593968,0.2754520350383203,0
1,-0.14222442580655903,0.2754520350383203,1
1,-0.04482405675372103,0.2754520350383203,1
1,0.05257631229911652,0.2754520350383203,0
1,0.14997668135195452,0.2754520350383203,1
1,0.24737705040479252,0.2754520350383203,0
1,0.3447774194576301,0.2754520350383203,0
1,0.4421777885104681,0.2754520350383203,1
1,0.5395781575633061,0.2754520350383203,1
1,0.6369785266161436,0.2754520350383203,1
1,0.7343788956689816,0.2754520350383203,1
1,0.8317792647218192,0.2754520350383203,1
1,0.9291796337746572,0.2754520350383203,1
1,1.0265800028274952,0.2754520350383203,1
1,1.1239803718803327,0.2754520350383203,1
1,1.2213807409331707,0.2754520350383203,1
1,1.3187811099860083,0.2754520350383203,1
1,1.4161814790388463,0.2754520350383203,1
1,1.5135818480916843,0.2754520350383203,1
1,1.6109822171445218,0.2754520350383203,1
1,1.7083825861973598,0.2754520350383203,1
1,1.8057829552501978,0.2754520350383203,1
1,1.9031833243030354,0.2754520350383203,1
1,2.000583693355873,0.2754520350383203,1
1,2.0979840624087114,0.2754520350383203,1
1,2.195384431461549,0.2754520350383203,1
1,2.2927848005143865,0.2754520350383203,1
1,2.390185169567225,0.2754520350383203,1
1,2.4875855386200625,0.2754520350383203,1
1,2.5849859076729,0.2754520350383203,1
1,2.6823862767257385,0.2754520350383203,1
1,2.779786645778576,0.2754520350383203,1
1,2.8771870148314136,0.2754520350383203,1
1,2.974587383884252,0.2754520350383203,1
1,3.0719877529370896,0.2754520350383203,1
1,3.169388121989927,0.2754520350383203,1
1,3.2667884910427656,0.2754520350383203,1
1,3.364188860095603,0.2754520350383203,1
1,3.4615892291484407,0.2754520350383203,1
1,3.5589895982012782,0.2754520350383203,1
1,3.6563899672541167,0.2754520350383203,1
1,3.7537903363069542,0.2754520350383203,1
1,3.851190705359792,0.2754520350383203,1
1,3.9485910744126302,0.2754520350383203,1
1,4.045991443465468,0.2754520350383203,1
1,4.143391812518305,0.2754520350383203,1
1,4.240792181571144,0.2754520350383203,1
1,4.338192550623981,0.2754520350383203,1
1,4.435592919676819,0.2754520350383203,1
1,4.532993288729657,0.2754520350383203,1
1,-2.1876321759161534,0.35311757298988145,0
1,-2.0902318068633154,0.35311757298988145,0
1,-1.992831437810478,0.35311757298988145,0
1,-1.89543106875764,0.35311757298988145,0
1,-1.7980306997048021,0.35311757298988145,0
1,-1.7006303306519643,0.35311757298988145,0
1,-1.6032299615991263,0.35311757298988145,0
1,-1.5058295925462886,0.35311757298988145,0
1,-1.4084292234934508,0.35311757298988145,0
1,-1.311028854440613,0.35311757298988145,0
1,-1.2136284853877752,0.35311757298988145,0
1,-1.1162281163349372,0.35311757298988145,0
1,-1.0188277472820995,0.35311757298988145,0
1,-0.9214273782292617,0.35311757298988145,0
1,-0.8240270091764237,0.35311757298988145,1
1,-0.7266266401235859,0.35311757298988145,1
1,-0.6292262710707481,0.35311757298988145,0
1,-0.5318259020179104,0.35311757298988145,0
1,-0.4344255329650726,0.35311757298988145,0
1,-0.3370251639122346,0.35311757298988145,0
1,-0.2396247948593968,0.35311757298988145,0
1,-0.14222442580655903,0.35311757298988145,1
1,-0.04482405675372103,0.35311757298988145,1
1,0.05257631229911652,0.35311757298988145,0
1,0.14997668135195452,0.35311757298988145,1
1,0.24737705040479252,0.35311757298988145,0
1,0.3447774194576301,0.35311757298988145,0
1,0.4421777885104681,0.35311757298988145,0
1,0.5395781575633061,0.35311757298988145,1
1,0.6369785266161436,0.35311757298988145,1
1,0.7343788956689816,0.35311757298988145,1
1,0.8317792647218192,0.35311757298988145,1
1,0.9291796337746572,0.35311757298988145,1
1,1.0265800028274952,0.35311757298988145,1
1,1.1239803718803327,0.35311757298988145,1
1,1.2213807409331707,0.35311757298988145,1
1,1.3187811099860083,0.35311757298988145,1
1,1.4161814790388463,0.35311757298988145,1
1,1.5135818480916843,0.35311757298988145,1
1,1.6109822171445218,0.35311757298988145,1
1,1.7083825861973598,0.35311757298988145,1
1,1.8057829552501978,0.35311757298988145,1
1,1.9031833243030354,0.35311757298988145,1
1,2.000583693355873,0.35311757298988145,1
1,2.0979840624087114,0.35311757298988145,1
1,2.195384431461549,0.35311757298988145,1
1,2.2927848005143865,0.35311757298988145,1
1,2.390185169567225,0.35311757298988145,1
1,2.4875855386200625,0.35311757298988145,1
1,2.5849859076729,0.35311757298988145,1
1,2.6823862767257385,0.35311757298988145,1
1,2.779786645778576,0.35311757298988145,1
1,2.8771870148314136,0.35311757298988145,1
1,2.974587383884252,0.35311757298988145,1
1,3.0719877529370896,0.35311757298988145,1
1,3.169388121989927,0.35311757298988145,1
1,3.2667884910427656,0.35311757298988145,1
1,3.364188860095603,0.35311757298988145,1
1,3.4615892291484407,0.35311757298988145,1
1,3.5589895982012782,0.35311757298988145,1
1,3.6563899672541167,0.35311757298988145,1
1,3.7537903363069542,0.35311757298988145,1
1,3.851190705359792,0.35311757298988145,1
1,3.9485910744126302,0.35311757298988145,1
1,4.045991443465468,0.35311757298988145,1
1,4.143391812518305,0.35311757298988145,1
1,4.240792181571144,0.35311757298988145,1
1,4.338192550623981,0.35311757298988145,1
1,4.435592919676819,0.35311757298988145,1
1,4.532993288729657,0.35311757298988145,1
1,-2.1876321759161534,0.43078311094144217,0
1,-2.0902318068633154,0.43078311094144217,0
1,-1.992831437810478,0.43078311094144217,0
1,-1.89543106875764,0.43078311094144217,0
1,-1.7980306997048021,0.43078311094144217,0
1,-1.7006303306519643,0.43078311094144217,0
1,-1.6032299615991263,0.43078311094144217,0
1,-1.5058295925462886,0.43078311094144217,0
1,-1.4084292234934508,0.43078311094144217,0
1,-1.311028854440613,0.43078311094144217,0
1,-1.2136284853877752,0.43078311094144217,0
1,-1.1162281163349372,0.43078311094144217,0
1,-1.0188277472820995,0.43078311094144217,0
1,-0.9214273782292617,0.43078311094144217,0
1,-0.8240270091764237,0.43078311094144217,1
1,-0.7266266401235859,0.43078311094144217,1
1,-0.6292262710707481,0.43078311094144217,0
1,-0.5318259020179104,0.43078311094144217,0
1,-0.4344255329650726,0.43078311094144217,0
1,-0.3370251639122346,0.43078311094144217,0
1,-0.2396247948593968,0.43078311094144217,0
1,-0.14222442580655903,0.43078311094144217,0
1,-0.04482405675372103,0.43078311094144217,1
1,0.05257631229911652,0.43078311094144217,0
1,0.14997668135195452,0.43078311094144217,0
1,0.24737705040479252,0.43078311094144217,0
1,0.3447774194576301,0.43078311094144217,0
1,0.4421777885104681,0.43078311094144217,1
1,0.5395781575633061,0.43078311094144217,1
1,0.6369785266161436,0.43078311094144217,1
1,0.7343788956689816,0.43078311094144217,1
1,0.8317792647218192,0.43078311094144217,1
1,0.9291796337746572,0.43078311094144217,1
1,1.0265800028274952,0.43078311094144217,1
1,1.1239803718803327,0.43078311094144217,1
1,1.2213807409331707,0.43078311094144217,1
1,1.3187811099860083,0.43078311094144217,1
1,1.4161814790388463,0.43078311094144217,1
1,1.5135818480916843,0.43078311094144217,1
1,1.6109822171445218,0.43078311094144217,1
1,1.7083825861973598,0.43078311094144217,1
1,1.8057829552501978,0.43078311094144217,1
1,1.9031833243030354,0.43078311094144217,1
1,2.000583693355873,0.43078311094144217,1
1,2.0979840624087114,0.43078311094144217,1
1,2.195384431461549,0.43078311094144217,1
1,2.2927848005143865,0.43078311094144217,1
1,2.390185169567225,0.43078311094144217,1
1,2.4875855386200625,0.43078311094144217,1
1,2.5849859076729,0.43078311094144217,1
1,2.6823862767257385,0.43078311094144217,1
1,2.779786645778576,0.43078311094144217,1
1,2.8771870148314136,0.43078311094144217,1
1,2.974587383884252,0.43078311094144217,1
1,3.0719877529370896,0.43078311094144217,1
1,3.169388121989927,0.43078311094144217,1
1,3.2667884910427656,0.43078311094144217,1
1,3.364188860095603,0.43078311094144217,1
1,3.4615892291484407,0.43078311094144217,1
1,3.5589895982012782,0.43078311094144217,1
1,3.6563899672541167,0.43078311094144217,1
1,3.7537903363069542,0.43078311094144217,1
1,3.851190705359792,0.43078311094144217,1
1,3.9485910744126302,0.43078311094144217,1
1,4.045991443465468,0.43078311094144217,1
1,4.143391812518305,0.43078311094144217,1
1,4.240792181571144,0.43078311094144217,1
1,4.338192550623981,0.43078311094144217,1
1,4.435592919676819,0.43078311094144217,1
1,4.532993288729657,0.43078311094144217,1
1,-2.1876321759161534,0.5084486488930033,0
1,-2.0902318068633154,0.5084486488930033,0
1,-1.992831437810478,0.5084486488930033,0
1,-1.89543106875764,0.5084486488930033,0
1,-1.7980306997048021,0.5084486488930033,0
1,-1.7006303306519643,0.5084486488930033,0
1,-1.6032299615991263,0.5084486488930033,0
1,-1.5058295925462886,0.5084486488930033,0
1,-1.4084292234934508,0.5084486488930033,0
1,-1.311028854440613,0.5084486488930033,0
1,-1.2136284853877752,0.5084486488930033,0
1,-1.1162281163349372,0.5084486488930033,0
1,-1.0188277472820995,0.5084486488930033,0
1,-0.9214273782292617,0.5084486488930033,0
1,-0.8240270091764237,0.5084486488930033,0
1,-0.7266266401235859,0.5084486488930033,1
1,-0.6292262710707481,0.5084486488930033,1
1,-0.5318259020179104,0.5084486488930033,0
1,-0.4344255329650726,0.5084486488930033,0
1,-0.3370251639122346,0.5084486488930033,0
1,-0.2396247948593968,0.5084486488930033,0
1,-0.14222442580655903,0.5084486488930033,1
1,-0.04482405675372103,0.5084486488930033,0
1,0.05257631229911652,0.5084486488930033,1
1,0.14997668135195452,0.5084486488930033,0
1,0.24737705040479252,0.5084486488930033,1
1,0.3447774194576301,0.5084486488930033,1
1,0.4421777885104681,0.5084486488930033,1
1,0.5395781575633061,0.5084486488930033,1
1,0.6369785266161436,0.5084486488930033,1
1,0.7343788956689816,0.5084486488930033,1
1,0.8317792647218192,0.5084486488930033,1
1,0.9291796337746572,0.5084486488930033,1
1,1.0265800028274952,0.5084486488930033,1
1,1.1239803718803327,0.5084486488930033,1
1,1.2213807409331707,0.5084486488930033,1
1,1.3187811099860083,0.5084486488930033,1
1,1.4161814790388463,0.5084486488930033,1
1,1.5135818480916843,0.5084486488930033,1
1,1.6109822171445218,0.5084486488930033,1
1,1.7083825861973598,0.5084486488930033,1
1,1.8057829552501978,0.5084486488930033,1
1,1.9031833243030354,0.5084486488930033,1
1,2.000583693355873,0.5084486488930033,1
1,2.0979840624087114,0.5084486488930033,1
1,2.195384431461549,0.5084486488930033,1
1,2.2927848005143865,0.5084486488930033,1
1,2.390185169567225,0.5084486488930033,1
1,2.4875855386200625,0.5084486488930033,1
1,2.5849859076729,0.5084486488930033,1
1,2.6823862767257385,0.5084486488930033,1
1,2.779786645778576,0.5084486488930033,1
1,2.8771870148314136,0.5084486488930033,1
1,2.974587383884252,0.5084486488930033,1
1,3.0719877529370896,0.5084486488930033,1
1,3.169388121989927,0.5084486488930033,1
1,3.2667884910427656,0.5084486488930033,1
1,3.364188860095603,0.5084486488930033,1
1,3.4615892291484407,0.5084486488930033,1
1,3.5589895982012782,0.5084486488930033,1
1,3.6563899672541167,0.5084486488930033,1
1,3.7537903363069542,0.5084486488930033,1
1,3.851190705359792,0.5084486488930033,1
1,3.9485910744126302,0.5084486488930033,1
1,4.045991443465468,0.5084486488930033,1
1,4.143391812518305,0.5084486488930033,1
1,4.240792181571144,0.5084486488930033,1
1,4.338192550623981,0.5084486488930033,1
1,4.435592919676819,0.5084486488930033,1
1,4.532993288729657,0.5084486488930033,1
1,-2.1876321759161534,0.5861141868445645,0
1,-2.0902318068633154,0.5861141868445645,0
1,-1.992831437810478,0.5861141868445645,0
1,-1.89543106875764,0.5861141868445645,0
1,-1.7980306997048021,0.5861141868445645,0
1,-1.7006303306519643,0.5861141868445645,0
1,-1.6032299615991263,0.5861141868445645,0
1,-1.5058295925462886,0.5861141868445645,0
1,-1.4084292234934508,0.5861141868445645,0
1,-1.311028854440613,0.5861141868445645,0
1,-1.2136284853877752,0.5861141868445645,0
1,-1.1162281163349372,0.5861141868445645,0
1,-1.0188277472820995,0.5861141868445645,0
1,-0.9214273782292617,0.5861141868445645,0
1,-0.8240270091764237,0.5861141868445645,0
1,-0.7266266401235859,0.5861141868445645,0
1,-0.6292262710707481,0.5861141868445645,0
1,-0.5318259020179104,0.5861141868445645,0
1,-0.4344255329650726,0.5861141868445645,0
1,-0.3370251639122346,0.5861141868445645,0
1,-0.2396247948593968,0.5861141868445645,0
1,-0.14222442580655903,0.5861141868445645,0
1,-0.04482405675372103,0.5861141868445645,1
1,0.05257631229911652,0.5861141868445645,1
1,0.14997668135195452,0.5861141868445645,1
1,0.24737705040479252,0.5861141868445645,1
1,0.3447774194576301,0.5861141868445645,1
1,0.4421777885104681,0.5861141868445645,1
1,0.5395781575633061,0.5861141868445645,1
1,0.6369785266161436,0.5861141868445645,1
1,0.7343788956689816,0.5861141868445645,1
1,0.8317792647218192,0.5861141868445645,1
1,0.9291796337746572,0.5861141868445645,1
1,1.0265800028274952,0.5861141868445645,1
1,1.1239803718803327,0.5861141868445645,1
1,1.2213807409331707,0.5861141868445645,1
1,1.3187811099860083,0.5861141868445645,1
1,1.4161814790388463,0.5861141868445645,1
1,1.5135818480916843,0.5861141868445645,1
1,1.6109822171445218,0.5861141868445645,1
1,1.7083825861973598,0.5861141868445645,1
1,1.8057829552501978,0.5861141868445645,1
1,1.9031833243030354,0.5861141868445645,1
1,2.000583693355873,0.5861141868445645,1
1,2.0979840624087114,0.5861141868445645,1
1,2.195384431461549,0.5861141868445645,1
1,2.2927848005143865,0.5861141868445645,1
1,2.390185169567225,0.5861141868445645,1
1,2.4875855386200625,0.5861141868445645,1
1,2.5849859076729,0.5861141868445645,1
1,2.6823862767257385,0.5861141868445645,1
1,2.779786645778576,0.5861141868445645,1
1,2.8771870148314136,0.5861141868445645,1
1,2.974587383884252,0.5861141868445645,1
1,3.0719877529370896,0.5861141868445645,1
1,3.169388121989927,0.5861141868445645,1
1,3.2667884910427656,0.5861141868445645,1
1,3.364188860095603,0.5861141868445645,1
1,3.4615892291484407,0.5861141868445645,1
1,3.5589895982012782,0.5861141868445645,1
1,3.6563899672541167,0.5861141868445645,1
1,3.7537903363069542,0.5861141868445645,1
1,3.851190705359792,0.5861141868445645,1
1,3.9485910744126302,0.5861141868445645,1
1,4.045991443465468,0.5861141868445645,1
1,4.143391812518305,0.5861141868445645,1
1,4.240792181571144,0.5861141868445645,1
1,4.338192550623981,0.5861141868445645,1
1,4.435592919676819,0.5861141868445645,1
1,4.532993288729657,0.5861141868445645,1
1,-2.1876321759161534,0.6637797247961257,0
1,-2.0902318068633154,0.6637797247961257,0
1,-1.992831437810478,0.6637797247961257,0
1,-1.89543106875764,0.6637797247961257,0
1,-1.7980306997048021,0.6637797247961257,0
1,-1.7006303306519643,0.6637797247961257,0
1,-1.6032299615991263,0.6637797247961257,0
1,-1.5058295925462886,0.6637797247961257,0
1,-1.4084292234934508,0.6637797247961257,0
1,-1.311028854440613,0.6637797247961257,0
1,-1.2136284853877752,0.6637797247961257,0
1,-1.1162281163349372,0.6637797247961257,0
1,-1.0188277472820995,0.6637797247961257,0
1,-0.9214273782292617,0.6637797247961257,0
1,-0.8240270091764237,0.6637797247961257,0
1,-0.7266266401235859,0.6637797247961257,0
1,-0.6292262710707481,0.6637797247961257,0
1,-0.5318259020179104,0.6637797247961257,0
1,-0.4344255329650726,0.6637797247961257,0
1,-0.3370251639122346,0.6637797247961257,0
1,-0.2396247948593968,0.6637797247961257,0
1,-0.14222442580655903,0.6637797247961257,1
1,-0.04482405675372103,0.6637797247961257,1
1,0.05257631229911652,0.6637797247961257,1
1,0.14997668135195452,0.6637797247961257,1
1,0.24737705040479252,0.6637797247961257,1
1,0.3447774194576301,0.6637797247961257,1
1,0.4421777885104681,0.6637797247961257,1
1,0.5395781575633061,0.6637797247961257,1
1,0.6369785266161436,0.6637797247961257,1
1,0.7343788956689816,0.6637797247961257,1
1,0.8317792647218192,0.6637797247961257,1
1,0.9291796337746572,0.6637797247961257,1
1,1.0265800028274952,0.6637797247961257,1
1,1.1239803718803327,0.6637797247961257,1
1,1.2213807409331707,0.6637797247961257,1
1,1.3187811099860083,0.6637797247961257,1
1,1.4161814790388463,0.6637797247961257,1
1,1.5135818480916843,0.6637797247961257,1
1,1.6109822171445218,0.6637797247961257,1
1,1.7083825861973598,0.6637797247961257,1
1,1.8057829552501978,0.6637797247961257,1
1,1.9031833243030354,0.6637797247961257,1
1,2.000583693355873,0.6637797247961257,1
1,2.0979840624087114,0.6637797247961257,1
1,2.195384431461549,0.6637797247961257,1
1,2.2927848005143865,0.6637797247961257,1
1,2.390185169567225,0.6637797247961257,1
1,2.4875855386200625,0.6637797247961257,1
1,2.5849859076729,0.6637797247961257,1
1,2.6823862767257385,0.6637797247961257,1
1,2.779786645778576,0.6637797247961257,1
1,2.8771870148314136,0.6637797247961257,1
1,2.974587383884252,0.6637797247961257,1
1,3.0719877529370896,0.6637797247961257,1
1,3.169388121989927,0.6637797247961257,1
1,3.2667884910427656,0.6637797247961257,1
1,3.364188860095603,0.6637797247961257,1
1,3.4615892291484407,0.6637797247961257,1
1,3.5589895982012782,0.6637797247961257,1
1,3.6563899672541167,0.6637797247961257,1
1,3.7537903363069542,0.6637797247961257,1
1,3.851190705359792,0.6637797247961257,1
1,3.9485910744126302,0.6637797247961257,1
1,4.045991443465468,0.6637797247961257,1
1,4.143391812518305,0.6637797247961257,1
1,4.240792181571144,0.6637797247961257,1
1,4.338192550623981,0.6637797247961257,1
1,4.435592919676819,0.6637797247961257,1
1,4.532993288729657,0.6637797247961257,1
1,-2.1876321759161534,0.7414452627476864,0
1,-2.0902318068633154,0.7414452627476864,0
1,-1.992831437810478,0.7414452627476864,0
1,-1.89543106875764,0.7414452627476864,0
1,-1.7980306997048021,0.7414452627476864,0
1,-1.7006303306519643,0.7414452627476864,0
1,-1.6032299615991263,0.7414452627476864,0
1,-1.5058295925462886,0.7414452627476864,0
1,-1.4084292234934508,0.7414452627476864,0
1,-1.311028854440613,0.7414452627476864,0
1,-1.2136284853877752,0.7414452627476864,0
1,-1.1162281163349372,0.7414452627476864,0
1,-1.0188277472820995,0.7414452627476864,0
1,-0.9214273782292617,0.7414452627476864,0
1,-0.8240270091764237,0.7414452627476864,0
1,-0.7266266401235859,0.7414452627476864,0
1,-0.6292262710707481,0.7414452627476864,0
1,-0.5318259020179104,0.7414452627476864,0
1,-0.4344255329650726,0.7414452627476864,0
1,-0.3370251639122346,0.7414452627476864,1
1,-0.2396247948593968,0.7414452627476864,1
1,-0.14222442580655903,0.7414452627476864,1
1,-0.04482405675372103,0.7414452627476864,1
1,0.05257631229911652,0.7414452627476864,1
1,0.14997668135195452,0.7414452627476864,1
1,0.24737705040479252,0.7414452627476864,1
1,0.3447774194576301,0.7414452627476864,1
1,0.4421777885104681,0.7414452627476864,1
1,0.5395781575633061,0.7414452627476864,1
1,0.6369785266161436,0.7414452627476864,1
1,0.7343788956689816,0.7414452627476864,1
1,0.8317792647218192,0.7414452627476864,1
1,0.9291796337746572,0.7414452627476864,1
1,1.0265800028274952,0.7414452627476864,1
1,1.1239803718803327,0.7414452627476864,1
1,1.2213807409331707,0.7414452627476864,1
1,1.3187811099860083,0.7414452627476864,1
1,1.4161814790388463,0.7414452627476864,1
1,1.5135818480916843,0.7414452627476864,1
1,1.6109822171445218,0.7414452627476864,1
1,1.7083825861973598,0.7414452627476864,1
1,1.8057829552501978,0.7414452627476864,1
1,1.9031833243030354,0.7414452627476864,1
1,2.000583693355873,0.7414452627476864,1
1,2.0979840624087114,0.7414452627476864,1
1,2.195384431461549,0.7414452627476864,1
1,2.2927848005143865,0.7414452627476864,1
1,2.390185169567225,0.7414452627476864,1
1,2.4875855386200625,0.7414452627476864,1
1,2.5849859076729,0.7414452627476864,1
1,2.6823862767257385,0.7414452627476864,1
1,2.779786645778576,0.7414452627476864,1
1,2.8771870148314136,0.7414452627476864,1
1,2.974587383884252,0.7414452627476864,1
1,3.0719877529370896,0.7414452627476864,1
1,3.169388121989927,0.7414452627476864,1
1,3.2667884910427656,0.7414452627476864,1
1,3.364188860095603,0.7414452627476864,1
1,3.4615892291484407,0.7414452627476864,1
1,3.5589895982012782,0.7414452627476864,1
1,3.6563899672541167,0.7414452627476864,1
1,3.7537903363069542,0.7414452627476864,1
1,3.851190705359792,0.7414452627476864,1
1,3.9485910744126302,0.7414452627476864,1
1,4.045991443465468,0.7414452627476864,1
1,4.143391812518305,0.7414452627476864,1
1,4.240792181571144,0.7414452627476864,1
1,4.338192550623981,0.7414452627476864,1
1,4.435592919676819,0.7414452627476864,1
1,4.532993288729657,0.7414452627476864,1
1,-2.1876321759161534,0.8191108006992476,0
1,-2.0902318068633154,0.8191108006992476,0
1,-1.992831437810478,0.8191108006992476,0
1,-1.89543106875764,0.8191108006992476,0
1,-1.7980306997048021,0.8191108006992476,0
1,-1.7006303306519643,0.8191108006992476,0
1,-1.6032299615991263,0.8191108006992476,0
1,-1.5058295925462886,0.8191108006992476,0
1,-1.4084292234934508,0.8191108006992476,0
1,-1.311028854440613,0.8191108006992476,0
1,-1.2136284853877752,0.8191108006992476,0
1,-1.1162281163349372,0.8191108006992476,0
1,-1.0188277472820995,0.8191108006992476,0
1,-0.9214273782292617,0.8191108006992476,0
1,-0.8240270091764237,0.8191108006992476,0
1,-0.7266266401235859,0.8191108006992476,0
1,-0.6292262710707481,0.8191108006992476,0
1,-0.5318259020179104,0.8191108006992476,1
1,-0.4344255329650726,0.8191108006992476,1
1,-0.3370251639122346,0.8191108006992476,1
1,-0.2396247948593968,0.8191108006992476,1
1,-0.14222442580655903,0.8191108006992476,1
1,-0.04482405675372103,0.8191108006992476,1
1,0.05257631229911652,0.8191108006992476,1
1,0.14997668135195452,0.8191108006992476,1
1,0.24737705040479252,0.8191108006992476,1
1,0.3447774194576301,0.8191108006992476,1
1,0.4421777885104681,0.8191108006992476,1
1,0.5395781575633061,0.8191108006992476,1
1,0.6369785266161436,0.8191108006992476,1
1,0.7343788956689816,0.8191108006992476,1
1,0.8317792647218192,0.8191108006992476,1
1,0.9291796337746572,0.8191108006992476,1
1,1.0265800028274952,0.8191108006992476,1
1,1.1239803718803327,0.8191108006992476,1
1,1.2213807409331707,0.8191108006992476,1
1,1.3187811099860083,0.8191108006992476,1
1,1.4161814790388463,0.8191108006992476,1
1,1.5135818480916843,0.8191108006992476,1
1,1.6109822171445218,0.8191108006992476,1
1,1.7083825861973598,0.8191108006992476,1
1,1.8057829552501978,0.8191108006992476,1
1,1.9031833243030354,0.8191108006992476,1
1,2.000583693355873,0.8191108006992476,1
1,2.0979840624087114,0.8191108006992476,1
1,2.195384431461549,0.8191108006992476,1
1,2.2927848005143865,0.8191108006992476,1
1,2.390185169567225,0.8191108006992476,1
1,2.4875855386200625,0.8191108006992476,1
1,2.5849859076729,0.8191108006992476,1
1,2.6823862767257385,0.8191108006992476,1
1,2.779786645778576,0.8191108006992476,1
1,2.8771870148314136,0.8191108006992476,1
1,2.974587383884252,0.8191108006992476,1
1,3.0719877529370896,0.8191108006992476,1
1,3.169388121989927,0.8191108006992476,1
1,3.2667884910427656,0.8191108006992476,1
1,3.364188860095603,0.8191108006992476,1
1,3.4615892291484407,0.8191108006992476,1
1,3.5589895982012782,0.8191108006992476,1
1,3.6563899672541167,0.8191108006992476,1
1,3.7537903363069542,0.8191108006992476,1
1,3.851190705359792,0.8191108006992476,1
1,3.9485910744126302,0.8191108006992476,1
1,4.045991443465468,0.8191108006992476,1
1,4.143391812518305,0.8191108006992476,1
1,4.240792181571144,0.8191108006992476,1
1,4.338192550623981,0.8191108006992476,1
1,4.435592919676819,0.8191108006992476,1
1,4.532993288729657,0.8191108006992476,1
1,-2.1876321759161534,0.8967763386508087,0
1,-2.0902318068633154,0.8967763386508087,0
1,-1.992831437810478,0.8967763386508087,0
1,-1.89543106875764,0.8967763386508087,0
1,-1.7980306997048021,0.8967763386508087,0
1,-1.7006303306519643,0.8967763386508087,0
1,-1.6032299615991263,0.8967763386508087,0
1,-1.5058295925462886,0.8967763386508087,0
1,-1.4084292234934508,0.8967763386508087,0
1,-1.311028854440613,0.8967763386508087,0
1,-1.2136284853877752,0.8967763386508087,0
1,-1.1162281163349372,0.8967763386508087,0
1,-1.0188277472820995,0.8967763386508087,0
1,-0.9214273782292617,0.8967763386508087,0
1,-0.8240270091764237,0.8967763386508087,0
1,-0.7266266401235859,0.8967763386508087,0
1,-0.6292262710707481,0.8967763386508087,1
1,-0.5318259020179104,0.8967763386508087,1
1,-0.4344255329650726,0.8967763386508087,1
1,-0.3370251639122346,0.8967763386508087,1
1,-0.2396247948593968,0.8967763386508087,1
1,-0.14222442580655903,0.8967763386508087,1
1,-0.04482405675372103,0.8967763386508087,1
1,0.05257631229911652,0.8967763386508087,1
1,0.14997668135195452,0.8967763386508087,1
1,0.24737705040479252,0.8967763386508087,1
1,0.3447774194576301,0.8967763386508087,1
1,0.4421777885104681,0.8967763386508087,1
1,0.5395781575633061,0.8967763386508087,1
1,0.6369785266161436,0.8967763386508087,1
1,0.7343788956689816,0.8967763386508087,1
1,0.8317792647218192,0.8967763386508087,1
1,0.9291796337746572,0.8967763386508087,1
1,1.0265800028274952,0.8967763386508087,1
1,1.1239803718803327,0.8967763386508087,1
1,1.2213807409331707,0.8967763386508087,1
1,1.3187811099860083,0.8967763386508087,1
1,1.4161814790388463,0.8967763386508087,1
1,1.5135818480916843,0.8967763386508087,1
1,1.6109822171445218,0.8967763386508087,1
1,1.7083825861973598,0.8967763386508087,1
1,1.8057829552501978,0.8967763386508087,1
1,1.9031833243030354,0.8967763386508087,1
1,2.000583693355873,0.8967763386508087,1
1,2.0979840624087114,0.8967763386508087,1
1,2.195384431461549,0.8967763386508087,1
1,2.2927848005143865,0.8967763386508087,1
1,2.390185169567225,0.8967763386508087,1
1,2.4875855386200625,0.8967763386508087,1
1,2.5849859076729,0.8967763386508087,1
1,2.6823862767257385,0.8967763386508087,1
1,2.779786645778576,0.8967763386508087,1
1,2.8771870148314136,0.8967763386508087,1
1,2.974587383884252,0.8967763386508087,1
1,3.0719877529370896,0.8967763386508087,1
1,3.169388121989927,0.8967763386508087,1
1,3.2667884910427656,0.8967763386508087,1
1,3.364188860095603,0.8967763386508087,1
1,3.4615892291484407,0.8967763386508087,1
1,3.5589895982012782,0.8967763386508087,1
1,3.6563899672541167,0.8967763386508087,1
1,3.7537903363069542,0.8967763386508087,1
1,3.851190705359792,0.8967763386508087,1
1,3.9485910744126302,0.8967763386508087,1
1,4.045991443465468,0.8967763386508087,1
1,4.143391812518305,0.8967763386508087,1
1,4.240792181571144,0.8967763386508087,1
1,4.338192550623981,0.8967763386508087,1
1,4.435592919676819,0.8967763386508087,1
1,4.532993288729657,0.8967763386508087,1
1,-2.1876321759161534,0.9744418766023695,0
1,-2.0902318068633154,0.9744418766023695,0
1,-1.992831437810478,0.9744418766023695,0
1,-1.89543106875764,0.9744418766023695,0
1,-1.7980306997048021,0.9744418766023695,0
1,-1.7006303306519643,0.9744418766023695,0
1,-1.6032299615991263,0.9744418766023695,0
1,-1.5058295925462886,0.9744418766023695,0
1,-1.4084292234934508,0.9744418766023695,0
1,-1.311028854440613,0.9744418766023695,0
1,-1.2136284853877752,0.9744418766023695,0
1,-1.1162281163349372,0.9744418766023695,0
1,-1.0188277472820995,0.9744418766023695,0
1,-0.9214273782292617,0.9744418766023695,0
1,-0.8240270091764237,0.9744418766023695,1
1,-0.7266266401235859,0.9744418766023695,1
1,-0.6292262710707481,0.9744418766023695,1
1,-0.5318259020179104,0.9744418766023695,1
1,-0.4344255329650726,0.9744418766023695,1
1,-0.3370251639122346,0.9744418766023695,1
1,-0.2396247948593968,0.9744418766023695,1
1,-0.14222442580655903,0.9744418766023695,1
1,-0.04482405675372103,0.9744418766023695,1
1,0.05257631229911652,0.9744418766023695,1
1,0.14997668135195452,0.9744418766023695,1
1,0.24737705040479252,0.9744418766023695,1
1,0.3447774194576301,0.9744418766023695,1
1,0.4421777885104681,0.9744418766023695,1
1,0.5395781575633061,0.9744418766023695,1
1,0.6369785266161436,0.9744418766023695,1
1,0.7343788956689816,0.9744418766023695,1
1,0.8317792647218192,0.9744418766023695,1
1,0.9291796337746572,0.9744418766023695,1
1,1.0265800028274952,0.9744418766023695,1
1,1.1239803718803327,0.9744418766023695,1
1,1.2213807409331707,0.9744418766023695,1
1,1.3187811099860083,0.9744418766023695,1
1,1.4161814790388463,0.9744418766023695,1
1,1.5135818480916843,0.9744418766023695,1
1,1.6109822171445218,0.9744418766023695,1
1,1.7083825861973598,0.9744418766023695,1
1,1.8057829552501978,0.9744418766023695,1
1,1.9031833243030354,0.9744418766023695,1
1,2.000583693355873,0.9744418766023695,1
1,2.0979840624087114,0.9744418766023695,1
1,2.195384431461549,0.9744418766023695,1
1,2.2927848005143865,0.9744418766023695,1
1,2.390185169567225,0.9744418766023695,1
1,2.4875855386200625,0.9744418766023695,1
1,2.5849859076729,0.9744418766023695,1
1,2.6823862767257385,0.9744418766023695,1
1,2.779786645778576,0.9744418766023695,1
1,2.8771870148314136,0.9744418766023695,1
1,2.974587383884252,0.9744418766023695,1
1,3.0719877529370896,0.9744418766023695,1
1,3.169388121989927,0.9744418766023695,1
1,3.2667884910427656,0.9744418766023695,1
1,3.364188860095603,0.9744418766023695,1
1,3.4615892291484407,0.9744418766023695,1
1,3.5589895982012782,0.9744418766023695,1
1,3.6563899672541167,0.9744418766023695,1
1,3.7537903363069542,0.9744418766023695,1
1,3.851190705359792,0.9744418766023695,1
1,3.9485910744126302,0.9744418766023695,1
1,4.045991443465468,0.9744418766023695,1
1,4.143391812518305,0.9744418766023695,1
1,4.240792181571144,0.9744418766023695,1
1,4.338192550623981,0.9744418766023695,1
1,4.435592919676819,0.9744418766023695,1
1,4.532993288729657,0.9744418766023695,1
1,-2.1876321759161534,1.0521074145539306,0
1,-2.0902318068633154,1.0521074145539306,0
1,-1.992831437810478,1.0521074145539306,0
1,-1.89543106875764,1.0521074145539306,0
1,-1.7980306997048021,1.0521074145539306,0
1,-1.7006303306519643,1.0521074145539306,0
1,-1.6032299615991263,1.0521074145539306,0
1,-1.5058295925462886,1.0521074145539306,0
1,-1.4084292234934508,1.0521074145539306,0
1,-1.311028854440613,1.0521074145539306,0
1,-1.2136284853877752,1.0521074145539306,0
1,-1.1162281163349372,1.0521074145539306,0
1,-1.0188277472820995,1.0521074145539306,0
1,-0.9214273782292617,1.0521074145539306,0
1,-0.8240270091764237,1.0521074145539306,1
1,-0.7266266401235859,1.0521074145539306,1
1,-0.6292262710707481,1.0521074145539306,1
1,-0.5318259020179104,1.0521074145539306,1
1,-0.4344255329650726,1.0521074145539306,1
1,-0.3370251639122346,1.0521074145539306,1
1,-0.2396247948593968,1.0521074145539306,1
1,-0.14222442580655903,1.0521074145539306,1
1,-0.04482405675372103,1.0521074145539306,1
1,0.05257631229911652,1.0521074145539306,1
1,0.14997668135195452,1.0521074145539306,1
1,0.24737705040479252,1.0521074145539306,1
1,0.3447774194576301,1.0521074145539306,1
1,0.4421777885104681,1.0521074145539306,1
1,0.5395781575633061,1.0521074145539306,1
1,0.6369785266161436,1.0521074145539306,1
1,0.7343788956689816,1.0521074145539306,1
1,0.8317792647218192,1.0521074145539306,1
1,0.9291796337746572,1.0521074145539306,1
1,1.0265800028274952,1.0521074145539306,1
1,1.1239803718803327,1.0521074145539306,1
1,1.2213807409331707,1.0521074145539306,1
1,1.3187811099860083,1.0521074145539306,1
1,1.4161814790388463,1.0521074145539306,1
1,1.5135818480916843,1.0521074145539306,1
1,1.6109822171445218,1.0521074145539306,1
1,1.7083825861973598,1.0521074145539306,1
1,1.8057829552501978,1.0521074145539306,1
1,1.9031833243030354,1.0521074145539306,1
1,2.000583693355873,1.0521074145539306,1
1,2.0979840624087114,1.0521074145539306,1
1,2.195384431461549,1.0521074145539306,1
1,2.2927848005143865,1.0521074145539306,1
1,2.390185169567225,1.0521074145539306,1
1,2.4875855386200625,1.0521074145539306,1
1,2.5849859076729,1.0521074145539306,1
1,2.6823862767257385,1.0521074145539306,1
1,2.779786645778576,1.0521074145539306,1
1,2.8771870148314136,1.0521074145539306,1
1,2.974587383884252,1.0521074145539306,1
1,3.0719877529370896,1.0521074145539306,1
1,3.169388121989927,1.0521074145539306,1
1,3.2667884910427656,1.0521074145539306,1
1,3.364188860095603,1.0521074145539306,1
1,3.4615892291484407,1.0521074145539306,1
1,3.5589895982012782,1.0521074145539306,1
1,3.6563899672541167,1.0521074145539306,1
1,3.7537903363069542,1.0521074145539306,1
1,3.851190705359792,1.0521074145539306,1
1,3.9485910744126302,1.0521074145539306,1
1,4.045991443465468,1.0521074145539306,1
1,4.143391812518305,1.0521074145539306,1
1,4.240792181571144,1.0521074145539306,1
1,4.338192550623981,1.0521074145539306,1
1,4.435592919676819,1.0521074145539306,1
1,4.532993288729657,1.0521074145539306,1
1,-2.1876321759161534,1.1297729525054918,0
1,-2.0902318068633154,1.1297729525054918,0
1,-1.992831437810478,1.1297729525054918,0
1,-1.89543106875764,1.1297729525054918,0
1,-1.7980306997048021,1.1297729525054918,0
1,-1.7006303306519643,1.1297729525054918,0
1,-1.6032299615991263,1.1297729525054918,0
1,-1.5058295925462886,1.1297729525054918,0
1,-1.4084292234934508,1.1297729525054918,0
1,-1.311028854440613,1.1297729525054918,0
1,-1.2136284853877752,1.1297729525054918,0
1,-1.1162281163349372,1.1297729525054918,0
1,-1.0188277472820995,1.1297729525054918,0
1,-0.9214273782292617,1.1297729525054918,0
1,-0.8240270091764237,1.1297729525054918,1
1,-0.7266266401235859,1.1297729525054918,1
1,-0.6292262710707481,1.1297729525054918,1
1,-0.5318259020179104,1.1297729525054918,1
1,-0.4344255329650726,1.1297729525054918,1
1,-0.3370251639122346,1.1297729525054918,1
1,-0.2396247948593968,1.1297729525054918,1
1,-0.14222442580655903,1.1297729525054918,1
1,-0.04482405675372103,1.1297729525054918,1
1,0.05257631229911652,1.1297729525054918,1
1,0.14997668135195452,1.1297729525054918,1
1,0.24737705040479252,1.1297729525054918,1
1,0.3447774194576301,1.1297729525054918,1
1,0.4421777885104681,1.1297729525054918,1
1,0.5395781575633061,1.1297729525054918,1
1,0.6369785266161436,1.1297729525054918,1
1,0.7343788956689816,1.1297729525054918,1
1,0.8317792647218192,1.1297729525054918,1
1,0.9291796337746572,1.1297729525054918,1
1,1.0265800028274952,1.1297729525054918,1
1,1.1239803718803327,1.1297729525054918,1
1,1.2213807409331707,1.1297729525054918,1
1,1.3187811099860083,1.1297729525054918,1
1,1.4161814790388463,1.1297729525054918,1
1,1.5135818480916843,1.1297729525054918,1
1,1.6109822171445218,1.1297729525054918,1
1,1.7083825861973598,1.1297729525054918,1
1,1.8057829552501978,1.1297729525054918,1
1,1.9031833243030354,1.1297729525054918,1
1,2.000583693355873,1.1297729525054918,1
1,2.0979840624087114,1.1297729525054918,1
1,2.195384431461549,1.1297729525054918,1
1,2.2927848005143865,1.1297729525054918,1
1,2.390185169567225,1.1297729525054918,1
1,2.4875855386200625,1.1297729525054918,1
1,2.5849859076729,1.1297729525054918,1
1,2.6823862767257385,1.1297729525054918,1
1,2.779786645778576,1.1297729525054918,1
1,2.8771870148314136,1.1297729525054918,1
1,2.974587383884252,1.1297729525054918,1
1,3.0719877529370896,1.1297729525054918,1
1,3.169388121989927,1.1297729525054918,1
1,3.2667884910427656,1.1297729525054918,1
1,3.364188860095603,1.1297729525054918,1
1,3.4615892291484407,1.1297729525054918,1
1,3.5589895982012782,1.1297729525054918,1
1,3.6563899672541167,1.1297729525054918,1
1,3.7537903363069542,1.1297729525054918,1
1,3.851190705359792,1.1297729525054918,1
1,3.9485910744126302,1.1297729525054918,1
1,4.045991443465468,1.1297729525054918,1
1,4.143391812518305,1.1297729525054918,1
1,4.240792181571144,1.1297729525054918,1
1,4.338192550623981,1.1297729525054918,1
1,4.435592919676819,1.1297729525054918,1
1,4.532993288729657,1.1297729525054918,1
1,-2.1876321759161534,1.207438490457053,0
1,-2.0902318068633154,1.207438490457053,0
1,-1.992831437810478,1.207438490457053,0
1,-1.89543106875764,1.207438490457053,0
1,-1.7980306997048021,1.207438490457053,0
1,-1.7006303306519643,1.207438490457053,0
1,-1.6032299615991263,1.207438490457053,0
1,-1.5058295925462886,1.207438490457053,0
1,-1.4084292234934508,1.207438490457053,0
1,-1.311028854440613,1.207438490457053,0
1,-1.2136284853877752,1.207438490457053,0
1,-1.1162281163349372,1.207438490457053,0
1,-1.0188277472820995,1.207438490457053,0
1,-0.9214273782292617,1.207438490457053,0
1,-0.8240270091764237,1.207438490457053,1
1,-0.7266266401235859,1.207438490457053,1
1,-0.6292262710707481,1.207438490457053,1
1,-0.5318259020179104,1.207438490457053,1
1,-0.4344255329650726,1.207438490457053,1
1,-0.3370251639122346,1.207438490457053,1
1,-0.2396247948593968,1.207438490457053,1
1,-0.14222442580655903,1.207438490457053,1
1,-0.04482405675372103,1.207438490457053,1
1,0.05257631229911652,1.207438490457053,1
1,0.14997668135195452,1.207438490457053,1
1,0.24737705040479252,1.207438490457053,1
1,0.3447774194576301,1.207438490457053,1
1,0.4421777885104681,1.207438490457053,1
1,0.5395781575633061,1.207438490457053,1
1,0.6369785266161436,1.207438490457053,1
1,0.7343788956689816,1.207438490457053,1
1,0.8317792647218192,1.207438490457053,1
1,0.9291796337746572,1.207438490457053,1
1,1.0265800028274952,1.207438490457053,1
1,1.1239803718803327,1.207438490457053,1
1,1.2213807409331707,1.207438490457053,1
1,1.3187811099860083,1.207438490457053,1
1,1.4161814790388463,1.207438490457053,1
1,1.5135818480916843,1.207438490457053,1
1,1.6109822171445218,1.207438490457053,1
1,1.7083825861973598,1.207438490457053,1
1,1.8057829552501978,1.207438490457053,1
1,1.9031833243030354,1.207438490457053,1
1,2.000583693355873,1.207438490457053,1
1,2.0979840624087114,1.207438490457053,1
1,2.195384431461549,1.207438490457053,1
1,2.2927848005143865,1.207438490457053,1
1,2.390185169567225,1.207438490457053,1
1,2.4875855386200625,1.207438490457053,1
1,2.5849859076729,1.207438490457053,1
1,2.6823862767257385,1.207438490457053,1
1,2.779786645778576,1.207438490457053,1
1,2.8771870148314136,1.207438490457053,1
1,2.974587383884252,1.207438490457053,1
1,3.0719877529370896,1.207438490457053,1
1,3.169388121989927,1.207438490457053,1
1,3.2667884910427656,1.207438490457053,1
1,3.364188860095603,1.207438490457053,1
1,3.4615892291484407,1.207438490457053,1
1,3.5589895982012782,1.207438490457053,1
1,3.6563899672541167,1.207438490457053,1
1,3.7537903363069542,1.207438490457053,1
1,3.851190705359792,1.207438490457053,1
1,3.9485910744126302,1.207438490457053,1
1,4.045991443465468,1.207438490457053,1
1,4.143391812518305,1.207438490457053,1
1,4.240792181571144,1.207438490457053,1
1,4.338192550623981,1.207438490457053,1
1,4.435592919676819,1.207438490457053,1
1,4.532993288729657,1.207438490457053,1
1,-2.1876321759161534,1.2851040284086137,0
1,-2.0902318068633154,1.2851040284086137,0
1,-1.992831437810478,1.2851040284086137,0
1,-1.89543106875764,1.2851040284086137,0
1,-1.7980306997048021,1.2851040284086137,0
1,-1.7006303306519643,1.2851040284086137,0
1,-1.6032299615991263,1.2851040284086137,0
1,-1.5058295925462886,1.2851040284086137,0
1,-1.4084292234934508,1.2851040284086137,0
1,-1.311028854440613,1.2851040284086137,0
1,-1.2136284853877752,1.2851040284086137,0
1,-1.1162281163349372,1.2851040284086137,0
1,-1.0188277472820995,1.2851040284086137,0
1,-0.9214273782292617,1.2851040284086137,1
1,-0.8240270091764237,1.2851040284086137,1
1,-0.7266266401235859,1.2851040284086137,1
1,-0.6292262710707481,1.2851040284086137,1
1,-0.5318259020179104,1.2851040284086137,1
1,-0.4344255329650726,1.2851040284086137,1
1,-0.3370251639122346,1.2851040284086137,1
1,-0.2396247948593968,1.2851040284086137,1
1,-0.14222442580655903,1.2851040284086137,1
1,-0.04482405675372103,1.2851040284086137,1
1,0.05257631229911652,1.2851040284086137,1
1,0.14997668135195452,1.2851040284086137,1
1,0.24737705040479252,1.2851040284086137,1
1,0.3447774194576301,1.2851040284086137,1
1,0.4421777885104681,1.2851040284086137,1
1,0.5395781575633061,1.2851040284086137,1
1,0.6369785266161436,1.2851040284086137,1
1,0.7343788956689816,1.2851040284086137,1
1,0.8317792647218192,1.2851040284086137,1
1,0.9291796337746572,1.2851040284086137,1
1,1.0265800028274952,1.2851040284086137,1
1,1.1239803718803327,1.2851040284086137,1
1,1.2213807409331707,1.2851040284086137,1
1,1.3187811099860083,1.2851040284086137,1
1,1.4161814790388463,1.2851040284086137,1
1,1.5135818480916843,1.2851040284086137,1
1,1.6109822171445218,1.2851040284086137,1
1,1.7083825861973598,1.2851040284086137,1
1,1.8057829552501978,1.2851040284086137,1
1,1.9031833243030354,1.2851040284086137,1
1,2.000583693355873,1.2851040284086137,1
1,2.0979840624087114,1.2851040284086137,1
1,2.195384431461549,1.2851040284086137,1
1,2.2927848005143865,1.2851040284086137,1
1,2.390185169567225,1.2851040284086137,1
1,2.4875855386200625,1.2851040284086137,1
1,2.5849859076729,1.2851040284086137,1
1,2.6823862767257385,1.2851040284086137,1
1,2.779786645778576,1.2851040284086137,1
1,2.8771870148314136,1.2851040284086137,1
1,2.974587383884252,1.2851040284086137,1
1,3.0719877529370896,1.2851040284086137,1
1,3.169388121989927,1.2851040284086137,1
1,3.2667884910427656,1.2851040284086137,1
1,3.364188860095603,1.2851040284086137,1
1,3.4615892291484407,1.2851040284086137,1
1,3.5589895982012782,1.2851040284086137,1
1,3.6563899672541167,1.2851040284086137,1
1,3.7537903363069542,1.2851040284086137,1
1,3.851190705359792,1.2851040284086137,1
1,3.9485910744126302,1.2851040284086137,1
1,4.045991443465468,1.2851040284086137,1
1,4.143391812518305,1.2851040284086137,1
1,4.240792181571144,1.2851040284086137,1
1,4.338192550623981,1.2851040284086137,1
1,4.435592919676819,1.2851040284086137,1
1,4.532993288729657,1.2851040284086137,1
1,-2.1876321759161534,1.3627695663601749,0
1,-2.0902318068633154,1.3627695663601749,0
1,-1.992831437810478,1.3627695663601749,0
1,-1.89543106875764,1.3627695663601749,0
1,-1.7980306997048021,1.3627695663601749,0
1,-1.7006303306519643,1.3627695663601749,0
1,-1.6032299615991263,1.3627695663601749,0
1,-1.5058295925462886,1.3627695663601749,0
1,-1.4084292234934508,1.3627695663601749,0
1,-1.311028854440613,1.3627695663601749,0
1,-1.2136284853877752,1.3627695663601749,0
1,-1.1162281163349372,1.3627695663601749,0
1,-1.0188277472820995,1.3627695663601749,0
1,-0.9214273782292617,1.3627695663601749,1
1,-0.8240270091764237,1.3627695663601749,1
1,-0.7266266401235859,1.3627695663601749,1
1,-0.6292262710707481,1.3627695663601749,1
1,-0.5318259020179104,1.3627695663601749,1
1,-0.4344255329650726,1.3627695663601749,1
1,-0.3370251639122346,1.3627695663601749,1
1,-0.2396247948593968,1.3627695663601749,1
1,-0.14222442580655903,1.3627695663601749,1
1,-0.04482405675372103,1.3627695663601749,1
1,0.05257631229911652,1.3627695663601749,1
1,0.14997668135195452,1.3627695663601749,1
1,0.24737705040479252,1.3627695663601749,1
1,0.3447774194576301,1.3627695663601749,1
1,0.4421777885104681,1.3627695663601749,1
1,0.5395781575633061,1.3627695663601749,1
1,0.6369785266161436,1.3627695663601749,1
1,0.7343788956689816,1.3627695663601749,1
1,0.8317792647218192,1.3627695663601749,1
1,0.9291796337746572,1.3627695663601749,1
1,1.0265800028274952,1.3627695663601749,1
1,1.1239803718803327,1.3627695663601749,1
1,1.2213807409331707,1.3627695663601749,1
1,1.3187811099860083,1.3627695663601749,1
1,1.4161814790388463,1.3627695663601749,1
1,1.5135818480916843,1.3627695663601749,1
1,1.6109822171445218,1.3627695663601749,1
1,1.7083825861973598,1.3627695663601749,1
1,1.8057829552501978,1.3627695663601749,1
1,1.9031833243030354,1.3627695663601749,1
1,2.000583693355873,1.3627695663601749,1
1,2.0979840624087114,1.3627695663601749,1
1,2.195384431461549,1.3627695663601749,1
1,2.2927848005143865,1.3627695663601749,1
1,2.390185169567225,1.3627695663601749,1
1,2.4875855386200625,1.3627695663601749,1
1,2.5849859076729,1.3627695663601749,1
1,2.6823862767257385,1.3627695663601749,1
1,2.779786645778576,1.3627695663601749,1
1,2.8771870148314136,1.3627695663601749,1
1,2.974587383884252,1.3627695663601749,1
1,3.0719877529370896,1.3627695663601749,1
1,3.169388121989927,1.3627695663601749,1
1,3.2667884910427656,1.3627695663601749,1
1,3.364188860095603,1.3627695663601749,1
1,3.4615892291484407,1.3627695663601749,1
1,3.5589895982012782,1.3627695663601749,1
1,3.6563899672541167,1.3627695663601749,1
1,3.7537903363069542,1.3627695663601749,1
1,3.851190705359792,1.3627695663601749,1
1,3.9485910744126302,1.3627695663601749,1
1,4.045991443465468,1.3627695663601749,1
1,4.143391812518305,1.3627695663601749,1
1,4.240792181571144,1.3627695663601749,1
1,4.338192550623981,1.3627695663601749,1
1,4.435592919676819,1.3627695663601749,1
1,4.532993288729657,1.3627695663601749,1
1,-2.1876321759161534,1.440435104311736,0
1,-2.0902318068633154,1.440435104311736,0
1,-1.992831437810478,1.440435104311736,0
1,-1.89543106875764,1.440435104311736,0
1,-1.7980306997048021,1.440435104311736,0
1,-1.7006303306519643,1.440435104311736,0
1,-1.6032299615991263,1.440435104311736,0
1,-1.5058295925462886,1.440435104311736,0
1,-1.4084292234934508,1.440435104311736,0
1,-1.311028854440613,1.440435104311736,0
1,-1.2136284853877752,1.440435104311736,0
1,-1.1162281163349372,1.440435104311736,0
1,-1.0188277472820995,1.440435104311736,0
1,-0.9214273782292617,1.440435104311736,1
1,-0.8240270091764237,1.440435104311736,1
1,-0.7266266401235859,1.440435104311736,1
1,-0.6292262710707481,1.440435104311736,1
1,-0.5318259020179104,1.440435104311736,1
1,-0.4344255329650726,1.440435104311736,1
1,-0.3370251639122346,1.440435104311736,1
1,-0.2396247948593968,1.440435104311736,1
1,-0.14222442580655903,1.440435104311736,1
1,-0.04482405675372103,1.440435104311736,1
1,0.05257631229911652,1.440435104311736,1
1,0.14997668135195452,1.440435104311736,1
1,0.24737705040479252,1.440435104311736,1
1,0.3447774194576301,1.440435104311736,1
1,0.4421777885104681,1.440435104311736,1
1,0.5395781575633061,1.440435104311736,1
1,0.6369785266161436,1.440435104311736,1
1,0.7343788956689816,1.440435104311736,1
1,0.8317792647218192,1.440435104311736,1
1,0.9291796337746572,1.440435104311736,1
1,1.0265800028274952,1.440435104311736,1
1,1.1239803718803327,1.440435104311736,1
1,1.2213807409331707,1.440435104311736,1
1,1.3187811099860083,1.440435104311736,1
1,1.4161814790388463,1.440435104311736,1
1,1.5135818480916843,1.440435104311736,1
1,1.6109822171445218,1.440435104311736,1
1,1.7083825861973598,1.440435104311736,1
1,1.8057829552501978,1.440435104311736,1
1,1.9031833243030354,1.440435104311736,1
1,2.000583693355873,1.440435104311736,1
1,2.0979840624087114,1.440435104311736,1
1,2.195384431461549,1.440435104311736,1
1,2.2927848005143865,1.440435104311736,1
1,2.390185169567225,1.440435104311736,1
1,2.4875855386200625,1.440435104311736,1
1,2.5849859076729,1.440435104311736,1
1,2.6823862767257385,1.440435104311736,1
1,2.779786645778576,1.440435104311736,1
1,2.8771870148314136,1.440435104311736,1
1,2.974587383884252,1.440435104311736,1
1,3.0719877529370896,1.440435104311736,1
1,3.169388121989927,1.440435104311736,1
1,3.2667884910427656,1.440435104311736,1
1,3.364188860095603,1.440435104311736,1
1,3.4615892291484407,1.440435104311736,1
1,3.5589895982012782,1.440435104311736,1
1,3.6563899672541167,1.440435104311736,1
1,3.7537903363069542,1.440435104311736,1
1,3.851190705359792,1.440435104311736,1
1,3.9485910744126302,1.440435104311736,1
1,4.045991443465468,1.440435104311736,1
1,4.143391812518305,1.440435104311736,1
1,4.240792181571144,1.440435104311736,1
1,4.338192550623981,1.440435104311736,1
1,4.435592919676819,1.440435104311736,1
1,4.532993288729657,1.440435104311736,1
1,-2.1876321759161534,1.5181006422632968,0
1,-2.0902318068633154,1.5181006422632968,0
1,-1.992831437810478,1.5181006422632968,0
1,-1.89543106875764,1.5181006422632968,0
1,-1.7980306997048021,1.5181006422632968,0
1,-1.7006303306519643,1.5181006422632968,0
1,-1.6032299615991263,1.5181006422632968,0
1,-1.5058295925462886,1.5181006422632968,0
1,-1.4084292234934508,1.5181006422632968,0
1,-1.311028854440613,1.5181006422632968,0
1,-1.2136284853877752,1.5181006422632968,0
1,-1.1162281163349372,1.5181006422632968,0
1,-1.0188277472820995,1.5181006422632968,0
1,-0.9214273782292617,1.5181006422632968,1
1,-0.8240270091764237,1.5181006422632968,1
1,-0.7266266401235859,1.5181006422632968,1
1,-0.6292262710707481,1.5181006422632968,1
1,-0.5318259020179104,1.5181006422632968,1
1,-0.4344255329650726,1.5181006422632968,1
1,-0.3370251639122346,1.5181006422632968,1
1,-0.2396247948593968,1.5181006422632968,1
1,-0.14222442580655903,1.5181006422632968,1
1,-0.04482405675372103,1.5181006422632968,1
1,0.05257631229911652,1.5181006422632968,1
1,0.14997668135195452,1.5181006422632968,1
1,0.24737705040479252,1.5181006422632968,1
1,0.3447774194576301,1.5181006422632968,1
1,0.4421777885104681,1.5181006422632968,1
1,0.5395781575633061,1.5181006422632968,1
1,0.6369785266161436,1.5181006422632968,1
1,0.7343788956689816,1.5181006422632968,1
1,0.8317792647218192,1.5181006422632968,1
1,0.9291796337746572,1.5181006422632968,1
1,1.0265800028274952,1.5181006422632968,1
1,1.1239803718803327,1.5181006422632968,1
1,1.2213807409331707,1.5181006422632968,1
1,1.3187811099860083,1.5181006422632968,1
1,1.4161814790388463,1.5181006422632968,1
1,1.5135818480916843,1.5181006422632968,1
1,1.6109822171445218,1.5181006422632968,1
1,1.7083825861973598,1.5181006422632968,1
1,1.8057829552501978,1.5181006422632968,1
1,1.9031833243030354,1.5181006422632968,1
1,2.000583693355873,1.5181006422632968,1
1,2.0979840624087114,1.5181006422632968,1
1,2.195384431461549,1.5181006422632968,1
1,2.2927848005143865,1.5181006422632968,1
1,2.390185169567225,1.5181006422632968,1
1,2.4875855386200625,1.5181006422632968,1
1,2.5849859076729,1.5181006422632968,1
1,2.6823862767257385,1.5181006422632968,1
1,2.779786645778576,1.5181006422632968,1
1,2.8771870148314136,1.5181006422632968,1
1,2.974587383884252,1.5181006422632968,1
1,3.0719877529370896,1.5181006422632968,1
1,3.169388121989927,1.5181006422632968,1
1,3.2667884910427656,1.5181006422632968,1
1,3.364188860095603,1.5181006422632968,1
1,3.4615892291484407,1.5181006422632968,1
1,3.5589895982012782,1.5181006422632968,1
1,3.6563899672541167,1.5181006422632968,1
1,3.7537903363069542,1.5181006422632968,1
1,3.851190705359792,1.5181006422632968,1
1,3.9485910744126302,1.5181006422632968,1
1,4.045991443465468,1.5181006422632968,1
1,4.143391812518305,1.5181006422632968,1
1,4.240792181571144,1.5181006422632968,1
1,4.338192550623981,1.5181006422632968,1
1,4.435592919676819,1.5181006422632968,1
1,4.532993288729657,1.5181006422632968,1
1,-2.1876321759161534,1.595766180214858,0
1,-2.0902318068633154,1.595766180214858,0
1,-1.992831437810478,1.595766180214858,0
1,-1.89543106875764,1.595766180214858,0
1,-1.7980306997048021,1.595766180214858,0
1,-1.7006303306519643,1.595766180214858,0
1,-1.6032299615991263,1.595766180214858,0
1,-1.5058295925462886,1.595766180214858,0
1,-1.4084292234934508,1.595766180214858,0
1,-1.311028854440613,1.595766180214858,0
1,-1.2136284853877752,1.595766180214858,0
1,-1.1162281163349372,1.595766180214858,0
1,-1.0188277472820995,1.595766180214858,1
1,-0.9214273782292617,1.595766180214858,1
1,-0.8240270091764237,1.595766180214858,1
1,-0.7266266401235859,1.595766180214858,1
1,-0.6292262710707481,1.595766180214858,1
1,-0.5318259020179104,1.595766180214858,1
1,-0.4344255329650726,1.595766180214858,1
1,-0.3370251639122346,1.595766180214858,1
1,-0.2396247948593968,1.595766180214858,1
1,-0.14222442580655903,1.595766180214858,1
1,-0.04482405675372103,1.595766180214858,1
1,0.05257631229911652,1.595766180214858,1
1,0.14997668135195452,1.595766180214858,1
1,0.24737705040479252,1.595766180214858,1
1,0.3447774194576301,1.595766180214858,1
1,0.4421777885104681,1.595766180214858,1
1,0.5395781575633061,1.595766180214858,1
1,0.6369785266161436,1.595766180214858,1
1,0.7343788956689816,1.595766180214858,1
1,0.8317792647218192,1.595766180214858,1
1,0.9291796337746572,1.595766180214858,1
1,1.0265800028274952,1.595766180214858,1
1,1.1239803718803327,1.595766180214858,1
1,1.2213807409331707,1.595766180214858,1
1,1.3187811099860083,1.595766180214858,1
1,1.4161814790388463,1.595766180214858,1
1,1.5135818480916843,1.595766180214858,1
1,1.6109822171445218,1.595766180214858,1
1,1.7083825861973598,1.595766180214858,1
1,1.8057829552501978,1.595766180214858,1
1,1.9031833243030354,1.595766180214858,1
1,2.000583693355873,1.595766180214858,1
1,2.0979840624087114,1.595766180214858,1
1,2.195384431461549,1.595766180214858,1
1,2.2927848005143865,1.595766180214858,1
1,2.390185169567225,1.595766180214858,1
1,2.4875855386200625,1.595766180214858,1
1,2.5849859076729,1.595766180214858,1
1,2.6823862767257385,1.595766180214858,1
1,2.779786645778576,1.595766180214858,1
1,2.8771870148314136,1.595766180214858,1
1,2.974587383884252,1.595766180214858,1
1,3.0719877529370896,1.595766180214858,1
1,3.169388121989927,1.595766180214858,1
1,3.2667884910427656,1.595766180214858,1
1,3.364188860095603,1.595766180214858,1
1,3.4615892291484407,1.595766180214858,1
1,3.5589895982012782,1.595766180214858,1
1,3.6563899672541167,1.595766180214858,1
1,3.7537903363069542,1.595766180214858,1
1,3.851190705359792,1.595766180214858,1
1,3.9485910744126302,1.595766180214858,1
1,4.045991443465468,1.595766180214858,1
1,4.143391812518305,1.595766180214858,1
1,4.240792181571144,1.595766180214858,1
1,4.338192550623981,1.595766180214858,1
1,4.435592919676819,1.595766180214858,1
1,4.532993288729657,1.595766180214858,1
1,-2.1876321759161534,1.6734317181664191,0
1,-2.0902318068633154,1.6734317181664191,0
1,-1.992831437810478,1.6734317181664191,0
1,-1.89543106875764,1.6734317181664191,0
1,-1.7980306997048021,1.6734317181664191,0
1,-1.7006303306519643,1.6734317181664191,0
1,-1.6032299615991263,1.6734317181664191,0
1,-1.5058295925462886,1.6734317181664191,0
1,-1.4084292234934508,1.6734317181664191,0
1,-1.311028854440613,1.6734317181664191,0
1,-1.2136284853877752,1.6734317181664191,1
1,-1.1162281163349372,1.6734317181664191,1
1,-1.0188277472820995,1.6734317181664191,1
1,-0.9214273782292617,1.6734317181664191,1
1,-0.8240270091764237,1.6734317181664191,1
1,-0.7266266401235859,1.6734317181664191,1
1,-0.6292262710707481,1.6734317181664191,1
1,-0.5318259020179104,1.6734317181664191,1
1,-0.4344255329650726,1.6734317181664191,1
1,-0.3370251639122346,1.6734317181664191,1
1,-0.2396247948593968,1.6734317181664191,1
1,-0.14222442580655903,1.6734317181664191,1
1,-0.04482405675372103,1.6734317181664191,1
1,0.05257631229911652,1.6734317181664191,1
1,0.14997668135195452,1.6734317181664191,1
1,0.24737705040479252,1.6734317181664191,1
1,0.3447774194576301,1.6734317181664191,1
1,0.4421777885104681,1.6734317181664191,1
1,0.5395781575633061,1.6734317181664191,1
1,0.6369785266161436,1.6734317181664191,1
1,0.7343788956689816,1.6734317181664191,1
1,0.8317792647218192,1.6734317181664191,1
1,0.9291796337746572,1.6734317181664191,1
1,1.0265800028274952,1.6734317181664191,1
1,1.1239803718803327,1.6734317181664191,1
1,1.2213807409331707,1.6734317181664191,1
1,1.3187811099860083,1.6734317181664191,1
1,1.4161814790388463,1.6734317181664191,1
1,1.5135818480916843,1.6734317181664191,1
1,1.6109822171445218,1.6734317181664191,1
1,1.7083825861973598,1.6734317181664191,1
1,1.8057829552501978,1.6734317181664191,1
1,1.9031833243030354,1.6734317181664191,1
1,2.000583693355873,1.6734317181664191,1
1,2.0979840624087114,1.6734317181664191,1
1,2.195384431461549,1.6734317181664191,1
1,2.2927848005143865,1.6734317181664191,1
1,2.390185169567225,1.6734317181664191,1
1,2.4875855386200625,1.6734317181664191,1
1,2.5849859076729,1.6734317181664191,1
1,2.6823862767257385,1.6734317181664191,1
1,2.779786645778576,1.6734317181664191,1
1,2.8771870148314136,1.6734317181664191,1
1,2.974587383884252,1.6734317181664191,1
1,3.0719877529370896,1.6734317181664191,1
1,3.169388121989927,1.6734317181664191,1
1,3.2667884910427656,1.6734317181664191,1
1,3.364188860095603,1.6734317181664191,1
1,3.4615892291484407,1.6734317181664191,1
1,3.5589895982012782,1.6734317181664191,1
1,3.6563899672541167,1.6734317181664191,1
1,3.7537903363069542,1.6734317181664191,1
1,3.851190705359792,1.6734317181664191,1
1,3.9485910744126302,1.6734317181664191,1
1,4.045991443465468,1.6734317181664191,1
1,4.143391812518305,1.6734317181664191,1
1,4.240792181571144,1.6734317181664191,1
1,4.338192550623981,1.6734317181664191,1
1,4.435592919676819,1.6734317181664191,1
1,4.532993288729657,1.6734317181664191,1
1,-2.1876321759161534,1.7510972561179803,0
1,-2.0902318068633154,1.7510972561179803,0
1,-1.992831437810478,1.7510972561179803,0
1,-1.89543106875764,1.7510972561179803,0
1,-1.7980306997048021,1.7510972561179803,0
1,-1.7006303306519643,1.7510972561179803,0
1,-1.6032299615991263,1.7510972561179803,0
1,-1.5058295925462886,1.7510972561179803,0
1,-1.4084292234934508,1.7510972561179803,1
1,-1.311028854440613,1.7510972561179803,1
1,-1.2136284853877752,1.7510972561179803,1
1,-1.1162281163349372,1.7510972561179803,1
1,-1.0188277472820995,1.7510972561179803,1
1,-0.9214273782292617,1.7510972561179803,1
1,-0.8240270091764237,1.7510972561179803,1
1,-0.7266266401235859,1.7510972561179803,1
1,-0.6292262710707481,1.7510972561179803,1
1,-0.5318259020179104,1.7510972561179803,1
1,-0.4344255329650726,1.7510972561179803,1
1,-0.3370251639122346,1.7510972561179803,1
1,-0.2396247948593968,1.7510972561179803,1
1,-0.14222442580655903,1.7510972561179803,1
1,-0.04482405675372103,1.7510972561179803,1
1,0.05257631229911652,1.7510972561179803,1
1,0.14997668135195452,1.7510972561179803,1
1,0.24737705040479252,1.7510972561179803,1
1,0.3447774194576301,1.7510972561179803,1
1,0.4421777885104681,1.7510972561179803,1
1,0.5395781575633061,1.7510972561179803,1
1,0.6369785266161436,1.7510972561179803,1
1,0.7343788956689816,1.7510972561179803,1
1,0.8317792647218192,1.7510972561179803,1
1,0.9291796337746572,1.7510972561179803,1
1,1.0265800028274952,1.7510972561179803,1
1,1.1239803718803327,1.7510972561179803,1
1,1.2213807409331707,1.7510972561179803,1
1,1.3187811099860083,1.7510972561179803,1
1,1.4161814790388463,1.7510972561179803,1
1,1.5135818480916843,1.7510972561179803,1
1,1.6109822171445218,1.7510972561179803,1
1,1.7083825861973598,1.7510972561179803,1
1,1.8057829552501978,1.7510972561179803,1
1,1.9031833243030354,1.7510972561179803,1
1,2.000583693355873,1.7510972561179803,1
1,2.0979840624087114,1.7510972561179803,1
1,2.195384431461549,1.7510972561179803,1
1,2.2927848005143865,1.7510972561179803,1
1,2.390185169567225,1.7510972561179803,1
1,2.4875855386200625,1.7510972561179803,1
1,2.5849859076729,1.7510972561179803,1
1,2.6823862767257385,1.7510972561179803,1
1,2.779786645778576,1.7510972561179803,1
1,2.8771870148314136,1.7510972561179803,1
1,2.974587383884252,1.7510972561179803,1
1,3.0719877529370896,1.7510972561179803,1
1,3.169388121989927,1.7510972561179803,1
1,3.2667884910427656,1.7510972561179803,1
1,3.364188860095603,1.7510972561179803,1
1,3.4615892291484407,1.7510972561179803,1
1,3.5589895982012782,1.7510972561179803,1
1,3.6563899672541167,1.7510972561179803,1
1,3.7537903363069542,1.7510972561179803,1
1,3.851190705359792,1.7510972561179803,1
1,3.9485910744126302,1.7510972561179803,1
1,4.045991443465468,1.7510972561179803,1
1,4.143391812518305,1.7510972561179803,1
1,4.240792181571144,1.7510972561179803,1
1,4.338192550623981,1.7510972561179803,1
1,4.435592919676819,1.7510972561179803,1
1,4.532993288729657,1.7510972561179803,1
1,-2.1876321759161534,1.8287627940695415,0
1,-2.0902318068633154,1.8287627940695415,0
1,-1.992831437810478,1.8287627940695415,0
1,-1.89543106875764,1.8287627940695415,0
1,-1.7980306997048021,1.8287627940695415,0
1,-1.7006303306519643,1.8287627940695415,0
1,-1.6032299615991263,1.8287627940695415,0
1,-1.5058295925462886,1.8287627940695415,1
1,-1.4084292234934508,1.8287627940695415,1
1,-1.311028854440613,1.8287627940695415,1
1,-1.2136284853877752,1.8287627940695415,1
1,-1.1162281163349372,1.8287627940695415,1
1,-1.0188277472820995,1.8287627940695415,1
1,-0.9214273782292617,1.8287627940695415,1
1,-0.8240270091764237,1.8287627940695415,1
1,-0.7266266401235859,1.8287627940695415,1
1,-0.6292262710707481,1.8287627940695415,1
1,-0.5318259020179104,1.8287627940695415,1
1,-0.4344255329650726,1.8287627940695415,1
1,-0.3370251639122346,1.8287627940695415,1
1,-0.2396247948593968,1.8287627940695415,1
1,-0.14222442580655903,1.8287627940695415,1
1,-0.04482405675372103,1.8287627940695415,1
1,0.05257631229911652,1.8287627940695415,1
1,0.14997668135195452,1.8287627940695415,1
1,0.24737705040479252,1.8287627940695415,1
1,0.3447774194576301,1.8287627940695415,1
1,0.4421777885104681,1.8287627940695415,1
1,0.5395781575633061,1.8287627940695415,1
1,0.6369785266161436,1.8287627940695415,1
1,0.7343788956689816,1.8287627940695415,1
1,0.8317792647218192,1.8287627940695415,1
1,0.9291796337746572,1.8287627940695415,1
1,1.0265800028274952,1.8287627940695415,1
1,1.1239803718803327,1.8287627940695415,1
1,1.2213807409331707,1.8287627940695415,1
1,1.3187811099860083,1.8287627940695415,1
1,1.4161814790388463,1.8287627940695415,1
1,1.5135818480916843,1.8287627940695415,1
1,1.6109822171445218,1.8287627940695415,1
1,1.7083825861973598,1.8287627940695415,1
1,1.8057829552501978,1.8287627940695415,1
1,1.9031833243030354,1.8287627940695415,1
1,2.000583693355873,1.8287627940695415,1
1,2.0979840624087114,1.8287627940695415,1
1,2.195384431461549,1.8287627940695415,1
1,2.2927848005143865,1.8287627940695415,1
1,2.390185169567225,1.8287627940695415,1
1,2.4875855386200625,1.8287627940695415,1
1,2.5849859076729,1.8287627940695415,1
1,2.6823862767257385,1.8287627940695415,1
1,2.779786645778576,1.8287627940695415,1
1,2.8771870148314136,1.8287627940695415,1
1,2.974587383884252,1.8287627940695415,1
1,3.0719877529370896,1.8287627940695415,1
1,3.169388121989927,1.8287627940695415,1
1,3.2667884910427656,1.8287627940695415,1
1,3.364188860095603,1.8287627940695415,1
1,3.4615892291484407,1.8287627940695415,1
1,3.5589895982012782,1.8287627940695415,1
1,3.6563899672541167,1.8287627940695415,1
1,3.7537903363069542,1.8287627940695415,1
1,3.851190705359792,1.8287627940695415,1
1,3.9485910744126302,1.8287627940695415,1
1,4.045991443465468,1.8287627940695415,1
1,4.143391812518305,1.8287627940695415,1
1,4.240792181571144,1.8287627940695415,1
1,4.338192550623981,1.8287627940695415,1
1,4.435592919676819,1.8287627940695415,1
1,4.532993288729657,1.8287627940695415,1
1,-2.1876321759161534,1.9064283320211026,0
1,-2.0902318068633154,1.9064283320211026,0
1,-1.992831437810478,1.9064283320211026,0
1,-1.89543106875764,1.9064283320211026,0
1,-1.7980306997048021,1.9064283320211026,0
1,-1.7006303306519643,1.9064283320211026,1
1,-1.6032299615991263,1.9064283320211026,1
1,-1.5058295925462886,1.9064283320211026,1
1,-1.4084292234934508,1.9064283320211026,1
1,-1.311028854440613,1.9064283320211026,1
1,-1.2136284853877752,1.9064283320211026,1
1,-1.1162281163349372,1.9064283320211026,1
1,-1.0188277472820995,1.9064283320211026,1
1,-0.9214273782292617,1.9064283320211026,1
1,-0.8240270091764237,1.9064283320211026,1
1,-0.7266266401235859,1.9064283320211026,1
1,-0.6292262710707481,1.9064283320211026,1
1,-0.5318259020179104,1.9064283320211026,1
1,-0.4344255329650726,1.9064283320211026,1
1,-0.3370251639122346,1.9064283320211026,1
1,-0.2396247948593968,1.9064283320211026,1
1,-0.14222442580655903,1.9064283320211026,1
1,-0.04482405675372103,1.9064283320211026,1
1,0.05257631229911652,1.9064283320211026,1
1,0.14997668135195452,1.9064283320211026,1
1,0.24737705040479252,1.9064283320211026,1
1,0.3447774194576301,1.9064283320211026,1
1,0.4421777885104681,1.9064283320211026,1
1,0.5395781575633061,1.9064283320211026,1
1,0.6369785266161436,1.9064283320211026,1
1,0.7343788956689816,1.9064283320211026,1
1,0.8317792647218192,1.9064283320211026,1
1,0.9291796337746572,1.9064283320211026,1
1,1.0265800028274952,1.9064283320211026,1
1,1.1239803718803327,1.9064283320211026,1
1,1.2213807409331707,1.9064283320211026,1
1,1.3187811099860083,1.9064283320211026,1
1,1.4161814790388463,1.9064283320211026,1
1,1.5135818480916843,1.9064283320211026,1
1,1.6109822171445218,1.9064283320211026,1
1,1.7083825861973598,1.9064283320211026,1
1,1.8057829552501978,1.9064283320211026,1
1,1.9031833243030354,1.9064283320211026,1
1,2.000583693355873,1.9064283320211026,1
1,2.0979840624087114,1.9064283320211026,1
1,2.195384431461549,1.9064283320211026,1
1,2.2927848005143865,1.9064283320211026,1
1,2.390185169567225,1.9064283320211026,1
1,2.4875855386200625,1.9064283320211026,1
1,2.5849859076729,1.9064283320211026,1
1,2.6823862767257385,1.9064283320211026,1
1,2.779786645778576,1.9064283320211026,1
1,2.8771870148314136,1.9064283320211026,1
1,2.974587383884252,1.9064283320211026,1
1,3.0719877529370896,1.9064283320211026,1
1,3.169388121989927,1.9064283320211026,1
1,3.2667884910427656,1.9064283320211026,1
1,3.364188860095603,1.9064283320211026,1
1,3.4615892291484407,1.9064283320211026,1
1,3.5589895982012782,1.9064283320211026,1
1,3.6563899672541167,1.9064283320211026,1
1,3.7537903363069542,1.9064283320211026,1
1,3.851190705359792,1.9064283320211026,1
1,3.9485910744126302,1.9064283320211026,1
1,4.045991443465468,1.9064283320211026,1
1,4.143391812518305,1.9064283320211026,1
1,4.240792181571144,1.9064283320211026,1
1,4.338192550623981,1.9064283320211026,1
1,4.435592919676819,1.9064283320211026,1
1,4.532993288729657,1.9064283320211026,1
1,-2.1876321759161534,1.984093869972663,0
1,-2.0902318068633154,1.984093869972663,0
1,-1.992831437810478,1.984093869972663,0
1,-1.89543106875764,1.984093869972663,0
1,-1.7980306997048021,1.984093869972663,1
1,-1.7006303306519643,1.984093869972663,1
1,-1.6032299615991263,1.984093869972663,1
1,-1.5058295925462886,1.984093869972663,1
1,-1.4084292234934508,1.984093869972663,1
1,-1.311028854440613,1.984093869972663,1
1,-1.2136284853877752,1.984093869972663,1
1,-1.1162281163349372,1.984093869972663,1
1,-1.0188277472820995,1.984093869972663,1
1,-0.9214273782292617,1.984093869972663,1
1,-0.8240270091764237,1.984093869972663,1
1,-0.7266266401235859,1.984093869972663,1
1,-0.6292262710707481,1.984093869972663,1
1,-0.5318259020179104,1.984093869972663,1
1,-0.4344255329650726,1.984093869972663,1
1,-0.3370251639122346,1.984093869972663,1
1,-0.2396247948593968,1.984093869972663,1
1,-0.14222442580655903,1.984093869972663,1
1,-0.04482405675372103,1.984093869972663,1
1,0.05257631229911652,1.984093869972663,1
1,0.14997668135195452,1.984093869972663,1
1,0.24737705040479252,1.984093869972663,1
1,0.3447774194576301,1.984093869972663,1
1,0.4421777885104681,1.984093869972663,1
1,0.5395781575633061,1.984093869972663,1
1,0.6369785266161436,1.984093869972663,1
1,0.7343788956689816,1.984093869972663,1
1,0.8317792647218192,1.984093869972663,1
1,0.9291796337746572,1.984093869972663,1
1,1.0265800028274952,1.984093869972663,1
1,1.1239803718803327,1.984093869972663,1
1,1.2213807409331707,1.984093869972663,1
1,1.3187811099860083,1.984093869972663,1
1,1.4161814790388463,1.984093869972663,1
1,1.5135818480916843,1.984093869972663,1
1,1.6109822171445218,1.984093869972663,1
1,1.7083825861973598,1.984093869972663,1
1,1.8057829552501978,1.984093869972663,1
1,1.9031833243030354,1.984093869972663,1
1,2.000583693355873,1.984093869972663,1
1,2.0979840624087114,1.984093869972663,1
1,2.195384431461549,1.984093869972663,1
1,2.2927848005143865,1.984093869972663,1
1,2.390185169567225,1.984093869972663,1
1,2.4875855386200625,1.984093869972663,1
1,2.5849859076729,1.984093869972663,1
1,2.6823862767257385,1.984093869972663,1
1,2.779786645778576,1.984093869972663,1
1,2.8771870148314136,1.984093869972663,1
1,2.974587383884252,1.984093869972663,1
1,3.0719877529370896,1.984093869972663,1
1,3.169388121989927,1.984093869972663,1
1,3.2667884910427656,1.984093869972663,1
1,3.364188860095603,1.984093869972663,1
1,3.4615892291484407,1.984093869972663,1
1,3.5589895982012782,1.984093869972663,1
1,3.6563899672541167,1.984093869972663,1
1,3.7537903363069542,1.984093869972663,1
1,3.851190705359792,1.984093869972663,1
1,3.9485910744126302,1.984093869972663,1
1,4.045991443465468,1.984093869972663,1
1,4.143391812518305,1.984093869972663,1
1,4.240792181571144,1.984093869972663,1
1,4.338192550623981,1.984093869972663,1
1,4.435592919676819,1.984093869972663,1
1,4.532993288729657,1.984093869972663,1
1,-2.1876321759161534,2.061759407924224,0
1,-2.0902318068633154,2.061759407924224,0
1,-1.992831437810478,2.061759407924224,1
1,-1.89543106875764,2.061759407924224,1
1,-1.7980306997048021,2.061759407924224,1
1,-1.7006303306519643,2.061759407924224,1
1,-1.6032299615991263,2.061759407924224,1
1,-1.5058295925462886,2.061759407924224,1
1,-1.4084292234934508,2.061759407924224,1
1,-1.311028854440613,2.061759407924224,1
1,-1.2136284853877752,2.061759407924224,1
1,-1.1162281163349372,2.061759407924224,1
1,-1.0188277472820995,2.061759407924224,1
1,-0.9214273782292617,2.061759407924224,1
1,-0.8240270091764237,2.061759407924224,1
1,-0.7266266401235859,2.061759407924224,1
1,-0.6292262710707481,2.061759407924224,1
1,-0.5318259020179104,2.061759407924224,1
1,-0.4344255329650726,2.061759407924224,1
1,-0.3370251639122346,2.061759407924224,1
1,-0.2396247948593968,2.061759407924224,1
1,-0.14222442580655903,2.061759407924224,1
1,-0.04482405675372103,2.061759407924224,1
1,0.05257631229911652,2.061759407924224,1
1,0.14997668135195452,2.061759407924224,1
1,0.24737705040479252,2.061759407924224,1
1,0.3447774194576301,2.061759407924224,1
1,0.4421777885104681,2.061759407924224,1
1,0.5395781575633061,2.061759407924224,1
1,0.6369785266161436,2.061759407924224,1
1,0.7343788956689816,2.061759407924224,1
1,0.8317792647218192,2.061759407924224,1
1,0.9291796337746572,2.061759407924224,1
1,1.0265800028274952,2.061759407924224,1
1,1.1239803718803327,2.061759407924224,1
1,1.2213807409331707,2.061759407924224,1
1,1.3187811099860083,2.061759407924224,1
1,1.4161814790388463,2.061759407924224,1
1,1.5135818480916843,2.061759407924224,1
1,1.6109822171445218,2.061759407924224,1
1,1.7083825861973598,2.061759407924224,1
1,1.8057829552501978,2.061759407924224,1
1,1.9031833243030354,2.061759407924224,1
1,2.000583693355873,2.061759407924224,1
1,2.0979840624087114,2.061759407924224,1
1,2.195384431461549,2.061759407924224,1
1,2.2927848005143865,2.061759407924224,1
1,2.390185169567225,2.061759407924224,1
1,2.4875855386200625,2.061759407924224,1
1,2.5849859076729,2.061759407924224,1
1,2.6823862767257385,2.061759407924224,1
1,2.779786645778576,2.061759407924224,1
1,2.8771870148314136,2.061759407924224,1
1,2.974587383884252,2.061759407924224,1
1,3.0719877529370896,2.061759407924224,1
1,3.169388121989927,2.061759407924224,1
1,3.2667884910427656,2.061759407924224,1
1,3.364188860095603,2.061759407924224,1
1,3.4615892291484407,2.061759407924224,1
1,3.5589895982012782,2.061759407924224,1
1,3.6563899672541167,2.061759407924224,1
1,3.7537903363069542,2.061759407924224,1
1,3.851190705359792,2.061759407924224,1
1,3.9485910744126302,2.061759407924224,1
1,4.045991443465468,2.061759407924224,1
1,4.143391812518305,2.061759407924224,1
1,4.240792181571144,2.061759407924224,1
1,4.338192550623981,2.061759407924224,1
1,4.435592919676819,2.061759407924224,1
1,4.532993288729657,2.061759407924224,1
1,-2.1876321759161534,2.1394249458757852,0
1,-2.0902318068633154,2.1394249458757852,1
1,-1.992831437810478,2.1394249458757852,1
1,-1.89543106875764,2.1394249458757852,1
1,-1.7980306997048021,2.1394249458757852,1
1,-1.7006303306519643,2.1394249458757852,1
1,-1.6032299615991263,2.1394249458757852,1
1,-1.5058295925462886,2.1394249458757852,1
1,-1.4084292234934508,2.1394249458757852,1
1,-1.311028854440613,2.1394249458757852,1
1,-1.2136284853877752,2.1394249458757852,1
1,-1.1162281163349372,2.1394249458757852,1
1,-1.0188277472820995,2.1394249458757852,1
1,-0.9214273782292617,2.1394249458757852,1
1,-0.8240270091764237,2.1394249458757852,1
1,-0.7266266401235859,2.1394249458757852,1
1,-0.6292262710707481,2.1394249458757852,1
1,-0.5318259020179104,2.1394249458757852,1
1,-0.4344255329650726,2.1394249458757852,1
1,-0.3370251639122346,2.1394249458757852,1
1,-0.2396247948593968,2.1394249458757852,1
1,-0.14222442580655903,2.1394249458757852,1
1,-0.04482405675372103,2.1394249458757852,1
1,0.05257631229911652,2.1394249458757852,1
1,0.14997668135195452,2.1394249458757852,1
1,0.24737705040479252,2.1394249458757852,1
1,0.3447774194576301,2.1394249458757852,1
1,0.4421777885104681,2.1394249458757852,1
1,0.5395781575633061,2.1394249458757852,1
1,0.6369785266161436,2.1394249458757852,1
1,0.7343788956689816,2.1394249458757852,1
1,0.8317792647218192,2.1394249458757852,1
1,0.9291796337746572,2.1394249458757852,1
1,1.0265800028274952,2.1394249458757852,1
1,1.1239803718803327,2.1394249458757852,1
1,1.2213807409331707,2.1394249458757852,1
1,1.3187811099860083,2.1394249458757852,1
1,1.4161814790388463,2.1394249458757852,1
1,1.5135818480916843,2.1394249458757852,1
1,1.6109822171445218,2.1394249458757852,1
1,1.7083825861973598,2.1394249458757852,1
1,1.8057829552501978,2.1394249458757852,1
1,1.9031833243030354,2.1394249458757852,1
1,2.000583693355873,2.1394249458757852,1
1,2.0979840624087114,2.1394249458757852,1
1,2.195384431461549,2.1394249458757852,1
1,2.2927848005143865,2.1394249458757852,1
1,2.390185169567225,2.1394249458757852,1
1,2.4875855386200625,2.1394249458757852,1
1,2.5849859076729,2.1394249458757852,1
1,2.6823862767257385,2.1394249458757852,1
1,2.779786645778576,2.1394249458757852,1
1,2.8771870148314136,2.1394249458757852,1
1,2.974587383884252,2.1394249458757852,1
1,3.0719877529370896,2.1394249458757852,1
1,3.169388121989927,2.1394249458757852,1
1,3.2667884910427656,2.1394249458757852,1
1,3.364188860095603,2.1394249458757852,1
1,3.4615892291484407,2.1394249458757852,1
1,3.5589895982012782,2.1394249458757852,1
1,3.6563899672541167,2.1394249458757852,1
1,3.7537903363069542,2.1394249458757852,1
1,3.851190705359792,2.1394249458757852,1
1,3.9485910744126302,2.1394249458757852,1
1,4.045991443465468,2.1394249458757852,1
1,4.143391812518305,2.1394249458757852,1
1,4.240792181571144,2.1394249458757852,1
1,4.338192550623981,2.1394249458757852,1
1,4.435592919676819,2.1394249458757852,1
1,4.532993288729657,2.1394249458757852,1
1,-2.1876321759161534,2.2170904838273464,1
1,-2.0902318068633154,2.2170904838273464,1
1,-1.992831437810478,2.2170904838273464,1
1,-1.89543106875764,2.2170904838273464,1
1,-1.7980306997048021,2.2170904838273464,1
1,-1.7006303306519643,2.2170904838273464,1
1,-1.6032299615991263,2.2170904838273464,1
1,-1.5058295925462886,2.2170904838273464,1
1,-1.4084292234934508,2.2170904838273464,1
1,-1.311028854440613,2.2170904838273464,1
1,-1.2136284853877752,2.2170904838273464,1
1,-1.1162281163349372,2.2170904838273464,1
1,-1.0188277472820995,2.2170904838273464,1
1,-0.9214273782292617,2.2170904838273464,1
1,-0.8240270091764237,2.2170904838273464,1
1,-0.7266266401235859,2.2170904838273464,1
1,-0.6292262710707481,2.2170904838273464,1
1,-0.5318259020179104,2.2170904838273464,1
1,-0.4344255329650726,2.2170904838273464,1
1,-0.3370251639122346,2.2170904838273464,1
1,-0.2396247948593968,2.2170904838273464,1
1,-0.14222442580655903,2.2170904838273464,1
1,-0.04482405675372103,2.2170904838273464,1
1,0.05257631229911652,2.2170904838273464,1
1,0.14997668135195452,2.2170904838273464,1
1,0.24737705040479252,2.2170904838273464,1
1,0.3447774194576301,2.2170904838273464,1
1,0.4421777885104681,2.2170904838273464,1
1,0.5395781575633061,2.2170904838273464,1
1,0.6369785266161436,2.2170904838273464,1
1,0.7343788956689816,2.2170904838273464,1
1,0.8317792647218192,2.2170904838273464,1
1,0.9291796337746572,2.2170904838273464,1
1,1.0265800028274952,2.2170904838273464,1
1,1.1239803718803327,2.2170904838273464,1
1,1.2213807409331707,2.2170904838273464,1
1,1.3187811099860083,2.2170904838273464,1
1,1.4161814790388463,2.2170904838273464,1
1,1.5135818480916843,2.2170904838273464,1
1,1.6109822171445218,2.2170904838273464,1
1,1.7083825861973598,2.2170904838273464,1
1,1.8057829552501978,2.2170904838273464,1
1,1.9031833243030354,2.2170904838273464,1
1,2.000583693355873,2.2170904838273464,1
1,2.0979840624087114,2.2170904838273464,1
1,2.195384431461549,2.2170904838273464,1
1,2.2927848005143865,2.2170904838273464,1
1,2.390185169567225,2.2170904838273464,1
1,2.4875855386200625,2.2170904838273464,1
1,2.5849859076729,2.2170904838273464,1
1,2.6823862767257385,2.2170904838273464,1
1,2.779786645778576,2.2170904838273464,1
1,2.8771870148314136,2.2170904838273464,1
1,2.974587383884252,2.2170904838273464,1
1,3.0719877529370896,2.2170904838273464,1
1,3.169388121989927,2.2170904838273464,1
1,3.2667884910427656,2.2170904838273464,1
1,3.364188860095603,2.2170904838273464,1
1,3.4615892291484407,2.2170904838273464,1
1,3.5589895982012782,2.2170904838273464,1
1,3.6563899672541167,2.2170904838273464,1
1,3.7537903363069542,2.2170904838273464,1
1,3.851190705359792,2.2170904838273464,1
1,3.9485910744126302,2.2170904838273464,1
1,4.045991443465468,2.2170904838273464,1
1,4.143391812518305,2.2170904838273464,1
1,4.240792181571144,2.2170904838273464,1
1,4.338192550623981,2.2170904838273464,1
1,4.435592919676819,2.2170904838273464,1
1,4.532993288729657,2.2170904838273464,1
1,-2.1876321759161534,2.2947560217789076,1
1,-2.0902318068633154,2.2947560217789076,1
1,-1.992831437810478,2.2947560217789076,1
1,-1.89543106875764,2.2947560217789076,1
1,-1.7980306997048021,2.2947560217789076,1
1,-1.7006303306519643,2.2947560217789076,1
1,-1.6032299615991263,2.2947560217789076,1
1,-1.5058295925462886,2.2947560217789076,1
1,-1.4084292234934508,2.2947560217789076,1
1,-1.311028854440613,2.2947560217789076,1
1,-1.2136284853877752,2.2947560217789076,1
1,-1.1162281163349372,2.2947560217789076,1
1,-1.0188277472820995,2.2947560217789076,1
1,-0.9214273782292617,2.2947560217789076,1
1,-0.8240270091764237,2.2947560217789076,1
1,-0.7266266401235859,2.2947560217789076,1
1,-0.6292262710707481,2.2947560217789076,1
1,-0.5318259020179104,2.2947560217789076,1
1,-0.4344255329650726,2.2947560217789076,1
1,-0.3370251639122346,2.2947560217789076,1
1,-0.2396247948593968,2.2947560217789076,1
1,-0.14222442580655903,2.2947560217789076,1
1,-0.04482405675372103,2.2947560217789076,1
1,0.05257631229911652,2.2947560217789076,1
1,0.14997668135195452,2.2947560217789076,1
1,0.24737705040479252,2.2947560217789076,1
1,0.3447774194576301,2.2947560217789076,1
1,0.4421777885104681,2.2947560217789076,1
1,0.5395781575633061,2.2947560217789076,1
1,0.6369785266161436,2.2947560217789076,1
1,0.7343788956689816,2.2947560217789076,1
1,0.8317792647218192,2.2947560217789076,1
1,0.9291796337746572,2.2947560217789076,1
1,1.0265800028274952,2.2947560217789076,1
1,1.1239803718803327,2.2947560217789076,1
1,1.2213807409331707,2.2947560217789076,1
1,1.3187811099860083,2.2947560217789076,1
1,1.4161814790388463,2.2947560217789076,1
1,1.5135818480916843,2.2947560217789076,1
1,1.6109822171445218,2.2947560217789076,1
1,1.7083825861973598,2.2947560217789076,1
1,1.8057829552501978,2.2947560217789076,1
1,1.9031833243030354,2.2947560217789076,1
1,2.000583693355873,2.2947560217789076,1
1,2.0979840624087114,2.2947560217789076,1
1,2.195384431461549,2.2947560217789076,1
1,2.2927848005143865,2.2947560217789076,1
1,2.390185169567225,2.2947560217789076,1
1,2.4875855386200625,2.2947560217789076,1
1,2.5849859076729,2.2947560217789076,1
1,2.6823862767257385,2.2947560217789076,1
1,2.779786645778576,2.2947560217789076,1
1,2.8771870148314136,2.2947560217789076,1
1,2.974587383884252,2.2947560217789076,1
1,3.0719877529370896,2.2947560217789076,1
1,3.169388121989927,2.2947560217789076,1
1,3.2667884910427656,2.2947560217789076,1
1,3.364188860095603,2.2947560217789076,1
1,3.4615892291484407,2.2947560217789076,1
1,3.5589895982012782,2.2947560217789076,1
1,3.6563899672541167,2.2947560217789076,1
1,3.7537903363069542,2.2947560217789076,1
1,3.851190705359792,2.2947560217789076,1
1,3.9485910744126302,2.2947560217789076,1
1,4.045991443465468,2.2947560217789076,1
1,4.143391812518305,2.2947560217789076,1
1,4.240792181571144,2.2947560217789076,1
1,4.338192550623981,2.2947560217789076,1
1,4.435592919676819,2.2947560217789076,1
1,4.532993288729657,2.2947560217789076,1
1,-2.1876321759161534,2.3724215597304688,1
1,-2.0902318068633154,2.3724215597304688,1
1,-1.992831437810478,2.3724215597304688,1
1,-1.89543106875764,2.3724215597304688,1
1,-1.7980306997048021,2.3724215597304688,1
1,-1.7006303306519643,2.3724215597304688,1
1,-1.6032299615991263,2.3724215597304688,1
1,-1.5058295925462886,2.3724215597304688,1
1,-1.4084292234934508,2.3724215597304688,1
1,-1.311028854440613,2.3724215597304688,1
1,-1.2136284853877752,2.3724215597304688,1
1,-1.1162281163349372,2.3724215597304688,1
1,-1.0188277472820995,2.3724215597304688,1
1,-0.9214273782292617,2.3724215597304688,1
1,-0.8240270091764237,2.3724215597304688,1
1,-0.7266266401235859,2.3724215597304688,1
1,-0.6292262710707481,2.3724215597304688,1
1,-0.5318259020179104,2.3724215597304688,1
1,-0.4344255329650726,2.3724215597304688,1
1,-0.3370251639122346,2.3724215597304688,1
1,-0.2396247948593968,2.3724215597304688,1
1,-0.14222442580655903,2.3724215597304688,1
1,-0.04482405675372103,2.3724215597304688,1
1,0.05257631229911652,2.3724215597304688,1
1,0.14997668135195452,2.3724215597304688,1
1,0.24737705040479252,2.3724215597304688,1
1,0.3447774194576301,2.3724215597304688,1
1,0.4421777885104681,2.3724215597304688,1
1,0.5395781575633061,2.3724215597304688,1
1,0.6369785266161436,2.3724215597304688,1
1,0.7343788956689816,2.3724215597304688,1
1,0.8317792647218192,2.3724215597304688,1
1,0.9291796337746572,2.3724215597304688,1
1,1.0265800028274952,2.3724215597304688,1
1,1.1239803718803327,2.3724215597304688,1
1,1.2213807409331707,2.3724215597304688,1
1,1.3187811099860083,2.3724215597304688,1
1,1.4161814790388463,2.3724215597304688,1
1,1.5135818480916843,2.3724215597304688,1
1,1.6109822171445218,2.3724215597304688,1
1,1.7083825861973598,2.3724215597304688,1
1,1.8057829552501978,2.3724215597304688,1
1,1.9031833243030354,2.3724215597304688,1
1,2.000583693355873,2.3724215597304688,1
1,2.0979840624087114,2.3724215597304688,1
1,2.195384431461549,2.3724215597304688,1
1,2.2927848005143865,2.3724215597304688,1
1,2.390185169567225,2.3724215597304688,1
1,2.4875855386200625,2.3724215597304688,1
1,2.5849859076729,2.3724215597304688,1
1,2.6823862767257385,2.3724215597304688,1
1,2.779786645778576,2.3724215597304688,1
1,2.8771870148314136,2.3724215597304688,1
1,2.974587383884252,2.3724215597304688,1
1,3.0719877529370896,2.3724215597304688,1
1,3.169388121989927,2.3724215597304688,1
1,3.2667884910427656,2.3724215597304688,1
1,3.364188860095603,2.3724215597304688,1
1,3.4615892291484407,2.3724215597304688,1
1,3.5589895982012782,2.3724215597304688,1
1,3.6563899672541167,2.3724215597304688,1
1,3.7537903363069542,2.3724215597304688,1
1,3.851190705359792,2.3724215597304688,1
1,3.9485910744126302,2.3724215597304688,1
1,4.045991443465468,2.3724215597304688,1
1,4.143391812518305,2.3724215597304688,1
1,4.240792181571144,2.3724215597304688,1
1,4.338192550623981,2.3724215597304688,1
1,4.435592919676819,2.3724215597304688,1
1,4.532993288729657,2.3724215597304688,1
1,-2.1876321759161534,2.45008709768203,1
1,-2.0902318068633154,2.45008709768203,1
1,-1.992831437810478,2.45008709768203,1
1,-1.89543106875764,2.45008709768203,1
1,-1.7980306997048021,2.45008709768203,1
1,-1.7006303306519643,2.45008709768203,1
1,-1.6032299615991263,2.45008709768203,1
1,-1.5058295925462886,2.45008709768203,1
1,-1.4084292234934508,2.45008709768203,1
1,-1.311028854440613,2.45008709768203,1
1,-1.2136284853877752,2.45008709768203,1
1,-1.1162281163349372,2.45008709768203,1
1,-1.0188277472820995,2.45008709768203,1
1,-0.9214273782292617,2.45008709768203,1
1,-0.8240270091764237,2.45008709768203,1
1,-0.7266266401235859,2.45008709768203,1
1,-0.6292262710707481,2.45008709768203,1
1,-0.5318259020179104,2.45008709768203,1
1,-0.4344255329650726,2.45008709768203,1
1,-0.3370251639122346,2.45008709768203,1
1,-0.2396247948593968,2.45008709768203,1
1,-0.14222442580655903,2.45008709768203,1
1,-0.04482405675372103,2.45008709768203,1
1,0.05257631229911652,2.45008709768203,1
1,0.14997668135195452,2.45008709768203,1
1,0.24737705040479252,2.45008709768203,1
1,0.3447774194576301,2.45008709768203,1
1,0.4421777885104681,2.45008709768203,1
1,0.5395781575633061,2.45008709768203,1
1,0.6369785266161436,2.45008709768203,1
1,0.7343788956689816,2.45008709768203,1
1,0.8317792647218192,2.45008709768203,1
1,0.9291796337746572,2.45008709768203,1
1,1.0265800028274952,2.45008709768203,1
1,1.1239803718803327,2.45008709768203,1
1,1.2213807409331707,2.45008709768203,1
1,1.3187811099860083,2.45008709768203,1
1,1.4161814790388463,2.45008709768203,1
1,1.5135818480916843,2.45008709768203,1
1,1.6109822171445218,2.45008709768203,1
1,1.7083825861973598,2.45008709768203,1
1,1.8057829552501978,2.45008709768203,1
1,1.9031833243030354,2.45008709768203,1
1,2.000583693355873,2.45008709768203,1
1,2.0979840624087114,2.45008709768203,1
1,2.195384431461549,2.45008709768203,1
1,2.2927848005143865,2.45008709768203,1
1,2.390185169567225,2.45008709768203,1
1,2.4875855386200625,2.45008709768203,1
1,2.5849859076729,2.45008709768203,1
1,2.6823862767257385,2.45008709768203,1
1,2.779786645778576,2.45008709768203,1
1,2.8771870148314136,2.45008709768203,1
1,2.974587383884252,2.45008709768203,1
1,3.0719877529370896,2.45008709768203,1
1,3.169388121989927,2.45008709768203,1
1,3.2667884910427656,2.45008709768203,1
1,3.364188860095603,2.45008709768203,1
1,3.4615892291484407,2.45008709768203,1
1,3.5589895982012782,2.45008709768203,1
1,3.6563899672541167,2.45008709768203,1
1,3.7537903363069542,2.45008709768203,1
1,3.851190705359792,2.45008709768203,1
1,3.9485910744126302,2.45008709768203,1
1,4.045991443465468,2.45008709768203,1
1,4.143391812518305,2.45008709768203,1
1,4.240792181571144,2.45008709768203,1
1,4.338192550623981,2.45008709768203,1
1,4.435592919676819,2.45008709768203,1
1,4.532993288729657,2.45008709768203,1
1,-2.1876321759161534,2.52775263563359,1
1,-2.0902318068633154,2.52775263563359,1
1,-1.992831437810478,2.52775263563359,1
1,-1.89543106875764,2.52775263563359,1
1,-1.7980306997048021,2.52775263563359,1
1,-1.7006303306519643,2.52775263563359,1
1,-1.6032299615991263,2.52775263563359,1
1,-1.5058295925462886,2.52775263563359,1
1,-1.4084292234934508,2.52775263563359,1
1,-1.311028854440613,2.52775263563359,1
1,-1.2136284853877752,2.52775263563359,1
1,-1.1162281163349372,2.52775263563359,1
1,-1.0188277472820995,2.52775263563359,1
1,-0.9214273782292617,2.52775263563359,1
1,-0.8240270091764237,2.52775263563359,1
1,-0.7266266401235859,2.52775263563359,1
1,-0.6292262710707481,2.52775263563359,1
1,-0.5318259020179104,2.52775263563359,1
1,-0.4344255329650726,2.52775263563359,1
1,-0.3370251639122346,2.52775263563359,1
1,-0.2396247948593968,2.52775263563359,1
1,-0.14222442580655903,2.52775263563359,1
1,-0.04482405675372103,2.52775263563359,1
1,0.05257631229911652,2.52775263563359,1
1,0.14997668135195452,2.52775263563359,1
1,0.24737705040479252,2.52775263563359,1
1,0.3447774194576301,2.52775263563359,1
1,0.4421777885104681,2.52775263563359,1
1,0.5395781575633061,2.52775263563359,1
1,0.6369785266161436,2.52775263563359,1
1,0.7343788956689816,2.52775263563359,1
1,0.8317792647218192,2.52775263563359,1
1,0.9291796337746572,2.52775263563359,1
1,1.0265800028274952,2.52775263563359,1
1,1.1239803718803327,2.52775263563359,1
1,1.2213807409331707,2.52775263563359,1
1,1.3187811099860083,2.52775263563359,1
1,1.4161814790388463,2.52775263563359,1
1,1.5135818480916843,2.52775263563359,1
1,1.6109822171445218,2.52775263563359,1
1,1.7083825861973598,2.52775263563359,1
1,1.8057829552501978,2.52775263563359,1
1,1.9031833243030354,2.52775263563359,1
1,2.000583693355873,2.52775263563359,1
1,2.0979840624087114,2.52775263563359,1
1,2.195384431461549,2.52775263563359,1
1,2.2927848005143865,2.52775263563359,1
1,2.390185169567225,2.52775263563359,1
1,2.4875855386200625,2.52775263563359,1
1,2.5849859076729,2.52775263563359,1
1,2.6823862767257385,2.52775263563359,1
1,2.779786645778576,2.52775263563359,1
1,2.8771870148314136,2.52775263563359,1
1,2.974587383884252,2.52775263563359,1
1,3.0719877529370896,2.52775263563359,1
1,3.169388121989927,2.52775263563359,1
1,3.2667884910427656,2.52775263563359,1
1,3.364188860095603,2.52775263563359,1
1,3.4615892291484407,2.52775263563359,1
1,3.5589895982012782,2.52775263563359,1
1,3.6563899672541167,2.52775263563359,1
1,3.7537903363069542,2.52775263563359,1
1,3.851190705359792,2.52775263563359,1
1,3.9485910744126302,2.52775263563359,1
1,4.045991443465468,2.52775263563359,1
1,4.143391812518305,2.52775263563359,1
1,4.240792181571144,2.52775263563359,1
1,4.338192550623981,2.52775263563359,1
1,4.435592919676819,2.52775263563359,1
1,4.532993288729657,2.52775263563359,1
1,-2.1876321759161534,2.6054181735851514,1
1,-2.0902318068633154,2.6054181735851514,1
1,-1.992831437810478,2.6054181735851514,1
1,-1.89543106875764,2.6054181735851514,1
1,-1.7980306997048021,2.6054181735851514,1
1,-1.7006303306519643,2.6054181735851514,1
1,-1.6032299615991263,2.6054181735851514,1
1,-1.5058295925462886,2.6054181735851514,1
1,-1.4084292234934508,2.6054181735851514,1
1,-1.311028854440613,2.6054181735851514,1
1,-1.2136284853877752,2.6054181735851514,1
1,-1.1162281163349372,2.6054181735851514,1
1,-1.0188277472820995,2.6054181735851514,1
1,-0.9214273782292617,2.6054181735851514,1
1,-0.8240270091764237,2.6054181735851514,1
1,-0.7266266401235859,2.6054181735851514,1
1,-0.6292262710707481,2.6054181735851514,1
1,-0.5318259020179104,2.6054181735851514,1
1,-0.4344255329650726,2.6054181735851514,1
1,-0.3370251639122346,2.6054181735851514,1
1,-0.2396247948593968,2.6054181735851514,1
1,-0.14222442580655903,2.6054181735851514,1
1,-0.04482405675372103,2.6054181735851514,1
1,0.05257631229911652,2.6054181735851514,1
1,0.14997668135195452,2.6054181735851514,1
1,0.24737705040479252,2.6054181735851514,1
1,0.3447774194576301,2.6054181735851514,1
1,0.4421777885104681,2.6054181735851514,1
1,0.5395781575633061,2.6054181735851514,1
1,0.6369785266161436,2.6054181735851514,1
1,0.7343788956689816,2.6054181735851514,1
1,0.8317792647218192,2.6054181735851514,1
1,0.9291796337746572,2.6054181735851514,1
1,1.0265800028274952,2.6054181735851514,1
1,1.1239803718803327,2.6054181735851514,1
1,1.2213807409331707,2.6054181735851514,1
1,1.3187811099860083,2.6054181735851514,1
1,1.4161814790388463,2.6054181735851514,1
1,1.5135818480916843,2.6054181735851514,1
1,1.6109822171445218,2.6054181735851514,1
1,1.7083825861973598,2.6054181735851514,1
1,1.8057829552501978,2.6054181735851514,1
1,1.9031833243030354,2.6054181735851514,1
1,2.000583693355873,2.6054181735851514,1
1,2.0979840624087114,2.6054181735851514,1
1,2.195384431461549,2.6054181735851514,1
1,2.2927848005143865,2.6054181735851514,1
1,2.390185169567225,2.6054181735851514,1
1,2.4875855386200625,2.6054181735851514,1
1,2.5849859076729,2.6054181735851514,1
1,2.6823862767257385,2.6054181735851514,1
1,2.779786645778576,2.6054181735851514,1
1,2.8771870148314136,2.6054181735851514,1
1,2.974587383884252,2.6054181735851514,1
1,3.0719877529370896,2.6054181735851514,1
1,3.169388121989927,2.6054181735851514,1
1,3.2667884910427656,2.6054181735851514,1
1,3.364188860095603,2.6054181735851514,1
1,3.4615892291484407,2.6054181735851514,1
1,3.5589895982012782,2.6054181735851514,1
1,3.6563899672541167,2.6054181735851514,1
1,3.7537903363069542,2.6054181735851514,1
1,3.851190705359792,2.6054181735851514,1
1,3.9485910744126302,2.6054181735851514,1
1,4.045991443465468,2.6054181735851514,1
1,4.143391812518305,2.6054181735851514,1
1,4.240792181571144,2.6054181735851514,1
1,4.338192550623981,2.6054181735851514,1
1,4.435592919676819,2.6054181735851514,1
1,4.532993288729657,2.6054181735851514,1
1,-2.1876321759161534,2.6830837115367125,1
1,-2.0902318068633154,2.6830837115367125,1
1,-1.992831437810478,2.6830837115367125,1
1,-1.89543106875764,2.6830837115367125,1
1,-1.7980306997048021,2.6830837115367125,1
1,-1.7006303306519643,2.6830837115367125,1
1,-1.6032299615991263,2.6830837115367125,1
1,-1.5058295925462886,2.6830837115367125,1
1,-1.4084292234934508,2.6830837115367125,1
1,-1.311028854440613,2.6830837115367125,1
1,-1.2136284853877752,2.6830837115367125,1
1,-1.1162281163349372,2.6830837115367125,1
1,-1.0188277472820995,2.6830837115367125,1
1,-0.9214273782292617,2.6830837115367125,1
1,-0.8240270091764237,2.6830837115367125,1
1,-0.7266266401235859,2.6830837115367125,1
1,-0.6292262710707481,2.6830837115367125,1
1,-0.5318259020179104,2.6830837115367125,1
1,-0.4344255329650726,2.6830837115367125,1
1,-0.3370251639122346,2.6830837115367125,1
1,-0.2396247948593968,2.6830837115367125,1
1,-0.14222442580655903,2.6830837115367125,1
1,-0.04482405675372103,2.6830837115367125,1
1,0.05257631229911652,2.6830837115367125,1
1,0.14997668135195452,2.6830837115367125,1
1,0.24737705040479252,2.6830837115367125,1
1,0.3447774194576301,2.6830837115367125,1
1,0.4421777885104681,2.6830837115367125,1
1,0.5395781575633061,2.6830837115367125,1
1,0.6369785266161436,2.6830837115367125,1
1,0.7343788956689816,2.6830837115367125,1
1,0.8317792647218192,2.6830837115367125,1
1,0.9291796337746572,2.6830837115367125,1
1,1.0265800028274952,2.6830837115367125,1
1,1.1239803718803327,2.6830837115367125,1
1,1.2213807409331707,2.6830837115367125,1
1,1.3187811099860083,2.6830837115367125,1
1,1.4161814790388463,2.6830837115367125,1
1,1.5135818480916843,2.6830837115367125,1
1,1.6109822171445218,2.6830837115367125,1
1,1.7083825861973598,2.6830837115367125,1
1,1.8057829552501978,2.6830837115367125,1
1,1.9031833243030354,2.6830837115367125,1
1,2.000583693355873,2.6830837115367125,1
1,2.0979840624087114,2.6830837115367125,1
1,2.195384431461549,2.6830837115367125,1
1,2.2927848005143865,2.6830837115367125,1
1,2.390185169567225,2.6830837115367125,1
1,2.4875855386200625,2.6830837115367125,1
1,2.5849859076729,2.6830837115367125,1
1,2.6823862767257385,2.6830837115367125,1
1,2.779786645778576,2.6830837115367125,1
1,2.8771870148314136,2.6830837115367125,1
1,2.974587383884252,2.6830837115367125,1
1,3.0719877529370896,2.6830837115367125,1
1,3.169388121989927,2.6830837115367125,1
1,3.2667884910427656,2.6830837115367125,1
1,3.364188860095603,2.6830837115367125,1
1,3.4615892291484407,2.6830837115367125,1
1,3.5589895982012782,2.6830837115367125,1
1,3.6563899672541167,2.6830837115367125,1
1,3.7537903363069542,2.6830837115367125,1
1,3.851190705359792,2.6830837115367125,1
1,3.9485910744126302,2.6830837115367125,1
1,4.045991443465468,2.6830837115367125,1
1,4.143391812518305,2.6830837115367125,1
1,4.240792181571144,2.6830837115367125,1
1,4.338192550623981,2.6830837115367125,1
1,4.435592919676819,2.6830837115367125,1
1,4.532993288729657,2.6830837115367125,1
1,-2.1876321759161534,2.7607492494882737,1
1,-2.0902318068633154,2.7607492494882737,1
1,-1.992831437810478,2.7607492494882737,1
1,-1.89543106875764,2.7607492494882737,1
1,-1.7980306997048021,2.7607492494882737,1
1,-1.7006303306519643,2.7607492494882737,1
1,-1.6032299615991263,2.7607492494882737,1
1,-1.5058295925462886,2.7607492494882737,1
1,-1.4084292234934508,2.7607492494882737,1
1,-1.311028854440613,2.7607492494882737,1
1,-1.2136284853877752,2.7607492494882737,1
1,-1.1162281163349372,2.7607492494882737,1
1,-1.0188277472820995,2.7607492494882737,1
1,-0.9214273782292617,2.7607492494882737,1
1,-0.8240270091764237,2.7607492494882737,1
1,-0.7266266401235859,2.7607492494882737,1
1,-0.6292262710707481,2.7607492494882737,1
1,-0.5318259020179104,2.7607492494882737,1
1,-0.4344255329650726,2.7607492494882737,1
1,-0.3370251639122346,2.7607492494882737,1
1,-0.2396247948593968,2.7607492494882737,1
1,-0.14222442580655903,2.7607492494882737,1
1,-0.04482405675372103,2.7607492494882737,1
1,0.05257631229911652,2.7607492494882737,1
1,0.14997668135195452,2.7607492494882737,1
1,0.24737705040479252,2.7607492494882737,1
1,0.3447774194576301,2.7607492494882737,1
1,0.4421777885104681,2.7607492494882737,1
1,0.5395781575633061,2.7607492494882737,1
1,0.6369785266161436,2.7607492494882737,1
1,0.7343788956689816,2.7607492494882737,1
1,0.8317792647218192,2.7607492494882737,1
1,0.9291796337746572,2.7607492494882737,1
1,1.0265800028274952,2.7607492494882737,1
1,1.1239803718803327,2.7607492494882737,1
1,1.2213807409331707,2.7607492494882737,1
1,1.3187811099860083,2.7607492494882737,1
1,1.4161814790388463,2.7607492494882737,1
1,1.5135818480916843,2.7607492494882737,1
1,1.6109822171445218,2.7607492494882737,1
1,1.7083825861973598,2.7607492494882737,1
1,1.8057829552501978,2.7607492494882737,1
1,1.9031833243030354,2.7607492494882737,1
1,2.000583693355873,2.7607492494882737,1
1,2.0979840624087114,2.7607492494882737,1
1,2.195384431461549,2.7607492494882737,1
1,2.2927848005143865,2.7607492494882737,1
1,2.390185169567225,2.7607492494882737,1
1,2.4875855386200625,2.7607492494882737,1
1,2.5849859076729,2.7607492494882737,1
1,2.6823862767257385,2.7607492494882737,1
1,2.779786645778576,2.7607492494882737,1
1,2.8771870148314136,2.7607492494882737,1
1,2.974587383884252,2.7607492494882737,1
1,3.0719877529370896,2.7607492494882737,1
1,3.169388121989927,2.7607492494882737,1
1,3.2667884910427656,2.7607492494882737,1
1,3.364188860095603,2.7607492494882737,1
1,3.4615892291484407,2.7607492494882737,1
1,3.5589895982012782,2.7607492494882737,1
1,3.6563899672541167,2.7607492494882737,1
1,3.7537903363069542,2.7607492494882737,1
1,3.851190705359792,2.7607492494882737,1
1,3.9485910744126302,2.7607492494882737,1
1,4.045991443465468,2.7607492494882737,1
1,4.143391812518305,2.7607492494882737,1
1,4.240792181571144,2.7607492494882737,1
1,4.338192550623981,2.7607492494882737,1
1,4.435592919676819,2.7607492494882737,1
1,4.532993288729657,2.7607492494882737,1
1,-2.1876321759161534,2.838414787439835,1
1,-2.0902318068633154,2.838414787439835,1
1,-1.992831437810478,2.838414787439835,1
1,-1.89543106875764,2.838414787439835,1
1,-1.7980306997048021,2.838414787439835,1
1,-1.7006303306519643,2.838414787439835,1
1,-1.6032299615991263,2.838414787439835,1
1,-1.5058295925462886,2.838414787439835,1
1,-1.4084292234934508,2.838414787439835,1
1,-1.311028854440613,2.838414787439835,1
1,-1.2136284853877752,2.838414787439835,1
1,-1.1162281163349372,2.838414787439835,1
1,-1.0188277472820995,2.838414787439835,1
1,-0.9214273782292617,2.838414787439835,1
1,-0.8240270091764237,2.838414787439835,1
1,-0.7266266401235859,2.838414787439835,1
1,-0.6292262710707481,2.838414787439835,1
1,-0.5318259020179104,2.838414787439835,1
1,-0.4344255329650726,2.838414787439835,1
1,-0.3370251639122346,2.838414787439835,1
1,-0.2396247948593968,2.838414787439835,1
1,-0.14222442580655903,2.838414787439835,1
1,-0.04482405675372103,2.838414787439835,1
1,0.05257631229911652,2.838414787439835,1
1,0.14997668135195452,2.838414787439835,1
1,0.24737705040479252,2.838414787439835,1
1,0.3447774194576301,2.838414787439835,1
1,0.4421777885104681,2.838414787439835,1
1,0.5395781575633061,2.838414787439835,1
1,0.6369785266161436,2.838414787439835,1
1,0.7343788956689816,2.838414787439835,1
1,0.8317792647218192,2.838414787439835,1
1,0.9291796337746572,2.838414787439835,1
1,1.0265800028274952,2.838414787439835,1
1,1.1239803718803327,2.838414787439835,1
1,1.2213807409331707,2.838414787439835,1
1,1.3187811099860083,2.838414787439835,1
1,1.4161814790388463,2.838414787439835,1
1,1.5135818480916843,2.838414787439835,1
1,1.6109822171445218,2.838414787439835,1
1,1.7083825861973598,2.838414787439835,1
1,1.8057829552501978,2.838414787439835,1
1,1.9031833243030354,2.838414787439835,1
1,2.000583693355873,2.838414787439835,1
1,2.0979840624087114,2.838414787439835,1
1,2.195384431461549,2.838414787439835,1
1,2.2927848005143865,2.838414787439835,1
1,2.390185169567225,2.838414787439835,1
1,2.4875855386200625,2.838414787439835,1
1,2.5849859076729,2.838414787439835,1
1,2.6823862767257385,2.838414787439835,1
1,2.779786645778576,2.838414787439835,1
1,2.8771870148314136,2.838414787439835,1
1,2.974587383884252,2.838414787439835,1
1,3.0719877529370896,2.838414787439835,1
1,3.169388121989927,2.838414787439835,1
1,3.2667884910427656,2.838414787439835,1
1,3.364188860095603,2.838414787439835,1
1,3.4615892291484407,2.838414787439835,1
1,3.5589895982012782,2.838414787439835,1
1,3.6563899672541167,2.838414787439835,1
1,3.7537903363069542,2.838414787439835,1
1,3.851190705359792,2.838414787439835,1
1,3.9485910744126302,2.838414787439835,1
1,4.045991443465468,2.838414787439835,1
1,4.143391812518305,2.838414787439835,1
1,4.240792181571144,2.838414787439835,1
1,4.338192550623981,2.838414787439835,1
1,4.435592919676819,2.838414787439835,1
1,4.532993288729657,2.838414787439835,1
1,-2.1876321759161534,2.916080325391396,1
1,-2.0902318068633154,2.916080325391396,1
1,-1.992831437810478,2.916080325391396,1
1,-1.89543106875764,2.916080325391396,1
1,-1.7980306997048021,2.916080325391396,1
1,-1.7006303306519643,2.916080325391396,1
1,-1.6032299615991263,2.916080325391396,1
1,-1.5058295925462886,2.916080325391396,1
1,-1.4084292234934508,2.916080325391396,1
1,-1.311028854440613,2.916080325391396,1
1,-1.2136284853877752,2.916080325391396,1
1,-1.1162281163349372,2.916080325391396,1
1,-1.0188277472820995,2.916080325391396,1
1,-0.9214273782292617,2.916080325391396,1
1,-0.8240270091764237,2.916080325391396,1
1,-0.7266266401235859,2.916080325391396,1
1,-0.6292262710707481,2.916080325391396,1
1,-0.5318259020179104,2.916080325391396,1
1,-0.4344255329650726,2.916080325391396,1
1,-0.3370251639122346,2.916080325391396,1
1,-0.2396247948593968,2.916080325391396,1
1,-0.14222442580655903,2.916080325391396,1
1,-0.04482405675372103,2.916080325391396,1
1,0.05257631229911652,2.916080325391396,1
1,0.14997668135195452,2.916080325391396,1
1,0.24737705040479252,2.916080325391396,1
1,0.3447774194576301,2.916080325391396,1
1,0.4421777885104681,2.916080325391396,1
1,0.5395781575633061,2.916080325391396,1
1,0.6369785266161436,2.916080325391396,1
1,0.7343788956689816,2.916080325391396,1
1,0.8317792647218192,2.916080325391396,1
1,0.9291796337746572,2.916080325391396,1
1,1.0265800028274952,2.916080325391396,1
1,1.1239803718803327,2.916080325391396,1
1,1.2213807409331707,2.916080325391396,1
1,1.3187811099860083,2.916080325391396,1
1,1.4161814790388463,2.916080325391396,1
1,1.5135818480916843,2.916080325391396,1
1,1.6109822171445218,2.916080325391396,1
1,1.7083825861973598,2.916080325391396,1
1,1.8057829552501978,2.916080325391396,1
1,1.9031833243030354,2.916080325391396,1
1,2.000583693355873,2.916080325391396,1
1,2.0979840624087114,2.916080325391396,1
1,2.195384431461549,2.916080325391396,1
1,2.2927848005143865,2.916080325391396,1
1,2.390185169567225,2.916080325391396,1
1,2.4875855386200625,2.916080325391396,1
1,2.5849859076729,2.916080325391396,1
1,2.6823862767257385,2.916080325391396,1
1,2.779786645778576,2.916080325391396,1
1,2.8771870148314136,2.916080325391396,1
1,2.974587383884252,2.916080325391396,1
1,3.0719877529370896,2.916080325391396,1
1,3.169388121989927,2.916080325391396,1
1,3.2667884910427656,2.916080325391396,1
1,3.364188860095603,2.916080325391396,1
1,3.4615892291484407,2.916080325391396,1
1,3.5589895982012782,2.916080325391396,1
1,3.6563899672541167,2.916080325391396,1
1,3.7537903363069542,2.916080325391396,1
1,3.851190705359792,2.916080325391396,1
1,3.9485910744126302,2.916080325391396,1
1,4.045991443465468,2.916080325391396,1
1,4.143391812518305,2.916080325391396,1
1,4.240792181571144,2.916080325391396,1
1,4.338192550623981,2.916080325391396,1
1,4.435592919676819,2.916080325391396,1
1,4.532993288729657,2.916080325391396,1
1,-2.1876321759161534,2.9937458633429572,1
1,-2.0902318068633154,2.9937458633429572,1
1,-1.992831437810478,2.9937458633429572,1
1,-1.89543106875764,2.9937458633429572,1
1,-1.7980306997048021,2.9937458633429572,1
1,-1.7006303306519643,2.9937458633429572,1
1,-1.6032299615991263,2.9937458633429572,1
1,-1.5058295925462886,2.9937458633429572,1
1,-1.4084292234934508,2.9937458633429572,1
1,-1.311028854440613,2.9937458633429572,1
1,-1.2136284853877752,2.9937458633429572,1
1,-1.1162281163349372,2.9937458633429572,1
1,-1.0188277472820995,2.9937458633429572,1
1,-0.9214273782292617,2.9937458633429572,1
1,-0.8240270091764237,2.9937458633429572,1
1,-0.7266266401235859,2.9937458633429572,1
1,-0.6292262710707481,2.9937458633429572,1
1,-0.5318259020179104,2.9937458633429572,1
1,-0.4344255329650726,2.9937458633429572,1
1,-0.3370251639122346,2.9937458633429572,1
1,-0.2396247948593968,2.9937458633429572,1
1,-0.14222442580655903,2.9937458633429572,1
1,-0.04482405675372103,2.9937458633429572,1
1,0.05257631229911652,2.9937458633429572,1
1,0.14997668135195452,2.9937458633429572,1
1,0.24737705040479252,2.9937458633429572,1
1,0.3447774194576301,2.9937458633429572,1
1,0.4421777885104681,2.9937458633429572,1
1,0.5395781575633061,2.9937458633429572,1
1,0.6369785266161436,2.9937458633429572,1
1,0.7343788956689816,2.9937458633429572,1
1,0.8317792647218192,2.9937458633429572,1
1,0.9291796337746572,2.9937458633429572,1
1,1.0265800028274952,2.9937458633429572,1
1,1.1239803718803327,2.9937458633429572,1
1,1.2213807409331707,2.9937458633429572,1
1,1.3187811099860083,2.9937458633429572,1
1,1.4161814790388463,2.9937458633429572,1
1,1.5135818480916843,2.9937458633429572,1
1,1.6109822171445218,2.9937458633429572,1
1,1.7083825861973598,2.9937458633429572,1
1,1.8057829552501978,2.9937458633429572,1
1,1.9031833243030354,2.9937458633429572,1
1,2.000583693355873,2.9937458633429572,1
1,2.0979840624087114,2.9937458633429572,1
1,2.195384431461549,2.9937458633429572,1
1,2.2927848005143865,2.9937458633429572,1
1,2.390185169567225,2.9937458633429572,1
1,2.4875855386200625,2.9937458633429572,1
1,2.5849859076729,2.9937458633429572,1
1,2.6823862767257385,2.9937458633429572,1
1,2.779786645778576,2.9937458633429572,1
1,2.8771870148314136,2.9937458633429572,1
1,2.974587383884252,2.9937458633429572,1
1,3.0719877529370896,2.9937458633429572,1
1,3.169388121989927,2.9937458633429572,1
1,3.2667884910427656,2.9937458633429572,1
1,3.364188860095603,2.9937458633429572,1
1,3.4615892291484407,2.9937458633429572,1
1,3.5589895982012782,2.9937458633429572,1
1,3.6563899672541167,2.9937458633429572,1
1,3.7537903363069542,2.9937458633429572,1
1,3.851190705359792,2.9937458633429572,1
1,3.9485910744126302,2.9937458633429572,1
1,4.045991443465468,2.9937458633429572,1
1,4.143391812518305,2.9937458633429572,1
1,4.240792181571144,2.9937458633429572,1
1,4.338192550623981,2.9937458633429572,1
1,4.435592919676819,2.9937458633429572,1
1,4.532993288729657,2.9937458633429572,1
1,-2.1876321759161534,3.0714114012945175,1
1,-2.0902318068633154,3.0714114012945175,1
1,-1.992831437810478,3.0714114012945175,1
1,-1.89543106875764,3.0714114012945175,1
1,-1.7980306997048021,3.0714114012945175,1
1,-1.7006303306519643,3.0714114012945175,1
1,-1.6032299615991263,3.0714114012945175,1
1,-1.5058295925462886,3.0714114012945175,1
1,-1.4084292234934508,3.0714114012945175,1
1,-1.311028854440613,3.0714114012945175,1
1,-1.2136284853877752,3.0714114012945175,1
1,-1.1162281163349372,3.0714114012945175,1
1,-1.0188277472820995,3.0714114012945175,1
1,-0.9214273782292617,3.0714114012945175,1
1,-0.8240270091764237,3.0714114012945175,1
1,-0.7266266401235859,3.0714114012945175,1
1,-0.6292262710707481,3.0714114012945175,1
1,-0.5318259020179104,3.0714114012945175,1
1,-0.4344255329650726,3.0714114012945175,1
1,-0.3370251639122346,3.0714114012945175,1
1,-0.2396247948593968,3.0714114012945175,1
1,-0.14222442580655903,3.0714114012945175,1
1,-0.04482405675372103,3.0714114012945175,1
1,0.05257631229911652,3.0714114012945175,1
1,0.14997668135195452,3.0714114012945175,1
1,0.24737705040479252,3.0714114012945175,1
1,0.3447774194576301,3.0714114012945175,1
1,0.4421777885104681,3.0714114012945175,1
1,0.5395781575633061,3.0714114012945175,1
1,0.6369785266161436,3.0714114012945175,1
1,0.7343788956689816,3.0714114012945175,1
1,0.8317792647218192,3.0714114012945175,1
1,0.9291796337746572,3.0714114012945175,1
1,1.0265800028274952,3.0714114012945175,1
1,1.1239803718803327,3.0714114012945175,1
1,1.2213807409331707,3.0714114012945175,1
1,1.3187811099860083,3.0714114012945175,1
1,1.4161814790388463,3.0714114012945175,1
1,1.5135818480916843,3.0714114012945175,1
1,1.6109822171445218,3.0714114012945175,1
1,1.7083825861973598,3.0714114012945175,1
1,1.8057829552501978,3.0714114012945175,1
1,1.9031833243030354,3.0714114012945175,1
1,2.000583693355873,3.0714114012945175,1
1,2.0979840624087114,3.0714114012945175,1
1,2.195384431461549,3.0714114012945175,1
1,2.2927848005143865,3.0714114012945175,1
1,2.390185169567225,3.0714114012945175,1
1,2.4875855386200625,3.0714114012945175,1
1,2.5849859076729,3.0714114012945175,1
1,2.6823862767257385,3.0714114012945175,1
1,2.779786645778576,3.0714114012945175,1
1,2.8771870148314136,3.0714114012945175,1
1,2.974587383884252,3.0714114012945175,1
1,3.0719877529370896,3.0714114012945175,1
1,3.169388121989927,3.0714114012945175,1
1,3.2667884910427656,3.0714114012945175,1
1,3.364188860095603,3.0714114012945175,1
1,3.4615892291484407,3.0714114012945175,1
1,3.5589895982012782,3.0714114012945175,1
1,3.6563899672541167,3.0714114012945175,1
1,3.7537903363069542,3.0714114012945175,1
1,3.851190705359792,3.0714114012945175,1
1,3.9485910744126302,3.0714114012945175,1
1,4.045991443465468,3.0714114012945175,1
1,4.143391812518305,3.0714114012945175,1
1,4.240792181571144,3.0714114012945175,1
1,4.338192550623981,3.0714114012945175,1
1,4.435592919676819,3.0714114012945175,1
1,4.532993288729657,3.0714114012945175,1
1,-2.1876321759161534,3.1490769392460787,1
1,-2.0902318068633154,3.1490769392460787,1
1,-1.992831437810478,3.1490769392460787,1
1,-1.89543106875764,3.1490769392460787,1
1,-1.7980306997048021,3.1490769392460787,1
1,-1.7006303306519643,3.1490769392460787,1
1,-1.6032299615991263,3.1490769392460787,1
1,-1.5058295925462886,3.1490769392460787,1
1,-1.4084292234934508,3.1490769392460787,1
1,-1.311028854440613,3.1490769392460787,1
1,-1.2136284853877752,3.1490769392460787,1
1,-1.1162281163349372,3.1490769392460787,1
1,-1.0188277472820995,3.1490769392460787,1
1,-0.9214273782292617,3.1490769392460787,1
1,-0.8240270091764237,3.1490769392460787,1
1,-0.7266266401235859,3.1490769392460787,1
1,-0.6292262710707481,3.1490769392460787,1
1,-0.5318259020179104,3.1490769392460787,1
1,-0.4344255329650726,3.1490769392460787,1
1,-0.3370251639122346,3.1490769392460787,1
1,-0.2396247948593968,3.1490769392460787,1
1,-0.14222442580655903,3.1490769392460787,1
1,-0.04482405675372103,3.1490769392460787,1
1,0.05257631229911652,3.1490769392460787,1
1,0.14997668135195452,3.1490769392460787,1
1,0.24737705040479252,3.1490769392460787,1
1,0.3447774194576301,3.1490769392460787,1
1,0.4421777885104681,3.1490769392460787,1
1,0.5395781575633061,3.1490769392460787,1
1,0.6369785266161436,3.1490769392460787,1
1,0.7343788956689816,3.1490769392460787,1
1,0.8317792647218192,3.1490769392460787,1
1,0.9291796337746572,3.1490769392460787,1
1,1.0265800028274952,3.1490769392460787,1
1,1.1239803718803327,3.1490769392460787,1
1,1.2213807409331707,3.1490769392460787,1
1,1.3187811099860083,3.1490769392460787,1
1,1.4161814790388463,3.1490769392460787,1
1,1.5135818480916843,3.1490769392460787,1
1,1.6109822171445218,3.1490769392460787,1
1,1.7083825861973598,3.1490769392460787,1
1,1.8057829552501978,3.1490769392460787,1
1,1.9031833243030354,3.1490769392460787,1
1,2.000583693355873,3.1490769392460787,1
1,2.0979840624087114,3.1490769392460787,1
1,2.195384431461549,3.1490769392460787,1
1,2.2927848005143865,3.1490769392460787,1
1,2.390185169567225,3.1490769392460787,1
1,2.4875855386200625,3.1490769392460787,1
1,2.5849859076729,3.1490769392460787,1
1,2.6823862767257385,3.1490769392460787,1
1,2.779786645778576,3.1490769392460787,1
1,2.8771870148314136,3.1490769392460787,1
1,2.974587383884252,3.1490769392460787,1
1,3.0719877529370896,3.1490769392460787,1
1,3.169388121989927,3.1490769392460787,1
1,3.2667884910427656,3.1490769392460787,1
1,3.364188860095603,3.1490769392460787,1
1,3.4615892291484407,3.1490769392460787,1
1,3.5589895982012782,3.1490769392460787,1
1,3.6563899672541167,3.1490769392460787,1
1,3.7537903363069542,3.1490769392460787,1
1,3.851190705359792,3.1490769392460787,1
1,3.9485910744126302,3.1490769392460787,1
1,4.045991443465468,3.1490769392460787,1
1,4.143391812518305,3.1490769392460787,1
1,4.240792181571144,3.1490769392460787,1
1,4.338192550623981,3.1490769392460787,1
1,4.435592919676819,3.1490769392460787,1
1,4.532993288729657,3.1490769392460787,1
5,-2.1876321759161534,-2.209845179411633,0
5,-2.0902318068633154,-2.209845179411633,0
5,-1.992831437810478,-2.209845179411633,0
5,-1.89543106875764,-2.209845179411633,0
5,-1.7980306997048021,-2.209845179411633,0
5,-1.7006303306519643,-2.209845179411633,0
5,-1.6032299615991263,-2.209845179411633,0
5,-1.5058295925462886,-2.209845179411633,0
5,-1.4084292234934508,-2.209845179411633,0
5,-1.311028854440613,-2.209845179411633,0
5,-1.2136284853877752,-2.209845179411633,0
5,-1.1162281163349372,-2.209845179411633,0
5,-1.0188277472820995,-2.209845179411633,0
5,-0.9214273782292617,-2.209845179411633,0
5,-0.8240270091764237,-2.209845179411633,0
5,-0.7266266401235859,-2.209845179411633,0
5,-0.6292262710707481,-2.209845179411633,0
5,-0.5318259020179104,-2.209845179411633,0
5,-0.4344255329650726,-2.209845179411633,0
5,-0.3370251639122346,-2.209845179411633,0
5,-0.2396247948593968,-2.209845179411633,0
5,-0.14222442580655903,-2.209845179411633,0
5,-0.04482405675372103,-2.209845179411633,0
5,0.05257631229911652,-2.209845179411633,0
5,0.14997668135195452,-2.209845179411633,0
5,0.24737705040479252,-2.209845179411633,0
5,0.3447774194576301,-2.209845179411633,0
5,0.4421777885104681,-2.209845179411633,0
5,0.5395781575633061,-2.209845179411633,0
5,0.6369785266161436,-2.209845179411633,0
5,0.7343788956689816,-2.209845179411633,0
5,0.8317792647218192,-2.209845179411633,0
5,0.9291796337746572,-2.209845179411633,0
5,1.0265800028274952,-2.209845179411633,0
5,1.1239803718803327,-2.209845179411633,0
5,1.2213807409331707,-2.209845179411633,0
5,1.3187811099860083,-2.209845179411633,0
5,1.4161814790388463,-2.209845179411633,0
5,1.5135818480916843,-2.209845179411633,0
5,1.6109822171445218,-2.209845179411633,1
5,1.7083825861973598,-2.209845179411633,1
5,1.8057829552501978,-2.209845179411633,1
5,1.9031833243030354,-2.209845179411633,1
5,2.000583693355873,-2.209845179411633,1
5,2.0979840624087114,-2.209845179411633,1
5,2.195384431461549,-2.209845179411633,1
5,2.2927848005143865,-2.209845179411633,1
5,2.390185169567225,-2.209845179411633,1
5,2.4875855386200625,-2.209845179411633,1
5,2.5849859076729,-2.209845179411633,1
5,2.6823862767257385,-2.209845179411633,1
5,2.779786645778576,-2.209845179411633,1
5,2.8771870148314136,-2.209845179411633,1
5,2.974587383884252,-2.209845179411633,1
5,3.0719877529370896,-2.209845179411633,1
5,3.169388121989927,-2.209845179411633,1
5,3.2667884910427656,-2.209845179411633,1
5,3.364188860095603,-2.209845179411633,1
5,3.4615892291484407,-2.209845179411633,1
5,3.5589895982012782,-2.209845179411633,1
5,3.6563899672541167,-2.209845179411633,1
5,3.7537903363069542,-2.209845179411633,1
5,3.851190705359792,-2.209845179411633,1
5,3.9485910744126302,-2.209845179411633,1
5,4.045991443465468,-2.209845179411633,1
5,4.143391812518305,-2.209845179411633,1
5,4.240792181571144,-2.209845179411633,1
5,4.338192550623981,-2.209845179411633,1
5,4.435592919676819,-2.209845179411633,1
5,4.532993288729657,-2.209845179411633,1
5,-2.1876321759161534,-2.132179641460072,0
5,-2.0902318068633154,-2.132179641460072,0
5,-1.992831437810478,-2.132179641460072,0
5,-1.89543106875764,-2.132179641460072,0
5,-1.7980306997048021,-2.132179641460072,0
5,-1.7006303306519643,-2.132179641460072,0
5,-1.6032299615991263,-2.132179641460072,0
5,-1.5058295925462886,-2.132179641460072,0
5,-1.4084292234934508,-2.132179641460072,0
5,-1.311028854440613,-2.132179641460072,0
5,-1.2136284853877752,-2.132179641460072,0
5,-1.1162281163349372,-2.132179641460072,0
5,-1.0188277472820995,-2.132179641460072,0
5,-0.9214273782292617,-2.132179641460072,0
5,-0.8240270091764237,-2.132179641460072,0
5,-0.7266266401235859,-2.132179641460072,0
5,-0.6292262710707481,-2.132179641460072,0
5,-0.5318259020179104,-2.132179641460072,0
5,-0.4344255329650726,-2.132179641460072,0
5,-0.3370251639122346,-2.132179641460072,0
5,-0.2396247948593968,-2.132179641460072,0
5,-0.14222442580655903,-2.132179641460072,0
5,-0.04482405675372103,-2.132179641460072,0
5,0.05257631229911652,-2.132179641460072,0
5,0.14997668135195452,-2.132179641460072,0
5,0.24737705040479252,-2.132179641460072,0
5,0.3447774194576301,-2.132179641460072,0
5,0.4421777885104681,-2.132179641460072,0
5,0.5395781575633061,-2.132179641460072,0
5,0.6369785266161436,-2.132179641460072,0
5,0.7343788956689816,-2.132179641460072,0
5,0.8317792647218192,-2.132179641460072,0
5,0.9291796337746572,-2.132179641460072,0
5,1.0265800028274952,-2.132179641460072,0
5,1.1239803718803327,-2.132179641460072,0
5,1.2213807409331707,-2.132179641460072,0
5,1.3187811099860083,-2.132179641460072,0
5,1.4161814790388463,-2.132179641460072,0
5,1.5135818480916843,-2.132179641460072,0
5,1.6109822171445218,-2.132179641460072,1
5,1.7083825861973598,-2.132179641460072,1
5,1.8057829552501978,-2.132179641460072,1
5,1.9031833243030354,-2.132179641460072,1
5,2.000583693355873,-2.132179641460072,1
5,2.0979840624087114,-2.132179641460072,1
5,2.195384431461549,-2.132179641460072,1
5,2.2927848005143865,-2.132179641460072,1
5,2.390185169567225,-2.132179641460072,1
5,2.4875855386200625,-2.132179641460072,1
5,2.5849859076729,-2.132179641460072,1
5,2.6823862767257385,-2.132179641460072,1
5,2.779786645778576,-2.132179641460072,1
5,2.8771870148314136,-2.132179641460072,1
5,2.974587383884252,-2.132179641460072,1
5,3.0719877529370896,-2.132179641460072,1
5,3.169388121989927,-2.132179641460072,1
5,3.2667884910427656,-2.132179641460072,1
5,3.364188860095603,-2.132179641460072,1
5,3.4615892291484407,-2.132179641460072,1
5,3.5589895982012782,-2.132179641460072,1
5,3.6563899672541167,-2.132179641460072,1
5,3.7537903363069542,-2.132179641460072,1
5,3.851190705359792,-2.132179641460072,1
5,3.9485910744126302,-2.132179641460072,1
5,4.045991443465468,-2.132179641460072,1
5,4.143391812518305,-2.132179641460072,1
5,4.240792181571144,-2.132179641460072,1
5,4.338192550623981,-2.132179641460072,1
5,4.435592919676819,-2.132179641460072,1
5,4.532993288729657,-2.132179641460072,1
5,-2.1876321759161534,-2.0545141035085113,0
5,-2.0902318068633154,-2.0545141035085113,0
5,-1.992831437810478,-2.0545141035085113,0
5,-1.89543106875764,-2.0545141035085113,0
5,-1.7980306997048021,-2.0545141035085113,0
5,-1.7006303306519643,-2.0545141035085113,0
5,-1.6032299615991263,-2.0545141035085113,0
5,-1.5058295925462886,-2.0545141035085113,0
5,-1.4084292234934508,-2.0545141035085113,0
5,-1.311028854440613,-2.0545141035085113,0
5,-1.2136284853877752,-2.0545141035085113,0
5,-1.1162281163349372,-2.0545141035085113,0
5,-1.0188277472820995,-2.0545141035085113,0
5,-0.9214273782292617,-2.0545141035085113,0
5,-0.8240270091764237,-2.0545141035085113,0
5,-0.7266266401235859,-2.0545141035085113,0
5,-0.6292262710707481,-2.0545141035085113,0
5,-0.5318259020179104,-2.0545141035085113,0
5,-0.4344255329650726,-2.0545141035085113,0
5,-0.3370251639122346,-2.0545141035085113,0
5,-0.2396247948593968,-2.0545141035085113,0
5,-0.14222442580655903,-2.0545141035085113,0
5,-0.04482405675372103,-2.0545141035085113,0
5,0.05257631229911652,-2.0545141035085113,0
5,0.14997668135195452,-2.0545141035085113,0
5,0.24737705040479252,-2.0545141035085113,0
5,0.3447774194576301,-2.0545141035085113,0
5,0.4421777885104681,-2.0545141035085113,0
5,0.5395781575633061,-2.0545141035085113,0
5,0.6369785266161436,-2.0545141035085113,0
5,0.7343788956689816,-2.0545141035085113,0
5,0.8317792647218192,-2.0545141035085113,0
5,0.9291796337746572,-2.0545141035085113,0
5,1.0265800028274952,-2.0545141035085113,0
5,1.1239803718803327,-2.0545141035085113,0
5,1.2213807409331707,-2.0545141035085113,0
5,1.3187811099860083,-2.0545141035085113,0
5,1.4161814790388463,-2.0545141035085113,0
5,1.5135818480916843,-2.0545141035085113,1
5,1.6109822171445218,-2.0545141035085113,1
5,1.7083825861973598,-2.0545141035085113,1
5,1.8057829552501978,-2.0545141035085113,1
5,1.9031833243030354,-2.0545141035085113,1
5,2.000583693355873,-2.0545141035085113,1
5,2.0979840624087114,-2.0545141035085113,1
5,2.195384431461549,-2.0545141035085113,1
5,2.2927848005143865,-2.0545141035085113,1
5,2.390185169567225,-2.0545141035085113,1
5,2.4875855386200625,-2.0545141035085113,1
5,2.5849859076729,-2.0545141035085113,1
5,2.6823862767257385,-2.0545141035085113,1
5,2.779786645778576,-2.0545141035085113,1
5,2.8771870148314136,-2.0545141035085113,1
5,2.974587383884252,-2.0545141035085113,1
5,3.0719877529370896,-2.0545141035085113,1
5,3.169388121989927,-2.0545141035085113,1
5,3.2667884910427656,-2.0545141035085113,1
5,3.364188860095603,-2.0545141035085113,1
5,3.4615892291484407,-2.0545141035085113,1
5,3.5589895982012782,-2.0545141035085113,1
5,3.6563899672541167,-2.0545141035085113,1
5,3.7537903363069542,-2.0545141035085113,1
5,3.851190705359792,-2.0545141035085113,1
5,3.9485910744126302,-2.0545141035085113,1
5,4.045991443465468,-2.0545141035085113,1
5,4.143391812518305,-2.0545141035085113,1
5,4.240792181571144,-2.0545141035085113,1
5,4.338192550623981,-2.0545141035085113,1
5,4.435592919676819,-2.0545141035085113,1
5,4.532993288729657,-2.0545141035085113,1
5,-2.1876321759161534,-1.97684856555695,0
5,-2.0902318068633154,-1.97684856555695,0
5,-1.992831437810478,-1.97684856555695,0
5,-1.89543106875764,-1.97684856555695,0
5,-1.7980306997048021,-1.97684856555695,0
5,-1.7006303306519643,-1.97684856555695,0
5,-1.6032299615991263,-1.97684856555695,0
5,-1.5058295925462886,-1.97684856555695,0
5,-1.4084292234934508,-1.97684856555695,0
5,-1.311028854440613,-1.97684856555695,0
5,-1.2136284853877752,-1.97684856555695,0
5,-1.1162281163349372,-1.97684856555695,0
5,-1.0188277472820995,-1.97684856555695,0
5,-0.9214273782292617,-1.97684856555695,0
5,-0.8240270091764237,-1.97684856555695,0
5,-0.7266266401235859,-1.97684856555695,0
5,-0.6292262710707481,-1.97684856555695,0
5,-0.5318259020179104,-1.97684856555695,0
5,-0.4344255329650726,-1.97684856555695,0
5,-0.3370251639122346,-1.97684856555695,0
5,-0.2396247948593968,-1.97684856555695,0
5,-0.14222442580655903,-1.97684856555695,0
5,-0.04482405675372103,-1.97684856555695,0
5,0.05257631229911652,-1.97684856555695,0
5,0.14997668135195452,-1.97684856555695,0
5,0.24737705040479252,-1.97684856555695,0
5,0.3447774194576301,-1.97684856555695,0
5,0.4421777885104681,-1.97684856555695,0
5,0.5395781575633061,-1.97684856555695,0
5,0.6369785266161436,-1.97684856555695,0
5,0.7343788956689816,-1.97684856555695,0
5,0.8317792647218192,-1.97684856555695,0
5,0.9291796337746572,-1.97684856555695,0
5,1.0265800028274952,-1.97684856555695,0
5,1.1239803718803327,-1.97684856555695,0
5,1.2213807409331707,-1.97684856555695,0
5,1.3187811099860083,-1.97684856555695,0
5,1.4161814790388463,-1.97684856555695,0
5,1.5135818480916843,-1.97684856555695,1
5,1.6109822171445218,-1.97684856555695,1
5,1.7083825861973598,-1.97684856555695,1
5,1.8057829552501978,-1.97684856555695,1
5,1.9031833243030354,-1.97684856555695,1
5,2.000583693355873,-1.97684856555695,1
5,2.0979840624087114,-1.97684856555695,1
5,2.195384431461549,-1.97684856555695,1
5,2.2927848005143865,-1.97684856555695,1
5,2.390185169567225,-1.97684856555695,1
5,2.4875855386200625,-1.97684856555695,1
5,2.5849859076729,-1.97684856555695,1
5,2.6823862767257385,-1.97684856555695,1
5,2.779786645778576,-1.97684856555695,1
5,2.8771870148314136,-1.97684856555695,1
5,2.974587383884252,-1.97684856555695,1
5,3.0719877529370896,-1.97684856555695,1
5,3.169388121989927,-1.97684856555695,1
5,3.2667884910427656,-1.97684856555695,1
5,3.364188860095603,-1.97684856555695,1
5,3.4615892291484407,-1.97684856555695,1
5,3.5589895982012782,-1.97684856555695,1
5,3.6563899672541167,-1.97684856555695,1
5,3.7537903363069542,-1.97684856555695,1
5,3.851190705359792,-1.97684856555695,1
5,3.9485910744126302,-1.97684856555695,1
5,4.045991443465468,-1.97684856555695,1
5,4.143391812518305,-1.97684856555695,1
5,4.240792181571144,-1.97684856555695,1
5,4.338192550623981,-1.97684856555695,1
5,4.435592919676819,-1.97684856555695,1
5,4.532993288729657,-1.97684856555695,1
5,-2.1876321759161534,-1.899183027605389,0
5,-2.0902318068633154,-1.899183027605389,0
5,-1.992831437810478,-1.899183027605389,0
5,-1.89543106875764,-1.899183027605389,0
5,-1.7980306997048021,-1.899183027605389,0
5,-1.7006303306519643,-1.899183027605389,0
5,-1.6032299615991263,-1.899183027605389,0
5,-1.5058295925462886,-1.899183027605389,0
5,-1.4084292234934508,-1.899183027605389,0
5,-1.311028854440613,-1.899183027605389,0
5,-1.2136284853877752,-1.899183027605389,0
5,-1.1162281163349372,-1.899183027605389,0
5,-1.0188277472820995,-1.899183027605389,0
5,-0.9214273782292617,-1.899183027605389,0
5,-0.8240270091764237,-1.899183027605389,0
5,-0.7266266401235859,-1.899183027605389,0
5,-0.6292262710707481,-1.899183027605389,0
5,-0.5318259020179104,-1.899183027605389,0
5,-0.4344255329650726,-1.899183027605389,0
5,-0.3370251639122346,-1.899183027605389,0
5,-0.2396247948593968,-1.899183027605389,0
5,-0.14222442580655903,-1.899183027605389,0
5,-0.04482405675372103,-1.899183027605389,0
5,0.05257631229911652,-1.899183027605389,0
5,0.14997668135195452,-1.899183027605389,0
5,0.24737705040479252,-1.899183027605389,0
5,0.3447774194576301,-1.899183027605389,0
5,0.4421777885104681,-1.899183027605389,0
5,0.5395781575633061,-1.899183027605389,0
5,0.6369785266161436,-1.899183027605389,0
5,0.7343788956689816,-1.899183027605389,0
5,0.8317792647218192,-1.899183027605389,0
5,0.9291796337746572,-1.899183027605389,0
5,1.0265800028274952,-1.899183027605389,0
5,1.1239803718803327,-1.899183027605389,0
5,1.2213807409331707,-1.899183027605389,0
5,1.3187811099860083,-1.899183027605389,0
5,1.4161814790388463,-1.899183027605389,1
5,1.5135818480916843,-1.899183027605389,1
5,1.6109822171445218,-1.899183027605389,1
5,1.7083825861973598,-1.899183027605389,1
5,1.8057829552501978,-1.899183027605389,1
5,1.9031833243030354,-1.899183027605389,1
5,2.000583693355873,-1.899183027605389,1
5,2.0979840624087114,-1.899183027605389,1
5,2.195384431461549,-1.899183027605389,1
5,2.2927848005143865,-1.899183027605389,1
5,2.390185169567225,-1.899183027605389,1
5,2.4875855386200625,-1.899183027605389,1
5,2.5849859076729,-1.899183027605389,1
5,2.6823862767257385,-1.899183027605389,1
5,2.779786645778576,-1.899183027605389,1
5,2.8771870148314136,-1.899183027605389,1
5,2.974587383884252,-1.899183027605389,1
5,3.0719877529370896,-1.899183027605389,1
5,3.169388121989927,-1.899183027605389,1
5,3.2667884910427656,-1.899183027605389,1
5,3.364188860095603,-1.899183027605389,1
5,3.4615892291484407,-1.899183027605389,1
5,3.5589895982012782,-1.899183027605389,1
5,3.6563899672541167,-1.899183027605389,1
5,3.7537903363069542,-1.899183027605389,1
5,3.851190705359792,-1.899183027605389,1
5,3.9485910744126302,-1.899183027605389,1
5,4.045991443465468,-1.899183027605389,1
5,4.143391812518305,-1.899183027605389,1
5,4.240792181571144,-1.899183027605389,1
5,4.338192550623981,-1.899183027605389,1
5,4.435592919676819,-1.899183027605389,1
5,4.532993288729657,-1.899183027605389,1
5,-2.1876321759161534,-1.821517489653828,0
5,-2.0902318068633154,-1.821517489653828,0
5,-1.992831437810478,-1.821517489653828,0
5,-1.89543106875764,-1.821517489653828,0
5,-1.7980306997048021,-1.821517489653828,0
5,-1.7006303306519643,-1.821517489653828,0
5,-1.6032299615991263,-1.821517489653828,0
5,-1.5058295925462886,-1.821517489653828,0
5,-1.4084292234934508,-1.821517489653828,0
5,-1.311028854440613,-1.821517489653828,0
5,-1.2136284853877752,-1.821517489653828,0
5,-1.1162281163349372,-1.821517489653828,0
5,-1.0188277472820995,-1.821517489653828,0
5,-0.9214273782292617,-1.821517489653828,0
5,-0.8240270091764237,-1.821517489653828,0
5,-0.7266266401235859,-1.821517489653828,0
5,-0.6292262710707481,-1.821517489653828,0
5,-0.5318259020179104,-1.821517489653828,0
5,-0.4344255329650726,-1.821517489653828,0
5,-0.3370251639122346,-1.821517489653828,0
5,-0.2396247948593968,-1.821517489653828,0
5,-0.14222442580655903,-1.821517489653828,0
5,-0.04482405675372103,-1.821517489653828,0
5,0.05257631229911652,-1.821517489653828,0
5,0.14997668135195452,-1.821517489653828,0
5,0.24737705040479252,-1.821517489653828,0
5,0.3447774194576301,-1.821517489653828,0
5,0.4421777885104681,-1.821517489653828,0
5,0.5395781575633061,-1.821517489653828,0
5,0.6369785266161436,-1.821517489653828,0
5,0.7343788956689816,-1.821517489653828,0
5,0.8317792647218192,-1.821517489653828,0
5,0.9291796337746572,-1.821517489653828,0
5,1.0265800028274952,-1.821517489653828,0
5,1.1239803718803327,-1.821517489653828,0
5,1.2213807409331707,-1.821517489653828,0
5,1.3187811099860083,-1.821517489653828,1
5,1.4161814790388463,-1.821517489653828,1
5,1.5135818480916843,-1.821517489653828,1
5,1.6109822171445218,-1.821517489653828,1
5,1.7083825861973598,-1.821517489653828,1
5,1.8057829552501978,-1.821517489653828,1
5,1.9031833243030354,-1.821517489653828,1
5,2.000583693355873,-1.821517489653828,1
5,2.0979840624087114,-1.821517489653828,1
5,2.195384431461549,-1.821517489653828,1
5,2.2927848005143865,-1.821517489653828,1
5,2.390185169567225,-1.821517489653828,1
5,2.4875855386200625,-1.821517489653828,1
5,2.5849859076729,-1.821517489653828,1
5,2.6823862767257385,-1.821517489653828,1
5,2.779786645778576,-1.821517489653828,1
5,2.8771870148314136,-1.821517489653828,1
5,2.974587383884252,-1.821517489653828,1
5,3.0719877529370896,-1.821517489653828,1
5,3.169388121989927,-1.821517489653828,1
5,3.2667884910427656,-1.821517489653828,1
5,3.364188860095603,-1.821517489653828,1
5,3.4615892291484407,-1.821517489653828,1
5,3.5589895982012782,-1.821517489653828,1
5,3.6563899672541167,-1.821517489653828,1
5,3.7537903363069542,-1.821517489653828,1
5,3.851190705359792,-1.821517489653828,1
5,3.9485910744126302,-1.821517489653828,1
5,4.045991443465468,-1.821517489653828,1
5,4.143391812518305,-1.821517489653828,1
5,4.240792181571144,-1.821517489653828,1
5,4.338192550623981,-1.821517489653828,1
5,4.435592919676819,-1.821517489653828,1
5,4.532993288729657,-1.821517489653828,1
5,-2.1876321759161534,-1.743851951702267,0
5,-2.0902318068633154,-1.743851951702267,0
5,-1.992831437810478,-1.743851951702267,0
5,-1.89543106875764,-1.743851951702267,0
5,-1.7980306997048021,-1.743851951702267,0
5,-1.7006303306519643,-1.743851951702267,0
5,-1.6032299615991263,-1.743851951702267,0
5,-1.5058295925462886,-1.743851951702267,0
5,-1.4084292234934508,-1.743851951702267,0
5,-1.311028854440613,-1.743851951702267,0
5,-1.2136284853877752,-1.743851951702267,0
5,-1.1162281163349372,-1.743851951702267,0
5,-1.0188277472820995,-1.743851951702267,0
5,-0.9214273782292617,-1.743851951702267,0
5,-0.8240270091764237,-1.743851951702267,0
5,-0.7266266401235859,-1.743851951702267,0
5,-0.6292262710707481,-1.743851951702267,0
5,-0.5318259020179104,-1.743851951702267,0
5,-0.4344255329650726,-1.743851951702267,0
5,-0.3370251639122346,-1.743851951702267,0
5,-0.2396247948593968,-1.743851951702267,0
5,-0.14222442580655903,-1.743851951702267,0
5,-0.04482405675372103,-1.743851951702267,0
5,0.05257631229911652,-1.743851951702267,0
5,0.14997668135195452,-1.743851951702267,0
5,0.24737705040479252,-1.743851951702267,0
5,0.3447774194576301,-1.743851951702267,0
5,0.4421777885104681,-1.743851951702267,0
5,0.5395781575633061,-1.743851951702267,0
5,0.6369785266161436,-1.743851951702267,0
5,0.7343788956689816,-1.743851951702267,0
5,0.8317792647218192,-1.743851951702267,0
5,0.9291796337746572,-1.743851951702267,0
5,1.0265800028274952,-1.743851951702267,0
5,1.1239803718803327,-1.743851951702267,0
5,1.2213807409331707,-1.743851951702267,1
5,1.3187811099860083,-1.743851951702267,1
5,1.4161814790388463,-1.743851951702267,1
5,1.5135818480916843,-1.743851951702267,1
5,1.6109822171445218,-1.743851951702267,1
5,1.7083825861973598,-1.743851951702267,1
5,1.8057829552501978,-1.743851951702267,1
5,1.9031833243030354,-1.743851951702267,1
5,2.000583693355873,-1.743851951702267,1
5,2.0979840624087114,-1.743851951702267,1
5,2.195384431461549,-1.743851951702267,1
5,2.2927848005143865,-1.743851951702267,1
5,2.390185169567225,-1.743851951702267,1
5,2.4875855386200625,-1.743851951702267,1
5,2.5849859076729,-1.743851951702267,1
5,2.6823862767257385,-1.743851951702267,1
5,2.779786645778576,-1.743851951702267,1
5,2.8771870148314136,-1.743851951702267,1
5,2.974587383884252,-1.743851951702267,1
5,3.0719877529370896,-1.743851951702267,1
5,3.169388121989927,-1.743851951702267,1
5,3.2667884910427656,-1.743851951702267,1
5,3.364188860095603,-1.743851951702267,1
5,3.4615892291484407,-1.743851951702267,1
5,3.5589895982012782,-1.743851951702267,1
5,3.6563899672541167,-1.743851951702267,1
5,3.7537903363069542,-1.743851951702267,1
5,3.851190705359792,-1.743851951702267,1
5,3.9485910744126302,-1.743851951702267,1
5,4.045991443465468,-1.743851951702267,1
5,4.143391812518305,-1.743851951702267,1
5,4.240792181571144,-1.743851951702267,1
5,4.338192550623981,-1.743851951702267,1
5,4.435592919676819,-1.743851951702267,1
5,4.532993288729657,-1.743851951702267,1
5,-2.1876321759161534,-1.6661864137507059,0
5,-2.0902318068633154,-1.6661864137507059,0
5,-1.992831437810478,-1.6661864137507059,0
5,-1.89543106875764,-1.6661864137507059,0
5,-1.7980306997048021,-1.6661864137507059,0
5,-1.7006303306519643,-1.6661864137507059,0
5,-1.6032299615991263,-1.6661864137507059,0
5,-1.5058295925462886,-1.6661864137507059,0
5,-1.4084292234934508,-1.6661864137507059,0
5,-1.311028854440613,-1.6661864137507059,0
5,-1.2136284853877752,-1.6661864137507059,0
5,-1.1162281163349372,-1.6661864137507059,0
5,-1.0188277472820995,-1.6661864137507059,0
5,-0.9214273782292617,-1.6661864137507059,0
5,-0.8240270091764237,-1.6661864137507059,0
5,-0.7266266401235859,-1.6661864137507059,0
5,-0.6292262710707481,-1.6661864137507059,0
5,-0.5318259020179104,-1.6661864137507059,0
5,-0.4344255329650726,-1.6661864137507059,0
5,-0.3370251639122346,-1.6661864137507059,0
5,-0.2396247948593968,-1.6661864137507059,0
5,-0.14222442580655903,-1.6661864137507059,0
5,-0.04482405675372103,-1.6661864137507059,0
5,0.05257631229911652,-1.6661864137507059,0
5,0.14997668135195452,-1.6661864137507059,0
5,0.24737705040479252,-1.6661864137507059,0
5,0.3447774194576301,-1.6661864137507059,0
5,0.4421777885104681,-1.6661864137507059,0
5,0.5395781575633061,-1.6661864137507059,0
5,0.6369785266161436,-1.6661864137507059,0
5,0.7343788956689816,-1.6661864137507059,0
5,0.8317792647218192,-1.6661864137507059,0
5,0.9291796337746572,-1.6661864137507059,0
5,1.0265800028274952,-1.6661864137507059,0
5,1.1239803718803327,-1.6661864137507059,1
5,1.2213807409331707,-1.6661864137507059,1
5,1.3187811099860083,-1.6661864137507059,1
5,1.4161814790388463,-1.6661864137507059,1
5,1.5135818480916843,-1.6661864137507059,1
5,1.6109822171445218,-1.6661864137507059,1
5,1.7083825861973598,-1.6661864137507059,1
5,1.8057829552501978,-1.6661864137507059,1
5,1.9031833243030354,-1.6661864137507059,1
5,2.000583693355873,-1.6661864137507059,1
5,2.0979840624087114,-1.6661864137507059,1
5,2.195384431461549,-1.6661864137507059,1
5,2.2927848005143865,-1.6661864137507059,1
5,2.390185169567225,-1.6661864137507059,1
5,2.4875855386200625,-1.6661864137507059,1
5,2.5849859076729,-1.6661864137507059,1
5,2.6823862767257385,-1.6661864137507059,1
5,2.779786645778576,-1.6661864137507059,1
5,2.8771870148314136,-1.6661864137507059,1
5,2.974587383884252,-1.6661864137507059,1
5,3.0719877529370896,-1.6661864137507059,1
5,3.169388121989927,-1.6661864137507059,1
5,3.2667884910427656,-1.6661864137507059,1
5,3.364188860095603,-1.6661864137507059,1
5,3.4615892291484407,-1.6661864137507059,1
5,3.5589895982012782,-1.6661864137507059,1
5,3.6563899672541167,-1.6661864137507059,1
5,3.7537903363069542,-1.6661864137507059,1
5,3.851190705359792,-1.6661864137507059,1
5,3.9485910744126302,-1.6661864137507059,1
5,4.045991443465468,-1.6661864137507059,1
5,4.143391812518305,-1.6661864137507059,1
5,4.240792181571144,-1.6661864137507059,1
5,4.338192550623981,-1.6661864137507059,1
5,4.435592919676819,-1.6661864137507059,1
5,4.532993288729657,-1.6661864137507059,1
5,-2.1876321759161534,-1.5885208757991447,0
5,-2.0902318068633154,-1.5885208757991447,0
5,-1.992831437810478,-1.5885208757991447,0
5,-1.89543106875764,-1.5885208757991447,0
5,-1.7980306997048021,-1.5885208757991447,0
5,-1.7006303306519643,-1.5885208757991447,0
5,-1.6032299615991263,-1.5885208757991447,0
5,-1.5058295925462886,-1.5885208757991447,0
5,-1.4084292234934508,-1.5885208757991447,0
5,-1.311028854440613,-1.5885208757991447,0
5,-1.2136284853877752,-1.5885208757991447,0
5,-1.1162281163349372,-1.5885208757991447,0
5,-1.0188277472820995,-1.5885208757991447,0
5,-0.9214273782292617,-1.5885208757991447,0
5,-0.8240270091764237,-1.5885208757991447,0
5,-0.7266266401235859,-1.5885208757991447,0
5,-0.6292262710707481,-1.5885208757991447,0
5,-0.5318259020179104,-1.5885208757991447,0
5,-0.4344255329650726,-1.5885208757991447,0
5,-0.3370251639122346,-1.5885208757991447,0
5,-0.2396247948593968,-1.5885208757991447,0
5,-0.14222442580655903,-1.5885208757991447,0
5,-0.04482405675372103,-1.5885208757991447,0
5,0.05257631229911652,-1.5885208757991447,0
5,0.14997668135195452,-1.5885208757991447,0
5,0.24737705040479252,-1.5885208757991447,0
5,0.3447774194576301,-1.5885208757991447,0
5,0.4421777885104681,-1.5885208757991447,0
5,0.5395781575633061,-1.5885208757991447,0
5,0.6369785266161436,-1.5885208757991447,0
5,0.7343788956689816,-1.5885208757991447,0
5,0.8317792647218192,-1.5885208757991447,0
5,0.9291796337746572,-1.5885208757991447,0
5,1.0265800028274952,-1.5885208757991447,1
5,1.1239803718803327,-1.5885208757991447,1
5,1.2213807409331707,-1.5885208757991447,1
5,1.3187811099860083,-1.5885208757991447,1
5,1.4161814790388463,-1.5885208757991447,1
5,1.5135818480916843,-1.5885208757991447,1
5,1.6109822171445218,-1.5885208757991447,1
5,1.7083825861973598,-1.5885208757991447,1
5,1.8057829552501978,-1.5885208757991447,1
5,1.9031833243030354,-1.5885208757991447,1
5,2.000583693355873,-1.5885208757991447,1
5,2.0979840624087114,-1.5885208757991447,1
5,2.195384431461549,-1.5885208757991447,1
5,2.2927848005143865,-1.5885208757991447,1
5,2.390185169567225,-1.5885208757991447,1
5,2.4875855386200625,-1.5885208757991447,1
5,2.5849859076729,-1.5885208757991447,1
5,2.6823862767257385,-1.5885208757991447,1
5,2.779786645778576,-1.5885208757991447,1
5,2.8771870148314136,-1.5885208757991447,1
5,2.974587383884252,-1.5885208757991447,1
5,3.0719877529370896,-1.5885208757991447,1
5,3.169388121989927,-1.5885208757991447,1
5,3.2667884910427656,-1.5885208757991447,1
5,3.364188860095603,-1.5885208757991447,1
5,3.4615892291484407,-1.5885208757991447,1
5,3.5589895982012782,-1.5885208757991447,1
5,3.6563899672541167,-1.5885208757991447,1
5,3.7537903363069542,-1.5885208757991447,1
5,3.851190705359792,-1.5885208757991447,1
5,3.9485910744126302,-1.5885208757991447,1
5,4.045991443465468,-1.5885208757991447,1
5,4.143391812518305,-1.5885208757991447,1
5,4.240792181571144,-1.5885208757991447,1
5,4.338192550623981,-1.5885208757991447,1
5,4.435592919676819,-1.5885208757991447,1
5,4.532993288729657,-1.5885208757991447,1
5,-2.1876321759161534,-1.5108553378475837,0
5,-2.0902318068633154,-1.5108553378475837,0
5,-1.992831437810478,-1.5108553378475837,0
5,-1.89543106875764,-1.5108553378475837,0
5,-1.7980306997048021,-1.5108553378475837,0
5,-1.7006303306519643,-1.5108553378475837,0
5,-1.6032299615991263,-1.5108553378475837,0
5,-1.5058295925462886,-1.5108553378475837,0
5,-1.4084292234934508,-1.5108553378475837,0
5,-1.311028854440613,-1.5108553378475837,0
5,-1.2136284853877752,-1.5108553378475837,0
5,-1.1162281163349372,-1.5108553378475837,0
5,-1.0188277472820995,-1.5108553378475837,0
5,-0.9214273782292617,-1.5108553378475837,0
5,-0.8240270091764237,-1.5108553378475837,0
5,-0.7266266401235859,-1.5108553378475837,0
5,-0.6292262710707481,-1.5108553378475837,0
5,-0.5318259020179104,-1.5108553378475837,0
5,-0.4344255329650726,-1.5108553378475837,0
5,-0.3370251639122346,-1.5108553378475837,0
5,-0.2396247948593968,-1.5108553378475837,0
5,-0.14222442580655903,-1.5108553378475837,0
5,-0.04482405675372103,-1.5108553378475837,0
5,0.05257631229911652,-1.5108553378475837,0
5,0.14997668135195452,-1.5108553378475837,0
5,0.24737705040479252,-1.5108553378475837,0
5,0.3447774194576301,-1.5108553378475837,0
5,0.4421777885104681,-1.5108553378475837,0
5,0.5395781575633061,-1.5108553378475837,0
5,0.6369785266161436,-1.5108553378475837,0
5,0.7343788956689816,-1.5108553378475837,0
5,0.8317792647218192,-1.5108553378475837,0
5,0.9291796337746572,-1.5108553378475837,0
5,1.0265800028274952,-1.5108553378475837,1
5,1.1239803718803327,-1.5108553378475837,1
5,1.2213807409331707,-1.5108553378475837,1
5,1.3187811099860083,-1.5108553378475837,1
5,1.4161814790388463,-1.5108553378475837,1
5,1.5135818480916843,-1.5108553378475837,1
5,1.6109822171445218,-1.5108553378475837,1
5,1.7083825861973598,-1.5108553378475837,1
5,1.8057829552501978,-1.5108553378475837,1
5,1.9031833243030354,-1.5108553378475837,1
5,2.000583693355873,-1.5108553378475837,1
5,2.0979840624087114,-1.5108553378475837,1
5,2.195384431461549,-1.5108553378475837,1
5,2.2927848005143865,-1.5108553378475837,1
5,2.390185169567225,-1.5108553378475837,1
5,2.4875855386200625,-1.5108553378475837,1
5,2.5849859076729,-1.5108553378475837,1
5,2.6823862767257385,-1.5108553378475837,1
5,2.779786645778576,-1.5108553378475837,1
5,2.8771870148314136,-1.5108553378475837,1
5,2.974587383884252,-1.5108553378475837,1
5,3.0719877529370896,-1.5108553378475837,1
5,3.169388121989927,-1.5108553378475837,1
5,3.2667884910427656,-1.5108553378475837,1
5,3.364188860095603,-1.5108553378475837,1
5,3.4615892291484407,-1.5108553378475837,1
5,3.5589895982012782,-1.5108553378475837,1
5,3.6563899672541167,-1.5108553378475837,1
5,3.7537903363069542,-1.5108553378475837,1
5,3.851190705359792,-1.5108553378475837,1
5,3.9485910744126302,-1.5108553378475837,1
5,4.045991443465468,-1.5108553378475837,1
5,4.143391812518305,-1.5108553378475837,1
5,4.240792181571144,-1.5108553378475837,1
5,4.338192550623981,-1.5108553378475837,1
5,4.435592919676819,-1.5108553378475837,1
5,4.532993288729657,-1.5108553378475837,1
5,-2.1876321759161534,-1.4331897998960228,0
5,-2.0902318068633154,-1.4331897998960228,0
5,-1.992831437810478,-1.4331897998960228,0
5,-1.89543106875764,-1.4331897998960228,0
5,-1.7980306997048021,-1.4331897998960228,0
5,-1.7006303306519643,-1.4331897998960228,0
5,-1.6032299615991263,-1.4331897998960228,0
5,-1.5058295925462886,-1.4331897998960228,0
5,-1.4084292234934508,-1.4331897998960228,0
5,-1.311028854440613,-1.4331897998960228,0
5,-1.2136284853877752,-1.4331897998960228,0
5,-1.1162281163349372,-1.4331897998960228,0
5,-1.0188277472820995,-1.4331897998960228,0
5,-0.9214273782292617,-1.4331897998960228,0
5,-0.8240270091764237,-1.4331897998960228,0
5,-0.7266266401235859,-1.4331897998960228,0
5,-0.6292262710707481,-1.4331897998960228,0
5,-0.5318259020179104,-1.4331897998960228,0
5,-0.4344255329650726,-1.4331897998960228,0
5,-0.3370251639122346,-1.4331897998960228,0
5,-0.2396247948593968,-1.4331897998960228,0
5,-0.14222442580655903,-1.4331897998960228,0
5,-0.04482405675372103,-1.4331897998960228,0
5,0.05257631229911652,-1.4331897998960228,0
5,0.14997668135195452,-1.4331897998960228,0
5,0.24737705040479252,-1.4331897998960228,0
5,0.3447774194576301,-1.4331897998960228,0
5,0.4421777885104681,-1.4331897998960228,0
5,0.5395781575633061,-1.4331897998960228,0
5,0.6369785266161436,-1.4331897998960228,0
5,0.7343788956689816,-1.4331897998960228,0
5,0.8317792647218192,-1.4331897998960228,0
5,0.9291796337746572,-1.4331897998960228,0
5,1.0265800028274952,-1.4331897998960228,1
5,1.1239803718803327,-1.4331897998960228,1
5,1.2213807409331707,-1.4331897998960228,1
5,1.3187811099860083,-1.4331897998960228,1
5,1.4161814790388463,-1.4331897998960228,1
5,1.5135818480916843,-1.4331897998960228,1
5,1.6109822171445218,-1.4331897998960228,1
5,1.7083825861973598,-1.4331897998960228,1
5,1.8057829552501978,-1.4331897998960228,1
5,1.9031833243030354,-1.4331897998960228,1
5,2.000583693355873,-1.4331897998960228,1
5,2.0979840624087114,-1.4331897998960228,1
5,2.195384431461549,-1.4331897998960228,1
5,2.2927848005143865,-1.4331897998960228,1
5,2.390185169567225,-1.4331897998960228,1
5,2.4875855386200625,-1.4331897998960228,1
5,2.5849859076729,-1.4331897998960228,1
5,2.6823862767257385,-1.4331897998960228,1
5,2.779786645778576,-1.4331897998960228,1
5,2.8771870148314136,-1.4331897998960228,1
5,2.974587383884252,-1.4331897998960228,1
5,3.0719877529370896,-1.4331897998960228,1
5,3.169388121989927,-1.4331897998960228,1
5,3.2667884910427656,-1.4331897998960228,1
5,3.364188860095603,-1.4331897998960228,1
5,3.4615892291484407,-1.4331897998960228,1
5,3.5589895982012782,-1.4331897998960228,1
5,3.6563899672541167,-1.4331897998960228,1
5,3.7537903363069542,-1.4331897998960228,1
5,3.851190705359792,-1.4331897998960228,1
5,3.9485910744126302,-1.4331897998960228,1
5,4.045991443465468,-1.4331897998960228,1
5,4.143391812518305,-1.4331897998960228,1
5,4.240792181571144,-1.4331897998960228,1
5,4.338192550623981,-1.4331897998960228,1
5,4.435592919676819,-1.4331897998960228,1
5,4.532993288729657,-1.4331897998960228,1
5,-2.1876321759161534,-1.3555242619444616,0
5,-2.0902318068633154,-1.3555242619444616,0
5,-1.992831437810478,-1.3555242619444616,0
5,-1.89543106875764,-1.3555242619444616,0
5,-1.7980306997048021,-1.3555242619444616,0
5,-1.7006303306519643,-1.3555242619444616,0
5,-1.6032299615991263,-1.3555242619444616,0
5,-1.5058295925462886,-1.3555242619444616,0
5,-1.4084292234934508,-1.3555242619444616,0
5,-1.311028854440613,-1.3555242619444616,0
5,-1.2136284853877752,-1.3555242619444616,0
5,-1.1162281163349372,-1.3555242619444616,0
5,-1.0188277472820995,-1.3555242619444616,0
5,-0.9214273782292617,-1.3555242619444616,0
5,-0.8240270091764237,-1.3555242619444616,0
5,-0.7266266401235859,-1.3555242619444616,0
5,-0.6292262710707481,-1.3555242619444616,0
5,-0.5318259020179104,-1.3555242619444616,0
5,-0.4344255329650726,-1.3555242619444616,0
5,-0.3370251639122346,-1.3555242619444616,0
5,-0.2396247948593968,-1.3555242619444616,0
5,-0.14222442580655903,-1.3555242619444616,0
5,-0.04482405675372103,-1.3555242619444616,0
5,0.05257631229911652,-1.3555242619444616,0
5,0.14997668135195452,-1.3555242619444616,0
5,0.24737705040479252,-1.3555242619444616,0
5,0.3447774194576301,-1.3555242619444616,0
5,0.4421777885104681,-1.3555242619444616,0
5,0.5395781575633061,-1.3555242619444616,0
5,0.6369785266161436,-1.3555242619444616,0
5,0.7343788956689816,-1.3555242619444616,0
5,0.8317792647218192,-1.3555242619444616,0
5,0.9291796337746572,-1.3555242619444616,1
5,1.0265800028274952,-1.3555242619444616,1
5,1.1239803718803327,-1.3555242619444616,1
5,1.2213807409331707,-1.3555242619444616,1
5,1.3187811099860083,-1.3555242619444616,1
5,1.4161814790388463,-1.3555242619444616,1
5,1.5135818480916843,-1.3555242619444616,1
5,1.6109822171445218,-1.3555242619444616,1
5,1.7083825861973598,-1.3555242619444616,1
5,1.8057829552501978,-1.3555242619444616,1
5,1.9031833243030354,-1.3555242619444616,1
5,2.000583693355873,-1.3555242619444616,1
5,2.0979840624087114,-1.3555242619444616,1
5,2.195384431461549,-1.3555242619444616,1
5,2.2927848005143865,-1.3555242619444616,1
5,2.390185169567225,-1.3555242619444616,1
5,2.4875855386200625,-1.3555242619444616,1
5,2.5849859076729,-1.3555242619444616,1
5,2.6823862767257385,-1.3555242619444616,1
5,2.779786645778576,-1.3555242619444616,1
5,2.8771870148314136,-1.3555242619444616,1
5,2.974587383884252,-1.3555242619444616,1
5,3.0719877529370896,-1.3555242619444616,1
5,3.169388121989927,-1.3555242619444616,1
5,3.2667884910427656,-1.3555242619444616,1
5,3.364188860095603,-1.3555242619444616,1
5,3.4615892291484407,-1.3555242619444616,1
5,3.5589895982012782,-1.3555242619444616,1
5,3.6563899672541167,-1.3555242619444616,1
5,3.7537903363069542,-1.3555242619444616,1
5,3.851190705359792,-1.3555242619444616,1
5,3.9485910744126302,-1.3555242619444616,1
5,4.045991443465468,-1.3555242619444616,1
5,4.143391812518305,-1.3555242619444616,1
5,4.240792181571144,-1.3555242619444616,1
5,4.338192550623981,-1.3555242619444616,1
5,4.435592919676819,-1.3555242619444616,1
5,4.532993288729657,-1.3555242619444616,1
5,-2.1876321759161534,-1.2778587239929007,0
5,-2.0902318068633154,-1.2778587239929007,0
5,-1.992831437810478,-1.2778587239929007,0
5,-1.89543106875764,-1.2778587239929007,0
5,-1.7980306997048021,-1.2778587239929007,0
5,-1.7006303306519643,-1.2778587239929007,0
5,-1.6032299615991263,-1.2778587239929007,0
5,-1.5058295925462886,-1.2778587239929007,0
5,-1.4084292234934508,-1.2778587239929007,0
5,-1.311028854440613,-1.2778587239929007,0
5,-1.2136284853877752,-1.2778587239929007,0
5,-1.1162281163349372,-1.2778587239929007,0
5,-1.0188277472820995,-1.2778587239929007,0
5,-0.9214273782292617,-1.2778587239929007,0
5,-0.8240270091764237,-1.2778587239929007,0
5,-0.7266266401235859,-1.2778587239929007,0
5,-0.6292262710707481,-1.2778587239929007,0
5,-0.5318259020179104,-1.2778587239929007,0
5,-0.4344255329650726,-1.2778587239929007,0
5,-0.3370251639122346,-1.2778587239929007,0
5,-0.2396247948593968,-1.2778587239929007,0
5,-0.14222442580655903,-1.2778587239929007,0
5,-0.04482405675372103,-1.2778587239929007,0
5,0.05257631229911652,-1.2778587239929007,0
5,0.14997668135195452,-1.2778587239929007,0
5,0.24737705040479252,-1.2778587239929007,0
5,0.3447774194576301,-1.2778587239929007,0
5,0.4421777885104681,-1.2778587239929007,0
5,0.5395781575633061,-1.2778587239929007,0
5,0.6369785266161436,-1.2778587239929007,0
5,0.7343788956689816,-1.2778587239929007,0
5,0.8317792647218192,-1.2778587239929007,0
5,0.9291796337746572,-1.2778587239929007,1
5,1.0265800028274952,-1.2778587239929007,1
5,1.1239803718803327,-1.2778587239929007,1
5,1.2213807409331707,-1.2778587239929007,1
5,1.3187811099860083,-1.2778587239929007,1
5,1.4161814790388463,-1.2778587239929007,1
5,1.5135818480916843,-1.2778587239929007,1
5,1.6109822171445218,-1.2778587239929007,1
5,1.7083825861973598,-1.2778587239929007,1
5,1.8057829552501978,-1.2778587239929007,1
5,1.9031833243030354,-1.2778587239929007,1
5,2.000583693355873,-1.2778587239929007,1
5,2.0979840624087114,-1.2778587239929007,1
5,2.195384431461549,-1.2778587239929007,1
5,2.2927848005143865,-1.2778587239929007,1
5,2.390185169567225,-1.2778587239929007,1
5,2.4875855386200625,-1.2778587239929007,1
5,2.5849859076729,-1.2778587239929007,1
5,2.6823862767257385,-1.2778587239929007,1
5,2.779786645778576,-1.2778587239929007,1
5,2.8771870148314136,-1.2778587239929007,1
5,2.974587383884252,-1.2778587239929007,1
5,3.0719877529370896,-1.2778587239929007,1
5,3.169388121989927,-1.2778587239929007,1
5,3.2667884910427656,-1.2778587239929007,1
5,3.364188860095603,-1.2778587239929007,1
5,3.4615892291484407,-1.2778587239929007,1
5,3.5589895982012782,-1.2778587239929007,1
5,3.6563899672541167,-1.2778587239929007,1
5,3.7537903363069542,-1.2778587239929007,1
5,3.851190705359792,-1.2778587239929007,1
5,3.9485910744126302,-1.2778587239929007,1
5,4.045991443465468,-1.2778587239929007,1
5,4.143391812518305,-1.2778587239929007,1
5,4.240792181571144,-1.2778587239929007,1
5,4.338192550623981,-1.2778587239929007,1
5,4.435592919676819,-1.2778587239929007,1
5,4.532993288729657,-1.2778587239929007,1
5,-2.1876321759161534,-1.2001931860413395,0
5,-2.0902318068633154,-1.2001931860413395,0
5,-1.992831437810478,-1.2001931860413395,0
5,-1.89543106875764,-1.2001931860413395,0
5,-1.7980306997048021,-1.2001931860413395,0
5,-1.7006303306519643,-1.2001931860413395,0
5,-1.6032299615991263,-1.2001931860413395,0
5,-1.5058295925462886,-1.2001931860413395,0
5,-1.4084292234934508,-1.2001931860413395,0
5,-1.311028854440613,-1.2001931860413395,0
5,-1.2136284853877752,-1.2001931860413395,0
5,-1.1162281163349372,-1.2001931860413395,0
5,-1.0188277472820995,-1.2001931860413395,0
5,-0.9214273782292617,-1.2001931860413395,0
5,-0.8240270091764237,-1.2001931860413395,0
5,-0.7266266401235859,-1.2001931860413395,0
5,-0.6292262710707481,-1.2001931860413395,0
5,-0.5318259020179104,-1.2001931860413395,0
5,-0.4344255329650726,-1.2001931860413395,0
5,-0.3370251639122346,-1.2001931860413395,0
5,-0.2396247948593968,-1.2001931860413395,0
5,-0.14222442580655903,-1.2001931860413395,0
5,-0.04482405675372103,-1.2001931860413395,0
5,0.05257631229911652,-1.2001931860413395,0
5,0.14997668135195452,-1.2001931860413395,0
5,0.24737705040479252,-1.2001931860413395,0
5,0.3447774194576301,-1.2001931860413395,0
5,0.4421777885104681,-1.2001931860413395,0
5,0.5395781575633061,-1.2001931860413395,0
5,0.6369785266161436,-1.2001931860413395,0
5,0.7343788956689816,-1.2001931860413395,0
5,0.8317792647218192,-1.2001931860413395,0
5,0.9291796337746572,-1.2001931860413395,1
5,1.0265800028274952,-1.2001931860413395,1
5,1.1239803718803327,-1.2001931860413395,1
5,1.2213807409331707,-1.2001931860413395,1
5,1.3187811099860083,-1.2001931860413395,1
5,1.4161814790388463,-1.2001931860413395,1
5,1.5135818480916843,-1.2001931860413395,1
5,1.6109822171445218,-1.2001931860413395,1
5,1.7083825861973598,-1.2001931860413395,1
5,1.8057829552501978,-1.2001931860413395,1
5,1.9031833243030354,-1.2001931860413395,1
5,2.000583693355873,-1.2001931860413395,1
5,2.0979840624087114,-1.2001931860413395,1
5,2.195384431461549,-1.2001931860413395,1
5,2.2927848005143865,-1.2001931860413395,1
5,2.390185169567225,-1.2001931860413395,1
5,2.4875855386200625,-1.2001931860413395,1
5,2.5849859076729,-1.2001931860413395,1
5,2.6823862767257385,-1.2001931860413395,1
5,2.779786645778576,-1.2001931860413395,1
5,2.8771870148314136,-1.2001931860413395,1
5,2.974587383884252,-1.2001931860413395,1
5,3.0719877529370896,-1.2001931860413395,1
5,3.169388121989927,-1.2001931860413395,1
5,3.2667884910427656,-1.2001931860413395,1
5,3.364188860095603,-1.2001931860413395,1
5,3.4615892291484407,-1.2001931860413395,1
5,3.5589895982012782,-1.2001931860413395,1
5,3.6563899672541167,-1.2001931860413395,1
5,3.7537903363069542,-1.2001931860413395,1
5,3.851190705359792,-1.2001931860413395,1
5,3.9485910744126302,-1.2001931860413395,1
5,4.045991443465468,-1.2001931860413395,1
5,4.143391812518305,-1.2001931860413395,1
5,4.240792181571144,-1.2001931860413395,1
5,4.338192550623981,-1.2001931860413395,1
5,4.435592919676819,-1.2001931860413395,1
5,4.532993288729657,-1.2001931860413395,1
5,-2.1876321759161534,-1.1225276480897786,0
5,-2.0902318068633154,-1.1225276480897786,0
5,-1.992831437810478,-1.1225276480897786,0
5,-1.89543106875764,-1.1225276480897786,0
5,-1.7980306997048021,-1.1225276480897786,0
5,-1.7006303306519643,-1.1225276480897786,0
5,-1.6032299615991263,-1.1225276480897786,0
5,-1.5058295925462886,-1.1225276480897786,0
5,-1.4084292234934508,-1.1225276480897786,0
5,-1.311028854440613,-1.1225276480897786,0
5,-1.2136284853877752,-1.1225276480897786,0
5,-1.1162281163349372,-1.1225276480897786,0
5,-1.0188277472820995,-1.1225276480897786,0
5,-0.9214273782292617,-1.1225276480897786,0
5,-0.8240270091764237,-1.1225276480897786,0
5,-0.7266266401235859,-1.1225276480897786,0
5,-0.6292262710707481,-1.1225276480897786,0
5,-0.5318259020179104,-1.1225276480897786,0
5,-0.4344255329650726,-1.1225276480897786,0
5,-0.3370251639122346,-1.1225276480897786,0
5,-0.2396247948593968,-1.1225276480897786,0
5,-0.14222442580655903,-1.1225276480897786,0
5,-0.04482405675372103,-1.1225276480897786,0
5,0.05257631229911652,-1.1225276480897786,0
5,0.14997668135195452,-1.1225276480897786,0
5,0.24737705040479252,-1.1225276480897786,0
5,0.3447774194576301,-1.1225276480897786,0
5,0.4421777885104681,-1.1225276480897786,0
5,0.5395781575633061,-1.1225276480897786,0
5,0.6369785266161436,-1.1225276480897786,0
5,0.7343788956689816,-1.1225276480897786,0
5,0.8317792647218192,-1.1225276480897786,1
5,0.9291796337746572,-1.1225276480897786,1
5,1.0265800028274952,-1.1225276480897786,1
5,1.1239803718803327,-1.1225276480897786,1
5,1.2213807409331707,-1.1225276480897786,1
5,1.3187811099860083,-1.1225276480897786,1
5,1.4161814790388463,-1.1225276480897786,1
5,1.5135818480916843,-1.1225276480897786,1
5,1.6109822171445218,-1.1225276480897786,1
5,1.7083825861973598,-1.1225276480897786,1
5,1.8057829552501978,-1.1225276480897786,1
5,1.9031833243030354,-1.1225276480897786,1
5,2.000583693355873,-1.1225276480897786,1
5,2.0979840624087114,-1.1225276480897786,1
5,2.195384431461549,-1.1225276480897786,1
5,2.2927848005143865,-1.1225276480897786,1
5,2.390185169567225,-1.1225276480897786,1
5,2.4875855386200625,-1.1225276480897786,1
5,2.5849859076729,-1.1225276480897786,1
5,2.6823862767257385,-1.1225276480897786,1
5,2.779786645778576,-1.1225276480897786,1
5,2.8771870148314136,-1.1225276480897786,1
5,2.974587383884252,-1.1225276480897786,1
5,3.0719877529370896,-1.1225276480897786,1
5,3.169388121989927,-1.1225276480897786,1
5,3.2667884910427656,-1.1225276480897786,1
5,3.364188860095603,-1.1225276480897786,1
5,3.4615892291484407,-1.1225276480897786,1
5,3.5589895982012782,-1.1225276480897786,1
5,3.6563899672541167,-1.1225276480897786,1
5,3.7537903363069542,-1.1225276480897786,1
5,3.851190705359792,-1.1225276480897786,1
5,3.9485910744126302,-1.1225276480897786,1
5,4.045991443465468,-1.1225276480897786,1
5,4.143391812518305,-1.1225276480897786,1
5,4.240792181571144,-1.1225276480897786,1
5,4.338192550623981,-1.1225276480897786,1
5,4.435592919676819,-1.1225276480897786,1
5,4.532993288729657,-1.1225276480897786,1
5,-2.1876321759161534,-1.0448621101382174,0
5,-2.0902318068633154,-1.0448621101382174,0
5,-1.992831437810478,-1.0448621101382174,0
5,-1.89543106875764,-1.0448621101382174,0
5,-1.7980306997048021,-1.0448621101382174,0
5,-1.7006303306519643,-1.0448621101382174,0
5,-1.6032299615991263,-1.0448621101382174,0
5,-1.5058295925462886,-1.0448621101382174,0
5,-1.4084292234934508,-1.0448621101382174,0
5,-1.311028854440613,-1.0448621101382174,0
5,-1.2136284853877752,-1.0448621101382174,0
5,-1.1162281163349372,-1.0448621101382174,0
5,-1.0188277472820995,-1.0448621101382174,0
5,-0.9214273782292617,-1.0448621101382174,0
5,-0.8240270091764237,-1.0448621101382174,0
5,-0.7266266401235859,-1.0448621101382174,0
5,-0.6292262710707481,-1.0448621101382174,0
5,-0.5318259020179104,-1.0448621101382174,0
5,-0.4344255329650726,-1.0448621101382174,0
5,-0.3370251639122346,-1.0448621101382174,0
5,-0.2396247948593968,-1.0448621101382174,0
5,-0.14222442580655903,-1.0448621101382174,0
5,-0.04482405675372103,-1.0448621101382174,0
5,0.05257631229911652,-1.0448621101382174,0
5,0.14997668135195452,-1.0448621101382174,0
5,0.24737705040479252,-1.0448621101382174,0
5,0.3447774194576301,-1.0448621101382174,0
5,0.4421777885104681,-1.0448621101382174,0
5,0.5395781575633061,-1.0448621101382174,0
5,0.6369785266161436,-1.0448621101382174,0
5,0.7343788956689816,-1.0448621101382174,1
5,0.8317792647218192,-1.0448621101382174,1
5,0.9291796337746572,-1.0448621101382174,1
5,1.0265800028274952,-1.0448621101382174,1
5,1.1239803718803327,-1.0448621101382174,1
5,1.2213807409331707,-1.0448621101382174,1
5,1.3187811099860083,-1.0448621101382174,1
5,1.4161814790388463,-1.0448621101382174,1
5,1.5135818480916843,-1.0448621101382174,1
5,1.6109822171445218,-1.0448621101382174,1
5,1.7083825861973598,-1.0448621101382174,1
5,1.8057829552501978,-1.0448621101382174,1
5,1.9031833243030354,-1.0448621101382174,1
5,2.000583693355873,-1.0448621101382174,1
5,2.0979840624087114,-1.0448621101382174,1
5,2.195384431461549,-1.0448621101382174,1
5,2.2927848005143865,-1.0448621101382174,1
5,2.390185169567225,-1.0448621101382174,1
5,2.4875855386200625,-1.0448621101382174,1
5,2.5849859076729,-1.0448621101382174,1
5,2.6823862767257385,-1.0448621101382174,1
5,2.779786645778576,-1.0448621101382174,1
5,2.8771870148314136,-1.0448621101382174,1
5,2.974587383884252,-1.0448621101382174,1
5,3.0719877529370896,-1.0448621101382174,1
5,3.169388121989927,-1.0448621101382174,1
5,3.2667884910427656,-1.0448621101382174,1
5,3.364188860095603,-1.0448621101382174,1
5,3.4615892291484407,-1.0448621101382174,1
5,3.5589895982012782,-1.0448621101382174,1
5,3.6563899672541167,-1.0448621101382174,1
5,3.7537903363069542,-1.0448621101382174,1
5,3.851190705359792,-1.0448621101382174,1
5,3.9485910744126302,-1.0448621101382174,1
5,4.045991443465468,-1.0448621101382174,1
5,4.143391812518305,-1.0448621101382174,1
5,4.240792181571144,-1.0448621101382174,1
5,4.338192550623981,-1.0448621101382174,1
5,4.435592919676819,-1.0448621101382174,1
5,4.532993288729657,-1.0448621101382174,1
5,-2.1876321759161534,-0.9671965721866564,0
5,-2.0902318068633154,-0.9671965721866564,0
5,-1.992831437810478,-0.9671965721866564,0
5,-1.89543106875764,-0.9671965721866564,0
5,-1.7980306997048021,-0.9671965721866564,0
5,-1.7006303306519643,-0.9671965721866564,0
5,-1.6032299615991263,-0.9671965721866564,0
5,-1.5058295925462886,-0.9671965721866564,0
5,-1.4084292234934508,-0.9671965721866564,0
5,-1.311028854440613,-0.9671965721866564,0
5,-1.2136284853877752,-0.9671965721866564,0
5,-1.1162281163349372,-0.9671965721866564,0
5,-1.0188277472820995,-0.9671965721866564,0
5,-0.9214273782292617,-0.9671965721866564,0
5,-0.8240270091764237,-0.9671965721866564,0
5,-0.7266266401235859,-0.9671965721866564,0
5,-0.6292262710707481,-0.9671965721866564,0
5,-0.5318259020179104,-0.9671965721866564,0
5,-0.4344255329650726,-0.9671965721866564,0
5,-0.3370251639122346,-0.9671965721866564,0
5,-0.2396247948593968,-0.9671965721866564,0
5,-0.14222442580655903,-0.9671965721866564,0
5,-0.04482405675372103,-0.9671965721866564,0
5,0.05257631229911652,-0.9671965721866564,0
5,0.14997668135195452,-0.9671965721866564,0
5,0.24737705040479252,-0.9671965721866564,0
5,0.3447774194576301,-0.9671965721866564,0
5,0.4421777885104681,-0.9671965721866564,0
5,0.5395781575633061,-0.9671965721866564,0
5,0.6369785266161436,-0.9671965721866564,0
5,0.7343788956689816,-0.9671965721866564,1
5,0.8317792647218192,-0.9671965721866564,1
5,0.9291796337746572,-0.9671965721866564,1
5,1.0265800028274952,-0.9671965721866564,1
5,1.1239803718803327,-0.9671965721866564,1
5,1.2213807409331707,-0.9671965721866564,1
5,1.3187811099860083,-0.9671965721866564,1
5,1.4161814790388463,-0.9671965721866564,1
5,1.5135818480916843,-0.9671965721866564,1
5,1.6109822171445218,-0.9671965721866564,1
5,1.7083825861973598,-0.9671965721866564,1
5,1.8057829552501978,-0.9671965721866564,1
5,1.9031833243030354,-0.9671965721866564,1
5,2.000583693355873,-0.9671965721866564,1
5,2.0979840624087114,-0.9671965721866564,1
5,2.195384431461549,-0.9671965721866564,1
5,2.2927848005143865,-0.9671965721866564,1
5,2.390185169567225,-0.9671965721866564,1
5,2.4875855386200625,-0.9671965721866564,1
5,2.5849859076729,-0.9671965721866564,1
5,2.6823862767257385,-0.9671965721866564,1
5,2.779786645778576,-0.9671965721866564,1
5,2.8771870148314136,-0.9671965721866564,1
5,2.974587383884252,-0.9671965721866564,1
5,3.0719877529370896,-0.9671965721866564,1
5,3.169388121989927,-0.9671965721866564,1
5,3.2667884910427656,-0.9671965721866564,1
5,3.364188860095603,-0.9671965721866564,1
5,3.4615892291484407,-0.9671965721866564,1
5,3.5589895982012782,-0.9671965721866564,1
5,3.6563899672541167,-0.9671965721866564,1
5,3.7537903363069542,-0.9671965721866564,1
5,3.851190705359792,-0.9671965721866564,1
5,3.9485910744126302,-0.9671965721866564,1
5,4.045991443465468,-0.9671965721866564,1
5,4.143391812518305,-0.9671965721866564,1
5,4.240792181571144,-0.9671965721866564,1
5,4.338192550623981,-0.9671965721866564,1
5,4.435592919676819,-0.9671965721866564,1
5,4.532993288729657,-0.9671965721866564,1
5,-2.1876321759161534,-0.8895310342350955,0
5,-2.0902318068633154,-0.8895310342350955,0
5,-1.992831437810478,-0.8895310342350955,0
5,-1.89543106875764,-0.8895310342350955,0
5,-1.7980306997048021,-0.8895310342350955,0
5,-1.7006303306519643,-0.8895310342350955,0
5,-1.6032299615991263,-0.8895310342350955,0
5,-1.5058295925462886,-0.8895310342350955,0
5,-1.4084292234934508,-0.8895310342350955,0
5,-1.311028854440613,-0.8895310342350955,0
5,-1.2136284853877752,-0.8895310342350955,0
5,-1.1162281163349372,-0.8895310342350955,0
5,-1.0188277472820995,-0.8895310342350955,0
5,-0.9214273782292617,-0.8895310342350955,0
5,-0.8240270091764237,-0.8895310342350955,0
5,-0.7266266401235859,-0.8895310342350955,0
5,-0.6292262710707481,-0.8895310342350955,0
5,-0.5318259020179104,-0.8895310342350955,0
5,-0.4344255329650726,-0.8895310342350955,0
5,-0.3370251639122346,-0.8895310342350955,0
5,-0.2396247948593968,-0.8895310342350955,0
5,-0.14222442580655903,-0.8895310342350955,0
5,-0.04482405675372103,-0.8895310342350955,0
5,0.05257631229911652,-0.8895310342350955,0
5,0.14997668135195452,-0.8895310342350955,0
5,0.24737705040479252,-0.8895310342350955,0
5,0.3447774194576301,-0.8895310342350955,0
5,0.4421777885104681,-0.8895310342350955,0
5,0.5395781575633061,-0.8895310342350955,0
5,0.6369785266161436,-0.8895310342350955,1
5,0.7343788956689816,-0.8895310342350955,1
5,0.8317792647218192,-0.8895310342350955,1
5,0.9291796337746572,-0.8895310342350955,1
5,1.0265800028274952,-0.8895310342350955,1
5,1.1239803718803327,-0.8895310342350955,1
5,1.2213807409331707,-0.8895310342350955,1
5,1.3187811099860083,-0.8895310342350955,1
5,1.4161814790388463,-0.8895310342350955,1
5,1.5135818480916843,-0.8895310342350955,1
5,1.6109822171445218,-0.8895310342350955,1
5,1.7083825861973598,-0.8895310342350955,1
5,1.8057829552501978,-0.8895310342350955,1
5,1.9031833243030354,-0.8895310342350955,1
5,2.000583693355873,-0.8895310342350955,1
5,2.0979840624087114,-0.8895310342350955,1
5,2.195384431461549,-0.8895310342350955,1
5,2.2927848005143865,-0.8895310342350955,1
5,2.390185169567225,-0.8895310342350955,1
5,2.4875855386200625,-0.8895310342350955,1
5,2.5849859076729,-0.8895310342350955,1
5,2.6823862767257385,-0.8895310342350955,1
5,2.779786645778576,-0.8895310342350955,1
5,2.8771870148314136,-0.8895310342350955,1
5,2.974587383884252,-0.8895310342350955,1
5,3.0719877529370896,-0.8895310342350955,1
5,3.169388121989927,-0.8895310342350955,1
5,3.2667884910427656,-0.8895310342350955,1
5,3.364188860095603,-0.8895310342350955,1
5,3.4615892291484407,-0.8895310342350955,1
5,3.5589895982012782,-0.8895310342350955,1
5,3.6563899672541167,-0.8895310342350955,1
5,3.7537903363069542,-0.8895310342350955,1
5,3.851190705359792,-0.8895310342350955,1
5,3.9485910744126302,-0.8895310342350955,1
5,4.045991443465468,-0.8895310342350955,1
5,4.143391812518305,-0.8895310342350955,1
5,4.240792181571144,-0.8895310342350955,1
5,4.338192550623981,-0.8895310342350955,1
5,4.435592919676819,-0.8895310342350955,1
5,4.532993288729657,-0.8895310342350955,1
5,-2.1876321759161534,-0.8118654962835343,0
5,-2.0902318068633154,-0.8118654962835343,0
5,-1.992831437810478,-0.8118654962835343,0
5,-1.89543106875764,-0.8118654962835343,0
5,-1.7980306997048021,-0.8118654962835343,0
5,-1.7006303306519643,-0.8118654962835343,0
5,-1.6032299615991263,-0.8118654962835343,0
5,-1.5058295925462886,-0.8118654962835343,0
5,-1.4084292234934508,-0.8118654962835343,0
5,-1.311028854440613,-0.8118654962835343,0
5,-1.2136284853877752,-0.8118654962835343,0
5,-1.1162281163349372,-0.8118654962835343,0
5,-1.0188277472820995,-0.8118654962835343,0
5,-0.9214273782292617,-0.8118654962835343,0
5,-0.8240270091764237,-0.8118654962835343,0
5,-0.7266266401235859,-0.8118654962835343,0
5,-0.6292262710707481,-0.8118654962835343,0
5,-0.5318259020179104,-0.8118654962835343,0
5,-0.4344255329650726,-0.8118654962835343,0
5,-0.3370251639122346,-0.8118654962835343,0
5,-0.2396247948593968,-0.8118654962835343,0
5,-0.14222442580655903,-0.8118654962835343,0
5,-0.04482405675372103,-0.8118654962835343,0
5,0.05257631229911652,-0.8118654962835343,0
5,0.14997668135195452,-0.8118654962835343,0
5,0.24737705040479252,-0.8118654962835343,0
5,0.3447774194576301,-0.8118654962835343,0
5,0.4421777885104681,-0.8118654962835343,1
5,0.5395781575633061,-0.8118654962835343,1
5,0.6369785266161436,-0.8118654962835343,1
5,0.7343788956689816,-0.8118654962835343,1
5,0.8317792647218192,-0.8118654962835343,1
5,0.9291796337746572,-0.8118654962835343,1
5,1.0265800028274952,-0.8118654962835343,1
5,1.1239803718803327,-0.8118654962835343,1
5,1.2213807409331707,-0.8118654962835343,1
5,1.3187811099860083,-0.8118654962835343,1
5,1.4161814790388463,-0.8118654962835343,1
5,1.5135818480916843,-0.8118654962835343,1
5,1.6109822171445218,-0.8118654962835343,1
5,1.7083825861973598,-0.8118654962835343,1
5,1.8057829552501978,-0.8118654962835343,1
5,1.9031833243030354,-0.8118654962835343,1
5,2.000583693355873,-0.8118654962835343,1
5,2.0979840624087114,-0.8118654962835343,1
5,2.195384431461549,-0.8118654962835343,1
5,2.2927848005143865,-0.8118654962835343,1
5,2.390185169567225,-0.8118654962835343,1
5,2.4875855386200625,-0.8118654962835343,1
5,2.5849859076729,-0.8118654962835343,1
5,2.6823862767257385,-0.8118654962835343,1
5,2.779786645778576,-0.8118654962835343,1
5,2.8771870148314136,-0.8118654962835343,1
5,2.974587383884252,-0.8118654962835343,1
5,3.0719877529370896,-0.8118654962835343,1
5,3.169388121989927,-0.8118654962835343,1
5,3.2667884910427656,-0.8118654962835343,1
5,3.364188860095603,-0.8118654962835343,1
5,3.4615892291484407,-0.8118654962835343,1
5,3.5589895982012782,-0.8118654962835343,1
5,3.6563899672541167,-0.8118654962835343,1
5,3.7537903363069542,-0.8118654962835343,1
5,3.851190705359792,-0.8118654962835343,1
5,3.9485910744126302,-0.8118654962835343,1
5,4.045991443465468,-0.8118654962835343,1
5,4.143391812518305,-0.8118654962835343,1
5,4.240792181571144,-0.8118654962835343,1
5,4.338192550623981,-0.8118654962835343,1
5,4.435592919676819,-0.8118654962835343,1
5,4.532993288729657,-0.8118654962835343,1
5,-2.1876321759161534,-0.7341999583319734,0
5,-2.0902318068633154,-0.7341999583319734,0
5,-1.992831437810478,-0.7341999583319734,0
5,-1.89543106875764,-0.7341999583319734,0
5,-1.7980306997048021,-0.7341999583319734,0
5,-1.7006303306519643,-0.7341999583319734,0
5,-1.6032299615991263,-0.7341999583319734,0
5,-1.5058295925462886,-0.7341999583319734,0
5,-1.4084292234934508,-0.7341999583319734,0
5,-1.311028854440613,-0.7341999583319734,0
5,-1.2136284853877752,-0.7341999583319734,0
5,-1.1162281163349372,-0.7341999583319734,0
5,-1.0188277472820995,-0.7341999583319734,0
5,-0.9214273782292617,-0.7341999583319734,0
5,-0.8240270091764237,-0.7341999583319734,0
5,-0.7266266401235859,-0.7341999583319734,0
5,-0.6292262710707481,-0.7341999583319734,0
5,-0.5318259020179104,-0.7341999583319734,0
5,-0.4344255329650726,-0.7341999583319734,0
5,-0.3370251639122346,-0.7341999583319734,0
5,-0.2396247948593968,-0.7341999583319734,0
5,-0.14222442580655903,-0.7341999583319734,0
5,-0.04482405675372103,-0.7341999583319734,0
5,0.05257631229911652,-0.7341999583319734,0
5,0.14997668135195452,-0.7341999583319734,0
5,0.24737705040479252,-0.7341999583319734,0
5,0.3447774194576301,-0.7341999583319734,0
5,0.4421777885104681,-0.7341999583319734,1
5,0.5395781575633061,-0.7341999583319734,1
5,0.6369785266161436,-0.7341999583319734,1
5,0.7343788956689816,-0.7341999583319734,1
5,0.8317792647218192,-0.7341999583319734,1
5,0.9291796337746572,-0.7341999583319734,1
5,1.0265800028274952,-0.7341999583319734,1
5,1.1239803718803327,-0.7341999583319734,1
5,1.2213807409331707,-0.7341999583319734,1
5,1.3187811099860083,-0.7341999583319734,1
5,1.4161814790388463,-0.7341999583319734,1
5,1.5135818480916843,-0.7341999583319734,1
5,1.6109822171445218,-0.7341999583319734,1
5,1.7083825861973598,-0.7341999583319734,1
5,1.8057829552501978,-0.7341999583319734,1
5,1.9031833243030354,-0.7341999583319734,1
5,2.000583693355873,-0.7341999583319734,1
5,2.0979840624087114,-0.7341999583319734,1
5,2.195384431461549,-0.7341999583319734,1
5,2.2927848005143865,-0.7341999583319734,1
5,2.390185169567225,-0.7341999583319734,1
5,2.4875855386200625,-0.7341999583319734,1
5,2.5849859076729,-0.7341999583319734,1
5,2.6823862767257385,-0.7341999583319734,1
5,2.779786645778576,-0.7341999583319734,1
5,2.8771870148314136,-0.7341999583319734,1
5,2.974587383884252,-0.7341999583319734,1
5,3.0719877529370896,-0.7341999583319734,1
5,3.169388121989927,-0.7341999583319734,1
5,3.2667884910427656,-0.7341999583319734,1
5,3.364188860095603,-0.7341999583319734,1
5,3.4615892291484407,-0.7341999583319734,1
5,3.5589895982012782,-0.7341999583319734,1
5,3.6563899672541167,-0.7341999583319734,1
5,3.7537903363069542,-0.7341999583319734,1
5,3.851190705359792,-0.7341999583319734,1
5,3.9485910744126302,-0.7341999583319734,1
5,4.045991443465468,-0.7341999583319734,1
5,4.143391812518305,-0.7341999583319734,1
5,4.240792181571144,-0.7341999583319734,1
5,4.338192550623981,-0.7341999583319734,1
5,4.435592919676819,-0.7341999583319734,1
5,4.532993288729657,-0.7341999583319734,1
5,-2.1876321759161534,-0.6565344203804122,0
5,-2.0902318068633154,-0.6565344203804122,0
5,-1.992831437810478,-0.6565344203804122,0
5,-1.89543106875764,-0.6565344203804122,0
5,-1.7980306997048021,-0.6565344203804122,0
5,-1.7006303306519643,-0.6565344203804122,0
5,-1.6032299615991263,-0.6565344203804122,0
5,-1.5058295925462886,-0.6565344203804122,0
5,-1.4084292234934508,-0.6565344203804122,0
5,-1.311028854440613,-0.6565344203804122,0
5,-1.2136284853877752,-0.6565344203804122,0
5,-1.1162281163349372,-0.6565344203804122,0
5,-1.0188277472820995,-0.6565344203804122,0
5,-0.9214273782292617,-0.6565344203804122,0
5,-0.8240270091764237,-0.6565344203804122,0
5,-0.7266266401235859,-0.6565344203804122,0
5,-0.6292262710707481,-0.6565344203804122,0
5,-0.5318259020179104,-0.6565344203804122,0
5,-0.4344255329650726,-0.6565344203804122,0
5,-0.3370251639122346,-0.6565344203804122,0
5,-0.2396247948593968,-0.6565344203804122,0
5,-0.14222442580655903,-0.6565344203804122,0
5,-0.04482405675372103,-0.6565344203804122,0
5,0.05257631229911652,-0.6565344203804122,0
5,0.14997668135195452,-0.6565344203804122,0
5,0.24737705040479252,-0.6565344203804122,0
5,0.3447774194576301,-0.6565344203804122,0
5,0.4421777885104681,-0.6565344203804122,1
5,0.5395781575633061,-0.6565344203804122,1
5,0.6369785266161436,-0.6565344203804122,1
5,0.7343788956689816,-0.6565344203804122,1
5,0.8317792647218192,-0.6565344203804122,1
5,0.9291796337746572,-0.6565344203804122,1
5,1.0265800028274952,-0.6565344203804122,1
5,1.1239803718803327,-0.6565344203804122,1
5,1.2213807409331707,-0.6565344203804122,1
5,1.3187811099860083,-0.6565344203804122,1
5,1.4161814790388463,-0.6565344203804122,1
5,1.5135818480916843,-0.6565344203804122,1
5,1.6109822171445218,-0.6565344203804122,1
5,1.7083825861973598,-0.6565344203804122,1
5,1.8057829552501978,-0.6565344203804122,1
5,1.9031833243030354,-0.6565344203804122,1
5,2.000583693355873,-0.6565344203804122,1
5,2.0979840624087114,-0.6565344203804122,1
5,2.195384431461549,-0.6565344203804122,1
5,2.2927848005143865,-0.6565344203804122,1
5,2.390185169567225,-0.6565344203804122,1
5,2.4875855386200625,-0.6565344203804122,1
5,2.5849859076729,-0.6565344203804122,1
5,2.6823862767257385,-0.6565344203804122,1
5,2.779786645778576,-0.6565344203804122,1
5,2.8771870148314136,-0.6565344203804122,1
5,2.974587383884252,-0.6565344203804122,1
5,3.0719877529370896,-0.6565344203804122,1
5,3.169388121989927,-0.6565344203804122,1
5,3.2667884910427656,-0.6565344203804122,1
5,3.364188860095603,-0.6565344203804122,1
5,3.4615892291484407,-0.6565344203804122,1
5,3.5589895982012782,-0.6565344203804122,1
5,3.6563899672541167,-0.6565344203804122,1
5,3.7537903363069542,-0.6565344203804122,1
5,3.851190705359792,-0.6565344203804122,1
5,3.9485910744126302,-0.6565344203804122,1
5,4.045991443465468,-0.6565344203804122,1
5,4.143391812518305,-0.6565344203804122,1
5,4.240792181571144,-0.6565344203804122,1
5,4.338192550623981,-0.6565344203804122,1
5,4.435592919676819,-0.6565344203804122,1
5,4.532993288729657,-0.6565344203804122,1
5,-2.1876321759161534,-0.5788688824288513,0
5,-2.0902318068633154,-0.5788688824288513,0
5,-1.992831437810478,-0.5788688824288513,0
5,-1.89543106875764,-0.5788688824288513,0
5,-1.7980306997048021,-0.5788688824288513,0
5,-1.7006303306519643,-0.5788688824288513,0
5,-1.6032299615991263,-0.5788688824288513,0
5,-1.5058295925462886,-0.5788688824288513,0
5,-1.4084292234934508,-0.5788688824288513,0
5,-1.311028854440613,-0.5788688824288513,0
5,-1.2136284853877752,-0.5788688824288513,0
5,-1.1162281163349372,-0.5788688824288513,0
5,-1.0188277472820995,-0.5788688824288513,0
5,-0.9214273782292617,-0.5788688824288513,0
5,-0.8240270091764237,-0.5788688824288513,0
5,-0.7266266401235859,-0.5788688824288513,0
5,-0.6292262710707481,-0.5788688824288513,0
5,-0.5318259020179104,-0.5788688824288513,0
5,-0.4344255329650726,-0.5788688824288513,0
5,-0.3370251639122346,-0.5788688824288513,0
5,-0.2396247948593968,-0.5788688824288513,0
5,-0.14222442580655903,-0.5788688824288513,0
5,-0.04482405675372103,-0.5788688824288513,0
5,0.05257631229911652,-0.5788688824288513,0
5,0.14997668135195452,-0.5788688824288513,0
5,0.24737705040479252,-0.5788688824288513,0
5,0.3447774194576301,-0.5788688824288513,1
5,0.4421777885104681,-0.5788688824288513,1
5,0.5395781575633061,-0.5788688824288513,0
5,0.6369785266161436,-0.5788688824288513,1
5,0.7343788956689816,-0.5788688824288513,1
5,0.8317792647218192,-0.5788688824288513,1
5,0.9291796337746572,-0.5788688824288513,1
5,1.0265800028274952,-0.5788688824288513,1
5,1.1239803718803327,-0.5788688824288513,1
5,1.2213807409331707,-0.5788688824288513,1
5,1.3187811099860083,-0.5788688824288513,1
5,1.4161814790388463,-0.5788688824288513,1
5,1.5135818480916843,-0.5788688824288513,1
5,1.6109822171445218,-0.5788688824288513,1
5,1.7083825861973598,-0.5788688824288513,1
5,1.8057829552501978,-0.5788688824288513,1
5,1.9031833243030354,-0.5788688824288513,1
5,2.000583693355873,-0.5788688824288513,1
5,2.0979840624087114,-0.5788688824288513,1
5,2.195384431461549,-0.5788688824288513,1
5,2.2927848005143865,-0.5788688824288513,1
5,2.390185169567225,-0.5788688824288513,1
5,2.4875855386200625,-0.5788688824288513,1
5,2.5849859076729,-0.5788688824288513,1
5,2.6823862767257385,-0.5788688824288513,1
5,2.779786645778576,-0.5788688824288513,1
5,2.8771870148314136,-0.5788688824288513,1
5,2.974587383884252,-0.5788688824288513,1
5,3.0719877529370896,-0.5788688824288513,1
5,3.169388121989927,-0.5788688824288513,1
5,3.2667884910427656,-0.5788688824288513,1
5,3.364188860095603,-0.5788688824288513,1
5,3.4615892291484407,-0.5788688824288513,1
5,3.5589895982012782,-0.5788688824288513,1
5,3.6563899672541167,-0.5788688824288513,1
5,3.7537903363069542,-0.5788688824288513,1
5,3.851190705359792,-0.5788688824288513,1
5,3.9485910744126302,-0.5788688824288513,1
5,4.045991443465468,-0.5788688824288513,1
5,4.143391812518305,-0.5788688824288513,1
5,4.240792181571144,-0.5788688824288513,1
5,4.338192550623981,-0.5788688824288513,1
5,4.435592919676819,-0.5788688824288513,1
5,4.532993288729657,-0.5788688824288513,1
5,-2.1876321759161534,-0.5012033444772901,0
5,-2.0902318068633154,-0.5012033444772901,0
5,-1.992831437810478,-0.5012033444772901,0
5,-1.89543106875764,-0.5012033444772901,0
5,-1.7980306997048021,-0.5012033444772901,0
5,-1.7006303306519643,-0.5012033444772901,0
5,-1.6032299615991263,-0.5012033444772901,0
5,-1.5058295925462886,-0.5012033444772901,0
5,-1.4084292234934508,-0.5012033444772901,0
5,-1.311028854440613,-0.5012033444772901,0
5,-1.2136284853877752,-0.5012033444772901,0
5,-1.1162281163349372,-0.5012033444772901,0
5,-1.0188277472820995,-0.5012033444772901,0
5,-0.9214273782292617,-0.5012033444772901,0
5,-0.8240270091764237,-0.5012033444772901,0
5,-0.7266266401235859,-0.5012033444772901,0
5,-0.6292262710707481,-0.5012033444772901,0
5,-0.5318259020179104,-0.5012033444772901,0
5,-0.4344255329650726,-0.5012033444772901,0
5,-0.3370251639122346,-0.5012033444772901,0
5,-0.2396247948593968,-0.5012033444772901,0
5,-0.14222442580655903,-0.5012033444772901,0
5,-0.04482405675372103,-0.5012033444772901,0
5,0.05257631229911652,-0.5012033444772901,0
5,0.14997668135195452,-0.5012033444772901,0
5,0.24737705040479252,-0.5012033444772901,0
5,0.3447774194576301,-0.5012033444772901,1
5,0.4421777885104681,-0.5012033444772901,0
5,0.5395781575633061,-0.5012033444772901,0
5,0.6369785266161436,-0.5012033444772901,1
5,0.7343788956689816,-0.5012033444772901,1
5,0.8317792647218192,-0.5012033444772901,1
5,0.9291796337746572,-0.5012033444772901,1
5,1.0265800028274952,-0.5012033444772901,1
5,1.1239803718803327,-0.5012033444772901,1
5,1.2213807409331707,-0.5012033444772901,1
5,1.3187811099860083,-0.5012033444772901,1
5,1.4161814790388463,-0.5012033444772901,1
5,1.5135818480916843,-0.5012033444772901,1
5,1.6109822171445218,-0.5012033444772901,1
5,1.7083825861973598,-0.5012033444772901,1
5,1.8057829552501978,-0.5012033444772901,1
5,1.9031833243030354,-0.5012033444772901,1
5,2.000583693355873,-0.5012033444772901,1
5,2.0979840624087114,-0.5012033444772901,1
5,2.195384431461549,-0.5012033444772901,1
5,2.2927848005143865,-0.5012033444772901,1
5,2.390185169567225,-0.5012033444772901,1
5,2.4875855386200625,-0.5012033444772901,1
5,2.5849859076729,-0.5012033444772901,1
5,2.6823862767257385,-0.5012033444772901,1
5,2.779786645778576,-0.5012033444772901,1
5,2.8771870148314136,-0.5012033444772901,1
5,2.974587383884252,-0.5012033444772901,1
5,3.0719877529370896,-0.5012033444772901,1
5,3.169388121989927,-0.5012033444772901,1
5,3.2667884910427656,-0.5012033444772901,1
5,3.364188860095603,-0.5012033444772901,1
5,3.4615892291484407,-0.5012033444772901,1
5,3.5589895982012782,-0.5012033444772901,1
5,3.6563899672541167,-0.5012033444772901,1
5,3.7537903363069542,-0.5012033444772901,1
5,3.851190705359792,-0.5012033444772901,1
5,3.9485910744126302,-0.5012033444772901,1
5,4.045991443465468,-0.5012033444772901,1
5,4.143391812518305,-0.5012033444772901,1
5,4.240792181571144,-0.5012033444772901,1
5,4.338192550623981,-0.5012033444772901,1
5,4.435592919676819,-0.5012033444772901,1
5,4.532993288729657,-0.5012033444772901,1
5,-2.1876321759161534,-0.42353780652572914,0
5,-2.0902318068633154,-0.42353780652572914,0
5,-1.992831437810478,-0.42353780652572914,0
5,-1.89543106875764,-0.42353780652572914,0
5,-1.7980306997048021,-0.42353780652572914,0
5,-1.7006303306519643,-0.42353780652572914,0
5,-1.6032299615991263,-0.42353780652572914,0
5,-1.5058295925462886,-0.42353780652572914,0
5,-1.4084292234934508,-0.42353780652572914,0
5,-1.311028854440613,-0.42353780652572914,0
5,-1.2136284853877752,-0.42353780652572914,0
5,-1.1162281163349372,-0.42353780652572914,0
5,-1.0188277472820995,-0.42353780652572914,0
5,-0.9214273782292617,-0.42353780652572914,0
5,-0.8240270091764237,-0.42353780652572914,0
5,-0.7266266401235859,-0.42353780652572914,0
5,-0.6292262710707481,-0.42353780652572914,0
5,-0.5318259020179104,-0.42353780652572914,0
5,-0.4344255329650726,-0.42353780652572914,0
5,-0.3370251639122346,-0.42353780652572914,0
5,-0.2396247948593968,-0.42353780652572914,0
5,-0.14222442580655903,-0.42353780652572914,0
5,-0.04482405675372103,-0.42353780652572914,0
5,0.05257631229911652,-0.42353780652572914,0
5,0.14997668135195452,-0.42353780652572914,0
5,0.24737705040479252,-0.42353780652572914,0
5,0.3447774194576301,-0.42353780652572914,1
5,0.4421777885104681,-0.42353780652572914,1
5,0.5395781575633061,-0.42353780652572914,0
5,0.6369785266161436,-0.42353780652572914,1
5,0.7343788956689816,-0.42353780652572914,1
5,0.8317792647218192,-0.42353780652572914,1
5,0.9291796337746572,-0.42353780652572914,1
5,1.0265800028274952,-0.42353780652572914,1
5,1.1239803718803327,-0.42353780652572914,1
5,1.2213807409331707,-0.42353780652572914,1
5,1.3187811099860083,-0.42353780652572914,1
5,1.4161814790388463,-0.42353780652572914,1
5,1.5135818480916843,-0.42353780652572914,1
5,1.6109822171445218,-0.42353780652572914,1
5,1.7083825861973598,-0.42353780652572914,1
5,1.8057829552501978,-0.42353780652572914,1
5,1.9031833243030354,-0.42353780652572914,1
5,2.000583693355873,-0.42353780652572914,1
5,2.0979840624087114,-0.42353780652572914,1
5,2.195384431461549,-0.42353780652572914,1
5,2.2927848005143865,-0.42353780652572914,1
5,2.390185169567225,-0.42353780652572914,1
5,2.4875855386200625,-0.42353780652572914,1
5,2.5849859076729,-0.42353780652572914,1
5,2.6823862767257385,-0.42353780652572914,1
5,2.779786645778576,-0.42353780652572914,1
5,2.8771870148314136,-0.42353780652572914,1
5,2.974587383884252,-0.42353780652572914,1
5,3.0719877529370896,-0.42353780652572914,1
5,3.169388121989927,-0.42353780652572914,1
5,3.2667884910427656,-0.42353780652572914,1
5,3.364188860095603,-0.42353780652572914,1
5,3.4615892291484407,-0.42353780652572914,1
5,3.5589895982012782,-0.42353780652572914,1
5,3.6563899672541167,-0.42353780652572914,1
5,3.7537903363069542,-0.42353780652572914,1
5,3.851190705359792,-0.42353780652572914,1
5,3.9485910744126302,-0.42353780652572914,1
5,4.045991443465468,-0.42353780652572914,1
5,4.143391812518305,-0.42353780652572914,1
5,4.240792181571144,-0.42353780652572914,1
5,4.338192550623981,-0.42353780652572914,1
5,4.435592919676819,-0.42353780652572914,1
5,4.532993288729657,-0.42353780652572914,1
5,-2.1876321759161534,-0.3458722685741682,0
5,-2.0902318068633154,-0.3458722685741682,0
5,-1.992831437810478,-0.3458722685741682,0
5,-1.89543106875764,-0.3458722685741682,0
5,-1.7980306997048021,-0.3458722685741682,0
5,-1.7006303306519643,-0.3458722685741682,0
5,-1.6032299615991263,-0.3458722685741682,0
5,-1.5058295925462886,-0.3458722685741682,0
5,-1.4084292234934508,-0.3458722685741682,0
5,-1.311028854440613,-0.3458722685741682,0
5,-1.2136284853877752,-0.3458722685741682,0
5,-1.1162281163349372,-0.3458722685741682,0
5,-1.0188277472820995,-0.3458722685741682,0
5,-0.9214273782292617,-0.3458722685741682,0
5,-0.8240270091764237,-0.3458722685741682,0
5,-0.7266266401235859,-0.3458722685741682,0
5,-0.6292262710707481,-0.3458722685741682,0
5,-0.5318259020179104,-0.3458722685741682,0
5,-0.4344255329650726,-0.3458722685741682,0
5,-0.3370251639122346,-0.3458722685741682,0
5,-0.2396247948593968,-0.3458722685741682,0
5,-0.14222442580655903,-0.3458722685741682,0
5,-0.04482405675372103,-0.3458722685741682,0
5,0.05257631229911652,-0.3458722685741682,0
5,0.14997668135195452,-0.3458722685741682,0
5,0.24737705040479252,-0.3458722685741682,0
5,0.3447774194576301,-0.3458722685741682,1
5,0.4421777885104681,-0.3458722685741682,1
5,0.5395781575633061,-0.3458722685741682,1
5,0.6369785266161436,-0.3458722685741682,1
5,0.7343788956689816,-0.3458722685741682,1
5,0.8317792647218192,-0.3458722685741682,1
5,0.9291796337746572,-0.3458722685741682,1
5,1.0265800028274952,-0.3458722685741682,1
5,1.1239803718803327,-0.3458722685741682,1
5,1.2213807409331707,-0.3458722685741682,1
5,1.3187811099860083,-0.3458722685741682,1
5,1.4161814790388463,-0.3458722685741682,1
5,1.5135818480916843,-0.3458722685741682,1
5,1.6109822171445218,-0.3458722685741682,1
5,1.7083825861973598,-0.3458722685741682,1
5,1.8057829552501978,-0.3458722685741682,1
5,1.9031833243030354,-0.3458722685741682,1
5,2.000583693355873,-0.3458722685741682,1
5,2.0979840624087114,-0.3458722685741682,1
5,2.195384431461549,-0.3458722685741682,1
5,2.2927848005143865,-0.3458722685741682,1
5,2.390185169567225,-0.3458722685741682,1
5,2.4875855386200625,-0.3458722685741682,1
5,2.5849859076729,-0.3458722685741682,1
5,2.6823862767257385,-0.3458722685741682,1
5,2.779786645778576,-0.3458722685741682,1
5,2.8771870148314136,-0.3458722685741682,1
5,2.974587383884252,-0.3458722685741682,1
5,3.0719877529370896,-0.3458722685741682,1
5,3.169388121989927,-0.3458722685741682,1
5,3.2667884910427656,-0.3458722685741682,1
5,3.364188860095603,-0.3458722685741682,1
5,3.4615892291484407,-0.3458722685741682,1
5,3.5589895982012782,-0.3458722685741682,1
5,3.6563899672541167,-0.3458722685741682,1
5,3.7537903363069542,-0.3458722685741682,1
5,3.851190705359792,-0.3458722685741682,1
5,3.9485910744126302,-0.3458722685741682,1
5,4.045991443465468,-0.3458722685741682,1
5,4.143391812518305,-0.3458722685741682,1
5,4.240792181571144,-0.3458722685741682,1
5,4.338192550623981,-0.3458722685741682,1
5,4.435592919676819,-0.3458722685741682,1
5,4.532993288729657,-0.3458722685741682,1
5,-2.1876321759161534,-0.268206730622607,0
5,-2.0902318068633154,-0.268206730622607,0
5,-1.992831437810478,-0.268206730622607,0
5,-1.89543106875764,-0.268206730622607,0
5,-1.7980306997048021,-0.268206730622607,0
5,-1.7006303306519643,-0.268206730622607,0
5,-1.6032299615991263,-0.268206730622607,0
5,-1.5058295925462886,-0.268206730622607,0
5,-1.4084292234934508,-0.268206730622607,0
5,-1.311028854440613,-0.268206730622607,0
5,-1.2136284853877752,-0.268206730622607,0
5,-1.1162281163349372,-0.268206730622607,0
5,-1.0188277472820995,-0.268206730622607,0
5,-0.9214273782292617,-0.268206730622607,0
5,-0.8240270091764237,-0.268206730622607,0
5,-0.7266266401235859,-0.268206730622607,0
5,-0.6292262710707481,-0.268206730622607,0
5,-0.5318259020179104,-0.268206730622607,0
5,-0.4344255329650726,-0.268206730622607,0
5,-0.3370251639122346,-0.268206730622607,0
5,-0.2396247948593968,-0.268206730622607,0
5,-0.14222442580655903,-0.268206730622607,0
5,-0.04482405675372103,-0.268206730622607,0
5,0.05257631229911652,-0.268206730622607,0
5,0.14997668135195452,-0.268206730622607,0
5,0.24737705040479252,-0.268206730622607,0
5,0.3447774194576301,-0.268206730622607,1
5,0.4421777885104681,-0.268206730622607,1
5,0.5395781575633061,-0.268206730622607,1
5,0.6369785266161436,-0.268206730622607,1
5,0.7343788956689816,-0.268206730622607,1
5,0.8317792647218192,-0.268206730622607,1
5,0.9291796337746572,-0.268206730622607,1
5,1.0265800028274952,-0.268206730622607,1
5,1.1239803718803327,-0.268206730622607,1
5,1.2213807409331707,-0.268206730622607,1
5,1.3187811099860083,-0.268206730622607,1
5,1.4161814790388463,-0.268206730622607,1
5,1.5135818480916843,-0.268206730622607,1
5,1.6109822171445218,-0.268206730622607,1
5,1.7083825861973598,-0.268206730622607,1
5,1.8057829552501978,-0.268206730622607,1
5,1.9031833243030354,-0.268206730622607,1
5,2.000583693355873,-0.268206730622607,1
5,2.0979840624087114,-0.268206730622607,1
5,2.195384431461549,-0.268206730622607,1
5,2.2927848005143865,-0.268206730622607,1
5,2.390185169567225,-0.268206730622607,1
5,2.4875855386200625,-0.268206730622607,1
5,2.5849859076729,-0.268206730622607,1
5,2.6823862767257385,-0.268206730622607,1
5,2.779786645778576,-0.268206730622607,1
5,2.8771870148314136,-0.268206730622607,1
5,2.974587383884252,-0.268206730622607,1
5,3.0719877529370896,-0.268206730622607,1
5,3.169388121989927,-0.268206730622607,1
5,3.2667884910427656,-0.268206730622607,1
5,3.364188860095603,-0.268206730622607,1
5,3.4615892291484407,-0.268206730622607,1
5,3.5589895982012782,-0.268206730622607,1
5,3.6563899672541167,-0.268206730622607,1
5,3.7537903363069542,-0.268206730622607,1
5,3.851190705359792,-0.268206730622607,1
5,3.9485910744126302,-0.268206730622607,1
5,4.045991443465468,-0.268206730622607,1
5,4.143391812518305,-0.268206730622607,1
5,4.240792181571144,-0.268206730622607,1
5,4.338192550623981,-0.268206730622607,1
5,4.435592919676819,-0.268206730622607,1
5,4.532993288729657,-0.268206730622607,1
5,-2.1876321759161534,-0.19054119267104586,0
5,-2.0902318068633154,-0.19054119267104586,0
5,-1.992831437810478,-0.19054119267104586,0
5,-1.89543106875764,-0.19054119267104586,0
5,-1.7980306997048021,-0.19054119267104586,0
5,-1.7006303306519643,-0.19054119267104586,0
5,-1.6032299615991263,-0.19054119267104586,0
5,-1.5058295925462886,-0.19054119267104586,0
5,-1.4084292234934508,-0.19054119267104586,0
5,-1.311028854440613,-0.19054119267104586,0
5,-1.2136284853877752,-0.19054119267104586,0
5,-1.1162281163349372,-0.19054119267104586,0
5,-1.0188277472820995,-0.19054119267104586,0
5,-0.9214273782292617,-0.19054119267104586,0
5,-0.8240270091764237,-0.19054119267104586,0
5,-0.7266266401235859,-0.19054119267104586,0
5,-0.6292262710707481,-0.19054119267104586,0
5,-0.5318259020179104,-0.19054119267104586,0
5,-0.4344255329650726,-0.19054119267104586,0
5,-0.3370251639122346,-0.19054119267104586,0
5,-0.2396247948593968,-0.19054119267104586,0
5,-0.14222442580655903,-0.19054119267104586,0
5,-0.04482405675372103,-0.19054119267104586,0
5,0.05257631229911652,-0.19054119267104586,0
5,0.14997668135195452,-0.19054119267104586,0
5,0.24737705040479252,-0.19054119267104586,0
5,0.3447774194576301,-0.19054119267104586,1
5,0.4421777885104681,-0.19054119267104586,1
5,0.5395781575633061,-0.19054119267104586,1
5,0.6369785266161436,-0.19054119267104586,1
5,0.7343788956689816,-0.19054119267104586,1
5,0.8317792647218192,-0.19054119267104586,1
5,0.9291796337746572,-0.19054119267104586,1
5,1.0265800028274952,-0.19054119267104586,1
5,1.1239803718803327,-0.19054119267104586,1
5,1.2213807409331707,-0.19054119267104586,1
5,1.3187811099860083,-0.19054119267104586,1
5,1.4161814790388463,-0.19054119267104586,1
5,1.5135818480916843,-0.19054119267104586,1
5,1.6109822171445218,-0.19054119267104586,1
5,1.7083825861973598,-0.19054119267104586,1
5,1.8057829552501978,-0.19054119267104586,1
5,1.9031833243030354,-0.19054119267104586,1
5,2.000583693355873,-0.19054119267104586,1
5,2.0979840624087114,-0.19054119267104586,1
5,2.195384431461549,-0.19054119267104586,1
5,2.2927848005143865,-0.19054119267104586,1
5,2.390185169567225,-0.19054119267104586,1
5,2.4875855386200625,-0.19054119267104586,1
5,2.5849859076729,-0.19054119267104586,1
5,2.6823862767257385,-0.19054119267104586,1
5,2.779786645778576,-0.19054119267104586,1
5,2.8771870148314136,-0.19054119267104586,1
5,2.974587383884252,-0.19054119267104586,1
5,3.0719877529370896,-0.19054119267104586,1
5,3.169388121989927,-0.19054119267104586,1
5,3.2667884910427656,-0.19054119267104586,1
5,3.364188860095603,-0.19054119267104586,1
5,3.4615892291484407,-0.19054119267104586,1
5,3.5589895982012782,-0.19054119267104586,1
5,3.6563899672541167,-0.19054119267104586,1
5,3.7537903363069542,-0.19054119267104586,1
5,3.851190705359792,-0.19054119267104586,1
5,3.9485910744126302,-0.19054119267104586,1
5,4.045991443465468,-0.19054119267104586,1
5,4.143391812518305,-0.19054119267104586,1
5,4.240792181571144,-0.19054119267104586,1
5,4.338192550623981,-0.19054119267104586,1
5,4.435592919676819,-0.19054119267104586,1
5,4.532993288729657,-0.19054119267104586,1
5,-2.1876321759161534,-0.11287565471948513,0
5,-2.0902318068633154,-0.11287565471948513,0
5,-1.992831437810478,-0.11287565471948513,0
5,-1.89543106875764,-0.11287565471948513,0
5,-1.7980306997048021,-0.11287565471948513,0
5,-1.7006303306519643,-0.11287565471948513,0
5,-1.6032299615991263,-0.11287565471948513,0
5,-1.5058295925462886,-0.11287565471948513,0
5,-1.4084292234934508,-0.11287565471948513,0
5,-1.311028854440613,-0.11287565471948513,0
5,-1.2136284853877752,-0.11287565471948513,0
5,-1.1162281163349372,-0.11287565471948513,0
5,-1.0188277472820995,-0.11287565471948513,0
5,-0.9214273782292617,-0.11287565471948513,0
5,-0.8240270091764237,-0.11287565471948513,0
5,-0.7266266401235859,-0.11287565471948513,0
5,-0.6292262710707481,-0.11287565471948513,0
5,-0.5318259020179104,-0.11287565471948513,0
5,-0.4344255329650726,-0.11287565471948513,0
5,-0.3370251639122346,-0.11287565471948513,0
5,-0.2396247948593968,-0.11287565471948513,0
5,-0.14222442580655903,-0.11287565471948513,0
5,-0.04482405675372103,-0.11287565471948513,0
5,0.05257631229911652,-0.11287565471948513,0
5,0.14997668135195452,-0.11287565471948513,0
5,0.24737705040479252,-0.11287565471948513,1
5,0.3447774194576301,-0.11287565471948513,1
5,0.4421777885104681,-0.11287565471948513,1
5,0.5395781575633061,-0.11287565471948513,1
5,0.6369785266161436,-0.11287565471948513,1
5,0.7343788956689816,-0.11287565471948513,1
5,0.8317792647218192,-0.11287565471948513,1
5,0.9291796337746572,-0.11287565471948513,1
5,1.0265800028274952,-0.11287565471948513,1
5,1.1239803718803327,-0.11287565471948513,1
5,1.2213807409331707,-0.11287565471948513,1
5,1.3187811099860083,-0.11287565471948513,1
5,1.4161814790388463,-0.11287565471948513,1
5,1.5135818480916843,-0.11287565471948513,1
5,1.6109822171445218,-0.11287565471948513,1
5,1.7083825861973598,-0.11287565471948513,1
5,1.8057829552501978,-0.11287565471948513,1
5,1.9031833243030354,-0.11287565471948513,1
5,2.000583693355873,-0.11287565471948513,1
5,2.0979840624087114,-0.11287565471948513,1
5,2.195384431461549,-0.11287565471948513,1
5,2.2927848005143865,-0.11287565471948513,1
5,2.390185169567225,-0.11287565471948513,1
5,2.4875855386200625,-0.11287565471948513,1
5,2.5849859076729,-0.11287565471948513,1
5,2.6823862767257385,-0.11287565471948513,1
5,2.779786645778576,-0.11287565471948513,1
5,2.8771870148314136,-0.11287565471948513,1
5,2.974587383884252,-0.11287565471948513,1
5,3.0719877529370896,-0.11287565471948513,1
5,3.169388121989927,-0.11287565471948513,1
5,3.2667884910427656,-0.11287565471948513,1
5,3.364188860095603,-0.11287565471948513,1
5,3.4615892291484407,-0.11287565471948513,1
5,3.5589895982012782,-0.11287565471948513,1
5,3.6563899672541167,-0.11287565471948513,1
5,3.7537903363069542,-0.11287565471948513,1
5,3.851190705359792,-0.11287565471948513,1
5,3.9485910744126302,-0.11287565471948513,1
5,4.045991443465468,-0.11287565471948513,1
5,4.143391812518305,-0.11287565471948513,1
5,4.240792181571144,-0.11287565471948513,1
5,4.338192550623981,-0.11287565471948513,1
5,4.435592919676819,-0.11287565471948513,1
5,4.532993288729657,-0.11287565471948513,1
5,-2.1876321759161534,-0.03521011676792396,0
5,-2.0902318068633154,-0.03521011676792396,0
5,-1.992831437810478,-0.03521011676792396,0
5,-1.89543106875764,-0.03521011676792396,0
5,-1.7980306997048021,-0.03521011676792396,0
5,-1.7006303306519643,-0.03521011676792396,0
5,-1.6032299615991263,-0.03521011676792396,0
5,-1.5058295925462886,-0.03521011676792396,0
5,-1.4084292234934508,-0.03521011676792396,0
5,-1.311028854440613,-0.03521011676792396,0
5,-1.2136284853877752,-0.03521011676792396,0
5,-1.1162281163349372,-0.03521011676792396,0
5,-1.0188277472820995,-0.03521011676792396,0
5,-0.9214273782292617,-0.03521011676792396,0
5,-0.8240270091764237,-0.03521011676792396,0
5,-0.7266266401235859,-0.03521011676792396,0
5,-0.6292262710707481,-0.03521011676792396,0
5,-0.5318259020179104,-0.03521011676792396,0
5,-0.4344255329650726,-0.03521011676792396,0
5,-0.3370251639122346,-0.03521011676792396,0
5,-0.2396247948593968,-0.03521011676792396,0
5,-0.14222442580655903,-0.03521011676792396,0
5,-0.04482405675372103,-0.03521011676792396,0
5,0.05257631229911652,-0.03521011676792396,0
5,0.14997668135195452,-0.03521011676792396,0
5,0.24737705040479252,-0.03521011676792396,1
5,0.3447774194576301,-0.03521011676792396,1
5,0.4421777885104681,-0.03521011676792396,1
5,0.5395781575633061,-0.03521011676792396,1
5,0.6369785266161436,-0.03521011676792396,1
5,0.7343788956689816,-0.03521011676792396,1
5,0.8317792647218192,-0.03521011676792396,1
5,0.9291796337746572,-0.03521011676792396,1
5,1.0265800028274952,-0.03521011676792396,1
5,1.1239803718803327,-0.03521011676792396,1
5,1.2213807409331707,-0.03521011676792396,1
5,1.3187811099860083,-0.03521011676792396,1
5,1.4161814790388463,-0.03521011676792396,1
5,1.5135818480916843,-0.03521011676792396,1
5,1.6109822171445218,-0.03521011676792396,1
5,1.7083825861973598,-0.03521011676792396,1
5,1.8057829552501978,-0.03521011676792396,1
5,1.9031833243030354,-0.03521011676792396,1
5,2.000583693355873,-0.03521011676792396,1
5,2.0979840624087114,-0.03521011676792396,1
5,2.195384431461549,-0.03521011676792396,1
5,2.2927848005143865,-0.03521011676792396,1
5,2.390185169567225,-0.03521011676792396,1
5,2.4875855386200625,-0.03521011676792396,1
5,2.5849859076729,-0.03521011676792396,1
5,2.6823862767257385,-0.03521011676792396,1
5,2.779786645778576,-0.03521011676792396,1
5,2.8771870148314136,-0.03521011676792396,1
5,2.974587383884252,-0.03521011676792396,1
5,3.0719877529370896,-0.03521011676792396,1
5,3.169388121989927,-0.03521011676792396,1
5,3.2667884910427656,-0.03521011676792396,1
5,3.364188860095603,-0.03521011676792396,1
5,3.4615892291484407,-0.03521011676792396,1
5,3.5589895982012782,-0.03521011676792396,1
5,3.6563899672541167,-0.03521011676792396,1
5,3.7537903363069542,-0.03521011676792396,1
5,3.851190705359792,-0.03521011676792396,1
5,3.9485910744126302,-0.03521011676792396,1
5,4.045991443465468,-0.03521011676792396,1
5,4.143391812518305,-0.03521011676792396,1
5,4.240792181571144,-0.03521011676792396,1
5,4.338192550623981,-0.03521011676792396,1
5,4.435592919676819,-0.03521011676792396,1
5,4.532993288729657,-0.03521011676792396,1
5,-2.1876321759161534,0.04245542118363721,0
5,-2.0902318068633154,0.04245542118363721,0
5,-1.992831437810478,0.04245542118363721,0
5,-1.89543106875764,0.04245542118363721,0
5,-1.7980306997048021,0.04245542118363721,0
5,-1.7006303306519643,0.04245542118363721,0
5,-1.6032299615991263,0.04245542118363721,0
5,-1.5058295925462886,0.04245542118363721,0
5,-1.4084292234934508,0.04245542118363721,0
5,-1.311028854440613,0.04245542118363721,0
5,-1.2136284853877752,0.04245542118363721,0
5,-1.1162281163349372,0.04245542118363721,0
5,-1.0188277472820995,0.04245542118363721,0
5,-0.9214273782292617,0.04245542118363721,0
5,-0.8240270091764237,0.04245542118363721,0
5,-0.7266266401235859,0.04245542118363721,0
5,-0.6292262710707481,0.04245542118363721,0
5,-0.5318259020179104,0.04245542118363721,0
5,-0.4344255329650726,0.04245542118363721,0
5,-0.3370251639122346,0.04245542118363721,0
5,-0.2396247948593968,0.04245542118363721,0
5,-0.14222442580655903,0.04245542118363721,0
5,-0.04482405675372103,0.04245542118363721,0
5,0.05257631229911652,0.04245542118363721,0
5,0.14997668135195452,0.04245542118363721,0
5,0.24737705040479252,0.04245542118363721,1
5,0.3447774194576301,0.04245542118363721,1
5,0.4421777885104681,0.04245542118363721,1
5,0.5395781575633061,0.04245542118363721,1
5,0.6369785266161436,0.04245542118363721,1
5,0.7343788956689816,0.04245542118363721,1
5,0.8317792647218192,0.04245542118363721,1
5,0.9291796337746572,0.04245542118363721,1
5,1.0265800028274952,0.04245542118363721,1
5,1.1239803718803327,0.04245542118363721,1
5,1.2213807409331707,0.04245542118363721,1
5,1.3187811099860083,0.04245542118363721,1
5,1.4161814790388463,0.04245542118363721,1
5,1.5135818480916843,0.04245542118363721,1
5,1.6109822171445218,0.04245542118363721,1
5,1.7083825861973598,0.04245542118363721,1
5,1.8057829552501978,0.04245542118363721,1
5,1.9031833243030354,0.04245542118363721,1
5,2.000583693355873,0.04245542118363721,1
5,2.0979840624087114,0.04245542118363721,1
5,2.195384431461549,0.04245542118363721,1
5,2.2927848005143865,0.04245542118363721,1
5,2.390185169567225,0.04245542118363721,1
5,2.4875855386200625,0.04245542118363721,1
5,2.5849859076729,0.04245542118363721,1
5,2.6823862767257385,0.04245542118363721,1
5,2.779786645778576,0.04245542118363721,1
5,2.8771870148314136,0.04245542118363721,1
5,2.974587383884252,0.04245542118363721,1
5,3.0719877529370896,0.04245542118363721,1
5,3.169388121989927,0.04245542118363721,1
5,3.2667884910427656,0.04245542118363721,1
5,3.364188860095603,0.04245542118363721,1
5,3.4615892291484407,0.04245542118363721,1
5,3.5589895982012782,0.04245542118363721,1
5,3.6563899672541167,0.04245542118363721,1
5,3.7537903363069542,0.04245542118363721,1
5,3.851190705359792,0.04245542118363721,1
5,3.9485910744126302,0.04245542118363721,1
5,4.045991443465468,0.04245542118363721,1
5,4.143391812518305,0.04245542118363721,1
5,4.240792181571144,0.04245542118363721,1
5,4.338192550623981,0.04245542118363721,1
5,4.435592919676819,0.04245542118363721,1
5,4.532993288729657,0.04245542118363721,1
5,-2.1876321759161534,0.12012095913519838,0
5,-2.0902318068633154,0.12012095913519838,0
5,-1.992831437810478,0.12012095913519838,0
5,-1.89543106875764,0.12012095913519838,0
5,-1.7980306997048021,0.12012095913519838,0
5,-1.7006303306519643,0.12012095913519838,0
5,-1.6032299615991263,0.12012095913519838,0
5,-1.5058295925462886,0.12012095913519838,0
5,-1.4084292234934508,0.12012095913519838,0
5,-1.311028854440613,0.12012095913519838,0
5,-1.2136284853877752,0.12012095913519838,0
5,-1.1162281163349372,0.12012095913519838,0
5,-1.0188277472820995,0.12012095913519838,0
5,-0.9214273782292617,0.12012095913519838,0
5,-0.8240270091764237,0.12012095913519838,0
5,-0.7266266401235859,0.12012095913519838,0
5,-0.6292262710707481,0.12012095913519838,0
5,-0.5318259020179104,0.12012095913519838,0
5,-0.4344255329650726,0.12012095913519838,0
5,-0.3370251639122346,0.12012095913519838,0
5,-0.2396247948593968,0.12012095913519838,0
5,-0.14222442580655903,0.12012095913519838,0
5,-0.04482405675372103,0.12012095913519838,0
5,0.05257631229911652,0.12012095913519838,0
5,0.14997668135195452,0.12012095913519838,0
5,0.24737705040479252,0.12012095913519838,1
5,0.3447774194576301,0.12012095913519838,1
5,0.4421777885104681,0.12012095913519838,1
5,0.5395781575633061,0.12012095913519838,1
5,0.6369785266161436,0.12012095913519838,1
5,0.7343788956689816,0.12012095913519838,1
5,0.8317792647218192,0.12012095913519838,1
5,0.9291796337746572,0.12012095913519838,1
5,1.0265800028274952,0.12012095913519838,1
5,1.1239803718803327,0.12012095913519838,1
5,1.2213807409331707,0.12012095913519838,1
5,1.3187811099860083,0.12012095913519838,1
5,1.4161814790388463,0.12012095913519838,1
5,1.5135818480916843,0.12012095913519838,1
5,1.6109822171445218,0.12012095913519838,1
5,1.7083825861973598,0.12012095913519838,1
5,1.8057829552501978,0.12012095913519838,1
5,1.9031833243030354,0.12012095913519838,1
5,2.000583693355873,0.12012095913519838,1
5,2.0979840624087114,0.12012095913519838,1
5,2.195384431461549,0.12012095913519838,1
5,2.2927848005143865,0.12012095913519838,1
5,2.390185169567225,0.12012095913519838,1
5,2.4875855386200625,0.12012095913519838,1
5,2.5849859076729,0.12012095913519838,1
5,2.6823862767257385,0.12012095913519838,1
5,2.779786645778576,0.12012095913519838,1
5,2.8771870148314136,0.12012095913519838,1
5,2.974587383884252,0.12012095913519838,1
5,3.0719877529370896,0.12012095913519838,1
5,3.169388121989927,0.12012095913519838,1
5,3.2667884910427656,0.12012095913519838,1
5,3.364188860095603,0.12012095913519838,1
5,3.4615892291484407,0.12012095913519838,1
5,3.5589895982012782,0.12012095913519838,1
5,3.6563899672541167,0.12012095913519838,1
5,3.7537903363069542,0.12012095913519838,1
5,3.851190705359792,0.12012095913519838,1
5,3.9485910744126302,0.12012095913519838,1
5,4.045991443465468,0.12012095913519838,1
5,4.143391812518305,0.12012095913519838,1
5,4.240792181571144,0.12012095913519838,1
5,4.338192550623981,0.12012095913519838,1
5,4.435592919676819,0.12012095913519838,1
5,4.532993288729657,0.12012095913519838,1
5,-2.1876321759161534,0.1977864970867591,0
5,-2.0902318068633154,0.1977864970867591,0
5,-1.992831437810478,0.1977864970867591,0
5,-1.89543106875764,0.1977864970867591,0
5,-1.7980306997048021,0.1977864970867591,0
5,-1.7006303306519643,0.1977864970867591,0
5,-1.6032299615991263,0.1977864970867591,0
5,-1.5058295925462886,0.1977864970867591,0
5,-1.4084292234934508,0.1977864970867591,0
5,-1.311028854440613,0.1977864970867591,0
5,-1.2136284853877752,0.1977864970867591,0
5,-1.1162281163349372,0.1977864970867591,0
5,-1.0188277472820995,0.1977864970867591,0
5,-0.9214273782292617,0.1977864970867591,0
5,-0.8240270091764237,0.1977864970867591,0
5,-0.7266266401235859,0.1977864970867591,0
5,-0.6292262710707481,0.1977864970867591,0
5,-0.5318259020179104,0.1977864970867591,0
5,-0.4344255329650726,0.1977864970867591,0
5,-0.3370251639122346,0.1977864970867591,0
5,-0.2396247948593968,0.1977864970867591,0
5,-0.14222442580655903,0.1977864970867591,0
5,-0.04482405675372103,0.1977864970867591,0
5,0.05257631229911652,0.1977864970867591,0
5,0.14997668135195452,0.1977864970867591,0
5,0.24737705040479252,0.1977864970867591,1
5,0.3447774194576301,0.1977864970867591,1
5,0.4421777885104681,0.1977864970867591,1
5,0.5395781575633061,0.1977864970867591,1
5,0.6369785266161436,0.1977864970867591,1
5,0.7343788956689816,0.1977864970867591,1
5,0.8317792647218192,0.1977864970867591,1
5,0.9291796337746572,0.1977864970867591,1
5,1.0265800028274952,0.1977864970867591,1
5,1.1239803718803327,0.1977864970867591,1
5,1.2213807409331707,0.1977864970867591,1
5,1.3187811099860083,0.1977864970867591,1
5,1.4161814790388463,0.1977864970867591,1
5,1.5135818480916843,0.1977864970867591,1
5,1.6109822171445218,0.1977864970867591,1
5,1.7083825861973598,0.1977864970867591,1
5,1.8057829552501978,0.1977864970867591,1
5,1.9031833243030354,0.1977864970867591,1
5,2.000583693355873,0.1977864970867591,1
5,2.0979840624087114,0.1977864970867591,1
5,2.195384431461549,0.1977864970867591,1
5,2.2927848005143865,0.1977864970867591,1
5,2.390185169567225,0.1977864970867591,1
5,2.4875855386200625,0.1977864970867591,1
5,2.5849859076729,0.1977864970867591,1
5,2.6823862767257385,0.1977864970867591,1
5,2.779786645778576,0.1977864970867591,1
5,2.8771870148314136,0.1977864970867591,1
5,2.974587383884252,0.1977864970867591,1
5,3.0719877529370896,0.1977864970867591,1
5,3.169388121989927,0.1977864970867591,1
5,3.2667884910427656,0.1977864970867591,1
5,3.364188860095603,0.1977864970867591,1
5,3.4615892291484407,0.1977864970867591,1
5,3.5589895982012782,0.1977864970867591,1
5,3.6563899672541167,0.1977864970867591,1
5,3.7537903363069542,0.1977864970867591,1
5,3.851190705359792,0.1977864970867591,1
5,3.9485910744126302,0.1977864970867591,1
5,4.045991443465468,0.1977864970867591,1
5,4.143391812518305,0.1977864970867591,1
5,4.240792181571144,0.1977864970867591,1
5,4.338192550623981,0.1977864970867591,1
5,4.435592919676819,0.1977864970867591,1
5,4.532993288729657,0.1977864970867591,1
5,-2.1876321759161534,0.2754520350383203,0
5,-2.0902318068633154,0.2754520350383203,0
5,-1.992831437810478,0.2754520350383203,0
5,-1.89543106875764,0.2754520350383203,0
5,-1.7980306997048021,0.2754520350383203,0
5,-1.7006303306519643,0.2754520350383203,0
5,-1.6032299615991263,0.2754520350383203,0
5,-1.5058295925462886,0.2754520350383203,0
5,-1.4084292234934508,0.2754520350383203,0
5,-1.311028854440613,0.2754520350383203,0
5,-1.2136284853877752,0.2754520350383203,0
5,-1.1162281163349372,0.2754520350383203,0
5,-1.0188277472820995,0.2754520350383203,0
5,-0.9214273782292617,0.2754520350383203,0
5,-0.8240270091764237,0.2754520350383203,0
5,-0.7266266401235859,0.2754520350383203,0
5,-0.6292262710707481,0.2754520350383203,0
5,-0.5318259020179104,0.2754520350383203,0
5,-0.4344255329650726,0.2754520350383203,0
5,-0.3370251639122346,0.2754520350383203,0
5,-0.2396247948593968,0.2754520350383203,0
5,-0.14222442580655903,0.2754520350383203,0
5,-0.04482405675372103,0.2754520350383203,0
5,0.05257631229911652,0.2754520350383203,0
5,0.14997668135195452,0.2754520350383203,0
5,0.24737705040479252,0.2754520350383203,0
5,0.3447774194576301,0.2754520350383203,0
5,0.4421777885104681,0.2754520350383203,1
5,0.5395781575633061,0.2754520350383203,1
5,0.6369785266161436,0.2754520350383203,1
5,0.7343788956689816,0.2754520350383203,1
5,0.8317792647218192,0.2754520350383203,1
5,0.9291796337746572,0.2754520350383203,1
5,1.0265800028274952,0.2754520350383203,1
5,1.1239803718803327,0.2754520350383203,1
5,1.2213807409331707,0.2754520350383203,1
5,1.3187811099860083,0.2754520350383203,1
5,1.4161814790388463,0.2754520350383203,1
5,1.5135818480916843,0.2754520350383203,1
5,1.6109822171445218,0.2754520350383203,1
5,1.7083825861973598,0.2754520350383203,1
5,1.8057829552501978,0.2754520350383203,1
5,1.9031833243030354,0.2754520350383203,1
5,2.000583693355873,0.2754520350383203,1
5,2.0979840624087114,0.2754520350383203,1
5,2.195384431461549,0.2754520350383203,1
5,2.2927848005143865,0.2754520350383203,1
5,2.390185169567225,0.2754520350383203,1
5,2.4875855386200625,0.2754520350383203,1
5,2.5849859076729,0.2754520350383203,1
5,2.6823862767257385,0.2754520350383203,1
5,2.779786645778576,0.2754520350383203,1
5,2.8771870148314136,0.2754520350383203,1
5,2.974587383884252,0.2754520350383203,1
5,3.0719877529370896,0.2754520350383203,1
5,3.169388121989927,0.2754520350383203,1
5,3.2667884910427656,0.2754520350383203,1
5,3.364188860095603,0.2754520350383203,1
5,3.4615892291484407,0.2754520350383203,1
5,3.5589895982012782,0.2754520350383203,1
5,3.6563899672541167,0.2754520350383203,1
5,3.7537903363069542,0.2754520350383203,1
5,3.851190705359792,0.2754520350383203,1
5,3.9485910744126302,0.2754520350383203,1
5,4.045991443465468,0.2754520350383203,1
5,4.143391812518305,0.2754520350383203,1
5,4.240792181571144,0.2754520350383203,1
5,4.338192550623981,0.2754520350383203,1
5,4.435592919676819,0.2754520350383203,1
5,4.532993288729657,0.2754520350383203,1
5,-2.1876321759161534,0.35311757298988145,0
5,-2.0902318068633154,0.35311757298988145,0
5,-1.992831437810478,0.35311757298988145,0
5,-1.89543106875764,0.35311757298988145,0
5,-1.7980306997048021,0.35311757298988145,0
5,-1.7006303306519643,0.35311757298988145,0
5,-1.6032299615991263,0.35311757298988145,0
5,-1.5058295925462886,0.35311757298988145,0
5,-1.4084292234934508,0.35311757298988145,0
5,-1.311028854440613,0.35311757298988145,0
5,-1.2136284853877752,0.35311757298988145,0
5,-1.1162281163349372,0.35311757298988145,0
5,-1.0188277472820995,0.35311757298988145,0
5,-0.9214273782292617,0.35311757298988145,0
5,-0.8240270091764237,0.35311757298988145,0
5,-0.7266266401235859,0.35311757298988145,0
5,-0.6292262710707481,0.35311757298988145,0
5,-0.5318259020179104,0.35311757298988145,0
5,-0.4344255329650726,0.35311757298988145,0
5,-0.3370251639122346,0.35311757298988145,0
5,-0.2396247948593968,0.35311757298988145,0
5,-0.14222442580655903,0.35311757298988145,1
5,-0.04482405675372103,0.35311757298988145,1
5,0.05257631229911652,0.35311757298988145,0
5,0.14997668135195452,0.35311757298988145,0
5,0.24737705040479252,0.35311757298988145,0
5,0.3447774194576301,0.35311757298988145,0
5,0.4421777885104681,0.35311757298988145,1
5,0.5395781575633061,0.35311757298988145,1
5,0.6369785266161436,0.35311757298988145,1
5,0.7343788956689816,0.35311757298988145,1
5,0.8317792647218192,0.35311757298988145,1
5,0.9291796337746572,0.35311757298988145,1
5,1.0265800028274952,0.35311757298988145,1
5,1.1239803718803327,0.35311757298988145,1
5,1.2213807409331707,0.35311757298988145,1
5,1.3187811099860083,0.35311757298988145,1
5,1.4161814790388463,0.35311757298988145,1
5,1.5135818480916843,0.35311757298988145,1
5,1.6109822171445218,0.35311757298988145,1
5,1.7083825861973598,0.35311757298988145,1
5,1.8057829552501978,0.35311757298988145,1
5,1.9031833243030354,0.35311757298988145,1
5,2.000583693355873,0.35311757298988145,1
5,2.0979840624087114,0.35311757298988145,1
5,2.195384431461549,0.35311757298988145,1
5,2.2927848005143865,0.35311757298988145,1
5,2.390185169567225,0.35311757298988145,1
5,2.4875855386200625,0.35311757298988145,1
5,2.5849859076729,0.35311757298988145,1
5,2.6823862767257385,0.35311757298988145,1
5,2.779786645778576,0.35311757298988145,1
5,2.8771870148314136,0.35311757298988145,1
5,2.974587383884252,0.35311757298988145,1
5,3.0719877529370896,0.35311757298988145,1
5,3.169388121989927,0.35311757298988145,1
5,3.2667884910427656,0.35311757298988145,1
5,3.364188860095603,0.35311757298988145,1
5,3.4615892291484407,0.35311757298988145,1
5,3.5589895982012782,0.35311757298988145,1
5,3.6563899672541167,0.35311757298988145,1
5,3.7537903363069542,0.35311757298988145,1
5,3.851190705359792,0.35311757298988145,1
5,3.9485910744126302,0.35311757298988145,1
5,4.045991443465468,0.35311757298988145,1
5,4.143391812518305,0.35311757298988145,1
5,4.240792181571144,0.35311757298988145,1
5,4.338192550623981,0.35311757298988145,1
5,4.435592919676819,0.35311757298988145,1
5,4.532993288729657,0.35311757298988145,1
5,-2.1876321759161534,0.43078311094144217,0
5,-2.0902318068633154,0.43078311094144217,0
5,-1.992831437810478,0.43078311094144217,0
5,-1.89543106875764,0.43078311094144217,0
5,-1.7980306997048021,0.43078311094144217,0
5,-1.7006303306519643,0.43078311094144217,0
5,-1.6032299615991263,0.43078311094144217,0
5,-1.5058295925462886,0.43078311094144217,0
5,-1.4084292234934508,0.43078311094144217,0
5,-1.311028854440613,0.43078311094144217,0
5,-1.2136284853877752,0.43078311094144217,0
5,-1.1162281163349372,0.43078311094144217,0
5,-1.0188277472820995,0.43078311094144217,0
5,-0.9214273782292617,0.43078311094144217,0
5,-0.8240270091764237,0.43078311094144217,0
5,-0.7266266401235859,0.43078311094144217,0
5,-0.6292262710707481,0.43078311094144217,0
5,-0.5318259020179104,0.43078311094144217,0
5,-0.4344255329650726,0.43078311094144217,0
5,-0.3370251639122346,0.43078311094144217,0
5,-0.2396247948593968,0.43078311094144217,0
5,-0.14222442580655903,0.43078311094144217,1
5,-0.04482405675372103,0.43078311094144217,0
5,0.05257631229911652,0.43078311094144217,0
5,0.14997668135195452,0.43078311094144217,1
5,0.24737705040479252,0.43078311094144217,0
5,0.3447774194576301,0.43078311094144217,0
5,0.4421777885104681,0.43078311094144217,1
5,0.5395781575633061,0.43078311094144217,1
5,0.6369785266161436,0.43078311094144217,1
5,0.7343788956689816,0.43078311094144217,1
5,0.8317792647218192,0.43078311094144217,1
5,0.9291796337746572,0.43078311094144217,1
5,1.0265800028274952,0.43078311094144217,1
5,1.1239803718803327,0.43078311094144217,1
5,1.2213807409331707,0.43078311094144217,1
5,1.3187811099860083,0.43078311094144217,1
5,1.4161814790388463,0.43078311094144217,1
5,1.5135818480916843,0.43078311094144217,1
5,1.6109822171445218,0.43078311094144217,1
5,1.7083825861973598,0.43078311094144217,1
5,1.8057829552501978,0.43078311094144217,1
5,1.9031833243030354,0.43078311094144217,1
5,2.000583693355873,0.43078311094144217,1
5,2.0979840624087114,0.43078311094144217,1
5,2.195384431461549,0.43078311094144217,1
5,2.2927848005143865,0.43078311094144217,1
5,2.390185169567225,0.43078311094144217,1
5,2.4875855386200625,0.43078311094144217,1
5,2.5849859076729,0.43078311094144217,1
5,2.6823862767257385,0.43078311094144217,1
5,2.779786645778576,0.43078311094144217,1
5,2.8771870148314136,0.43078311094144217,1
5,2.974587383884252,0.43078311094144217,1
5,3.0719877529370896,0.43078311094144217,1
5,3.169388121989927,0.43078311094144217,1
5,3.2667884910427656,0.43078311094144217,1
5,3.364188860095603,0.43078311094144217,1
5,3.4615892291484407,0.43078311094144217,1
5,3.5589895982012782,0.43078311094144217,1
5,3.6563899672541167,0.43078311094144217,1
5,3.7537903363069542,0.43078311094144217,1
5,3.851190705359792,0.43078311094144217,1
5,3.9485910744126302,0.43078311094144217,1
5,4.045991443465468,0.43078311094144217,1
5,4.143391812518305,0.43078311094144217,1
5,4.240792181571144,0.43078311094144217,1
5,4.338192550623981,0.43078311094144217,1
5,4.435592919676819,0.43078311094144217,1
5,4.532993288729657,0.43078311094144217,1
5,-2.1876321759161534,0.5084486488930033,0
5,-2.0902318068633154,0.5084486488930033,0
5,-1.992831437810478,0.5084486488930033,0
5,-1.89543106875764,0.5084486488930033,0
5,-1.7980306997048021,0.5084486488930033,0
5,-1.7006303306519643,0.5084486488930033,0
5,-1.6032299615991263,0.5084486488930033,0
5,-1.5058295925462886,0.5084486488930033,0
5,-1.4084292234934508,0.5084486488930033,0
5,-1.311028854440613,0.5084486488930033,0
5,-1.2136284853877752,0.5084486488930033,0
5,-1.1162281163349372,0.5084486488930033,0
5,-1.0188277472820995,0.5084486488930033,0
5,-0.9214273782292617,0.5084486488930033,0
5,-0.8240270091764237,0.5084486488930033,0
5,-0.7266266401235859,0.5084486488930033,0
5,-0.6292262710707481,0.5084486488930033,0
5,-0.5318259020179104,0.5084486488930033,0
5,-0.4344255329650726,0.5084486488930033,0
5,-0.3370251639122346,0.5084486488930033,0
5,-0.2396247948593968,0.5084486488930033,0
5,-0.14222442580655903,0.5084486488930033,1
5,-0.04482405675372103,0.5084486488930033,1
5,0.05257631229911652,0.5084486488930033,0
5,0.14997668135195452,0.5084486488930033,1
5,0.24737705040479252,0.5084486488930033,1
5,0.3447774194576301,0.5084486488930033,1
5,0.4421777885104681,0.5084486488930033,1
5,0.5395781575633061,0.5084486488930033,1
5,0.6369785266161436,0.5084486488930033,1
5,0.7343788956689816,0.5084486488930033,1
5,0.8317792647218192,0.5084486488930033,1
5,0.9291796337746572,0.5084486488930033,1
5,1.0265800028274952,0.5084486488930033,1
5,1.1239803718803327,0.5084486488930033,1
5,1.2213807409331707,0.5084486488930033,1
5,1.3187811099860083,0.5084486488930033,1
5,1.4161814790388463,0.5084486488930033,1
5,1.5135818480916843,0.5084486488930033,1
5,1.6109822171445218,0.5084486488930033,1
5,1.7083825861973598,0.5084486488930033,1
5,1.8057829552501978,0.5084486488930033,1
5,1.9031833243030354,0.5084486488930033,1
5,2.000583693355873,0.5084486488930033,1
5,2.0979840624087114,0.5084486488930033,1
5,2.195384431461549,0.5084486488930033,1
5,2.2927848005143865,0.5084486488930033,1
5,2.390185169567225,0.5084486488930033,1
5,2.4875855386200625,0.5084486488930033,1
5,2.5849859076729,0.5084486488930033,1
5,2.6823862767257385,0.5084486488930033,1
5,2.779786645778576,0.5084486488930033,1
5,2.8771870148314136,0.5084486488930033,1
5,2.974587383884252,0.5084486488930033,1
5,3.0719877529370896,0.5084486488930033,1
5,3.169388121989927,0.5084486488930033,1
5,3.2667884910427656,0.5084486488930033,1
5,3.364188860095603,0.5084486488930033,1
5,3.4615892291484407,0.5084486488930033,1
5,3.5589895982012782,0.5084486488930033,1
5,3.6563899672541167,0.5084486488930033,1
5,3.7537903363069542,0.5084486488930033,1
5,3.851190705359792,0.5084486488930033,1
5,3.9485910744126302,0.5084486488930033,1
5,4.045991443465468,0.5084486488930033,1
5,4.143391812518305,0.5084486488930033,1
5,4.240792181571144,0.5084486488930033,1
5,4.338192550623981,0.5084486488930033,1
5,4.435592919676819,0.5084486488930033,1
5,4.532993288729657,0.5084486488930033,1
5,-2.1876321759161534,0.5861141868445645,0
5,-2.0902318068633154,0.5861141868445645,0
5,-1.992831437810478,0.5861141868445645,0
5,-1.89543106875764,0.5861141868445645,0
5,-1.7980306997048021,0.5861141868445645,0
5,-1.7006303306519643,0.5861141868445645,0
5,-1.6032299615991263,0.5861141868445645,0
5,-1.5058295925462886,0.5861141868445645,0
5,-1.4084292234934508,0.5861141868445645,0
5,-1.311028854440613,0.5861141868445645,0
5,-1.2136284853877752,0.5861141868445645,0
5,-1.1162281163349372,0.5861141868445645,0
5,-1.0188277472820995,0.5861141868445645,0
5,-0.9214273782292617,0.5861141868445645,0
5,-0.8240270091764237,0.5861141868445645,0
5,-0.7266266401235859,0.5861141868445645,0
5,-0.6292262710707481,0.5861141868445645,0
5,-0.5318259020179104,0.5861141868445645,0
5,-0.4344255329650726,0.5861141868445645,0
5,-0.3370251639122346,0.5861141868445645,0
5,-0.2396247948593968,0.5861141868445645,0
5,-0.14222442580655903,0.5861141868445645,1
5,-0.04482405675372103,0.5861141868445645,1
5,0.05257631229911652,0.5861141868445645,1
5,0.14997668135195452,0.5861141868445645,1
5,0.24737705040479252,0.5861141868445645,1
5,0.3447774194576301,0.5861141868445645,1
5,0.4421777885104681,0.5861141868445645,1
5,0.5395781575633061,0.5861141868445645,1
5,0.6369785266161436,0.5861141868445645,1
5,0.7343788956689816,0.5861141868445645,1
5,0.8317792647218192,0.5861141868445645,1
5,0.9291796337746572,0.5861141868445645,1
5,1.0265800028274952,0.5861141868445645,1
5,1.1239803718803327,0.5861141868445645,1
5,1.2213807409331707,0.5861141868445645,1
5,1.3187811099860083,0.5861141868445645,1
5,1.4161814790388463,0.5861141868445645,1
5,1.5135818480916843,0.5861141868445645,1
5,1.6109822171445218,0.5861141868445645,1
5,1.7083825861973598,0.5861141868445645,1
5,1.8057829552501978,0.5861141868445645,1
5,1.9031833243030354,0.5861141868445645,1
5,2.000583693355873,0.5861141868445645,1
5,2.0979840624087114,0.5861141868445645,1
5,2.195384431461549,0.5861141868445645,1
5,2.2927848005143865,0.5861141868445645,1
5,2.390185169567225,0.5861141868445645,1
5,2.4875855386200625,0.5861141868445645,1
5,2.5849859076729,0.5861141868445645,1
5,2.6823862767257385,0.5861141868445645,1
5,2.779786645778576,0.5861141868445645,1
5,2.8771870148314136,0.5861141868445645,1
5,2.974587383884252,0.5861141868445645,1
5,3.0719877529370896,0.5861141868445645,1
5,3.169388121989927,0.5861141868445645,1
5,3.2667884910427656,0.5861141868445645,1
5,3.364188860095603,0.5861141868445645,1
5,3.4615892291484407,0.5861141868445645,1
5,3.5589895982012782,0.5861141868445645,1
5,3.6563899672541167,0.5861141868445645,1
5,3.7537903363069542,0.5861141868445645,1
5,3.851190705359792,0.5861141868445645,1
5,3.9485910744126302,0.5861141868445645,1
5,4.045991443465468,0.5861141868445645,1
5,4.143391812518305,0.5861141868445645,1
5,4.240792181571144,0.5861141868445645,1
5,4.338192550623981,0.5861141868445645,1
5,4.435592919676819,0.5861141868445645,1
5,4.532993288729657,0.5861141868445645,1
5,-2.1876321759161534,0.6637797247961257,0
5,-2.0902318068633154,0.6637797247961257,0
5,-1.992831437810478,0.6637797247961257,0
5,-1.89543106875764,0.6637797247961257,0
5,-1.7980306997048021,0.6637797247961257,0
5,-1.7006303306519643,0.6637797247961257,0
5,-1.6032299615991263,0.6637797247961257,0
5,-1.5058295925462886,0.6637797247961257,0
5,-1.4084292234934508,0.6637797247961257,0
5,-1.311028854440613,0.6637797247961257,0
5,-1.2136284853877752,0.6637797247961257,0
5,-1.1162281163349372,0.6637797247961257,0
5,-1.0188277472820995,0.6637797247961257,0
5,-0.9214273782292617,0.6637797247961257,0
5,-0.8240270091764237,0.6637797247961257,0
5,-0.7266266401235859,0.6637797247961257,0
5,-0.6292262710707481,0.6637797247961257,0
5,-0.5318259020179104,0.6637797247961257,0
5,-0.4344255329650726,0.6637797247961257,0
5,-0.3370251639122346,0.6637797247961257,0
5,-0.2396247948593968,0.6637797247961257,1
5,-0.14222442580655903,0.6637797247961257,1
5,-0.04482405675372103,0.6637797247961257,1
5,0.05257631229911652,0.6637797247961257,1
5,0.14997668135195452,0.6637797247961257,1
5,0.24737705040479252,0.6637797247961257,1
5,0.3447774194576301,0.6637797247961257,1
5,0.4421777885104681,0.6637797247961257,1
5,0.5395781575633061,0.6637797247961257,1
5,0.6369785266161436,0.6637797247961257,1
5,0.7343788956689816,0.6637797247961257,1
5,0.8317792647218192,0.6637797247961257,1
5,0.9291796337746572,0.6637797247961257,1
5,1.0265800028274952,0.6637797247961257,1
5,1.1239803718803327,0.6637797247961257,1
5,1.2213807409331707,0.6637797247961257,1
5,1.3187811099860083,0.6637797247961257,1
5,1.4161814790388463,0.6637797247961257,1
5,1.5135818480916843,0.6637797247961257,1
5,1.6109822171445218,0.6637797247961257,1
5,1.7083825861973598,0.6637797247961257,1
5,1.8057829552501978,0.6637797247961257,1
5,1.9031833243030354,0.6637797247961257,1
5,2.000583693355873,0.6637797247961257,1
5,2.0979840624087114,0.6637797247961257,1
5,2.195384431461549,0.6637797247961257,1
5,2.2927848005143865,0.6637797247961257,1
5,2.390185169567225,0.6637797247961257,1
5,2.4875855386200625,0.6637797247961257,1
5,2.5849859076729,0.6637797247961257,1
5,2.6823862767257385,0.6637797247961257,1
5,2.779786645778576,0.6637797247961257,1
5,2.8771870148314136,0.6637797247961257,1
5,2.974587383884252,0.6637797247961257,1
5,3.0719877529370896,0.6637797247961257,1
5,3.169388121989927,0.6637797247961257,1
5,3.2667884910427656,0.6637797247961257,1
5,3.364188860095603,0.6637797247961257,1
5,3.4615892291484407,0.6637797247961257,1
5,3.5589895982012782,0.6637797247961257,1
5,3.6563899672541167,0.6637797247961257,1
5,3.7537903363069542,0.6637797247961257,1
5,3.851190705359792,0.6637797247961257,1
5,3.9485910744126302,0.6637797247961257,1
5,4.045991443465468,0.6637797247961257,1
5,4.143391812518305,0.6637797247961257,1
5,4.240792181571144,0.6637797247961257,1
5,4.338192550623981,0.6637797247961257,1
5,4.435592919676819,0.6637797247961257,1
5,4.532993288729657,0.6637797247961257,1
5,-2.1876321759161534,0.7414452627476864,0
5,-2.0902318068633154,0.7414452627476864,0
5,-1.992831437810478,0.7414452627476864,0
5,-1.89543106875764,0.7414452627476864,0
5,-1.7980306997048021,0.7414452627476864,0
5,-1.7006303306519643,0.7414452627476864,0
5,-1.6032299615991263,0.7414452627476864,0
5,-1.5058295925462886,0.7414452627476864,0
5,-1.4084292234934508,0.7414452627476864,0
5,-1.311028854440613,0.7414452627476864,0
5,-1.2136284853877752,0.7414452627476864,0
5,-1.1162281163349372,0.7414452627476864,0
5,-1.0188277472820995,0.7414452627476864,0
5,-0.9214273782292617,0.7414452627476864,0
5,-0.8240270091764237,0.7414452627476864,0
5,-0.7266266401235859,0.7414452627476864,0
5,-0.6292262710707481,0.7414452627476864,0
5,-0.5318259020179104,0.7414452627476864,0
5,-0.4344255329650726,0.7414452627476864,1
5,-0.3370251639122346,0.7414452627476864,1
5,-0.2396247948593968,0.7414452627476864,1
5,-0.14222442580655903,0.7414452627476864,1
5,-0.04482405675372103,0.7414452627476864,1
5,0.05257631229911652,0.7414452627476864,1
5,0.14997668135195452,0.7414452627476864,1
5,0.24737705040479252,0.7414452627476864,1
5,0.3447774194576301,0.7414452627476864,1
5,0.4421777885104681,0.7414452627476864,1
5,0.5395781575633061,0.7414452627476864,1
5,0.6369785266161436,0.7414452627476864,1
5,0.7343788956689816,0.7414452627476864,1
5,0.8317792647218192,0.7414452627476864,1
5,0.9291796337746572,0.7414452627476864,1
5,1.0265800028274952,0.7414452627476864,1
5,1.1239803718803327,0.7414452627476864,1
5,1.2213807409331707,0.7414452627476864,1
5,1.3187811099860083,0.7414452627476864,1
5,1.4161814790388463,0.7414452627476864,1
5,1.5135818480916843,0.7414452627476864,1
5,1.6109822171445218,0.7414452627476864,1
5,1.7083825861973598,0.7414452627476864,1
5,1.8057829552501978,0.7414452627476864,1
5,1.9031833243030354,0.7414452627476864,1
5,2.000583693355873,0.7414452627476864,1
5,2.0979840624087114,0.7414452627476864,1
5,2.195384431461549,0.7414452627476864,1
5,2.2927848005143865,0.7414452627476864,1
5,2.390185169567225,0.7414452627476864,1
5,2.4875855386200625,0.7414452627476864,1
5,2.5849859076729,0.7414452627476864,1
5,2.6823862767257385,0.7414452627476864,1
5,2.779786645778576,0.7414452627476864,1
5,2.8771870148314136,0.7414452627476864,1
5,2.974587383884252,0.7414452627476864,1
5,3.0719877529370896,0.7414452627476864,1
5,3.169388121989927,0.7414452627476864,1
5,3.2667884910427656,0.7414452627476864,1
5,3.364188860095603,0.7414452627476864,1
5,3.4615892291484407,0.7414452627476864,1
5,3.5589895982012782,0.7414452627476864,1
5,3.6563899672541167,0.7414452627476864,1
5,3.7537903363069542,0.7414452627476864,1
5,3.851190705359792,0.7414452627476864,1
5,3.9485910744126302,0.7414452627476864,1
5,4.045991443465468,0.7414452627476864,1
5,4.143391812518305,0.7414452627476864,1
5,4.240792181571144,0.7414452627476864,1
5,4.338192550623981,0.7414452627476864,1
5,4.435592919676819,0.7414452627476864,1
5,4.532993288729657,0.7414452627476864,1
5,-2.1876321759161534,0.8191108006992476,0
5,-2.0902318068633154,0.8191108006992476,0
5,-1.992831437810478,0.8191108006992476,0
5,-1.89543106875764,0.8191108006992476,0
5,-1.7980306997048021,0.8191108006992476,0
5,-1.7006303306519643,0.8191108006992476,0
5,-1.6032299615991263,0.8191108006992476,0
5,-1.5058295925462886,0.8191108006992476,0
5,-1.4084292234934508,0.8191108006992476,0
5,-1.311028854440613,0.8191108006992476,0
5,-1.2136284853877752,0.8191108006992476,0
5,-1.1162281163349372,0.8191108006992476,0
5,-1.0188277472820995,0.8191108006992476,0
5,-0.9214273782292617,0.8191108006992476,0
5,-0.8240270091764237,0.8191108006992476,0
5,-0.7266266401235859,0.8191108006992476,0
5,-0.6292262710707481,0.8191108006992476,0
5,-0.5318259020179104,0.8191108006992476,1
5,-0.4344255329650726,0.8191108006992476,1
5,-0.3370251639122346,0.8191108006992476,1
5,-0.2396247948593968,0.8191108006992476,1
5,-0.14222442580655903,0.8191108006992476,1
5,-0.04482405675372103,0.8191108006992476,1
5,0.05257631229911652,0.8191108006992476,1
5,0.14997668135195452,0.8191108006992476,1
5,0.24737705040479252,0.8191108006992476,1
5,0.3447774194576301,0.8191108006992476,1
5,0.4421777885104681,0.8191108006992476,1
5,0.5395781575633061,0.8191108006992476,1
5,0.6369785266161436,0.8191108006992476,1
5,0.7343788956689816,0.8191108006992476,1
5,0.8317792647218192,0.8191108006992476,1
5,0.9291796337746572,0.8191108006992476,1
5,1.0265800028274952,0.8191108006992476,1
5,1.1239803718803327,0.8191108006992476,1
5,1.2213807409331707,0.8191108006992476,1
5,1.3187811099860083,0.8191108006992476,1
5,1.4161814790388463,0.8191108006992476,1
5,1.5135818480916843,0.8191108006992476,1
5,1.6109822171445218,0.8191108006992476,1
5,1.7083825861973598,0.8191108006992476,1
5,1.8057829552501978,0.8191108006992476,1
5,1.9031833243030354,0.8191108006992476,1
5,2.000583693355873,0.8191108006992476,1
5,2.0979840624087114,0.8191108006992476,1
5,2.195384431461549,0.8191108006992476,1
5,2.2927848005143865,0.8191108006992476,1
5,2.390185169567225,0.8191108006992476,1
5,2.4875855386200625,0.8191108006992476,1
5,2.5849859076729,0.8191108006992476,1
5,2.6823862767257385,0.8191108006992476,1
5,2.779786645778576,0.8191108006992476,1
5,2.8771870148314136,0.8191108006992476,1
5,2.974587383884252,0.8191108006992476,1
5,3.0719877529370896,0.8191108006992476,1
5,3.169388121989927,0.8191108006992476,1
5,3.2667884910427656,0.8191108006992476,1
5,3.364188860095603,0.8191108006992476,1
5,3.4615892291484407,0.8191108006992476,1
5,3.5589895982012782,0.8191108006992476,1
5,3.6563899672541167,0.8191108006992476,1
5,3.7537903363069542,0.8191108006992476,1
5,3.851190705359792,0.8191108006992476,1
5,3.9485910744126302,0.8191108006992476,1
5,4.045991443465468,0.8191108006992476,1
5,4.143391812518305,0.8191108006992476,1
5,4.240792181571144,0.8191108006992476,1
5,4.338192550623981,0.8191108006992476,1
5,4.435592919676819,0.8191108006992476,1
5,4.532993288729657,0.8191108006992476,1
5,-2.1876321759161534,0.8967763386508087,0
5,-2.0902318068633154,0.8967763386508087,0
5,-1.992831437810478,0.8967763386508087,0
5,-1.89543106875764,0.8967763386508087,0
5,-1.7980306997048021,0.8967763386508087,0
5,-1.7006303306519643,0.8967763386508087,0
5,-1.6032299615991263,0.8967763386508087,0
5,-1.5058295925462886,0.8967763386508087,0
5,-1.4084292234934508,0.8967763386508087,0
5,-1.311028854440613,0.8967763386508087,0
5,-1.2136284853877752,0.8967763386508087,0
5,-1.1162281163349372,0.8967763386508087,0
5,-1.0188277472820995,0.8967763386508087,0
5,-0.9214273782292617,0.8967763386508087,0
5,-0.8240270091764237,0.8967763386508087,0
5,-0.7266266401235859,0.8967763386508087,0
5,-0.6292262710707481,0.8967763386508087,1
5,-0.5318259020179104,0.8967763386508087,1
5,-0.4344255329650726,0.8967763386508087,1
5,-0.3370251639122346,0.8967763386508087,1
5,-0.2396247948593968,0.8967763386508087,1
5,-0.14222442580655903,0.8967763386508087,1
5,-0.04482405675372103,0.8967763386508087,1
5,0.05257631229911652,0.8967763386508087,1
5,0.14997668135195452,0.8967763386508087,1
5,0.24737705040479252,0.8967763386508087,1
5,0.3447774194576301,0.8967763386508087,1
5,0.4421777885104681,0.8967763386508087,1
5,0.5395781575633061,0.8967763386508087,1
5,0.6369785266161436,0.8967763386508087,1
5,0.7343788956689816,0.8967763386508087,1
5,0.8317792647218192,0.8967763386508087,1
5,0.9291796337746572,0.8967763386508087,1
5,1.0265800028274952,0.8967763386508087,1
5,1.1239803718803327,0.8967763386508087,1
5,1.2213807409331707,0.8967763386508087,1
5,1.3187811099860083,0.8967763386508087,1
5,1.4161814790388463,0.8967763386508087,1
5,1.5135818480916843,0.8967763386508087,1
5,1.6109822171445218,0.8967763386508087,1
5,1.7083825861973598,0.8967763386508087,1
5,1.8057829552501978,0.8967763386508087,1
5,1.9031833243030354,0.8967763386508087,1
5,2.000583693355873,0.8967763386508087,1
5,2.0979840624087114,0.8967763386508087,1
5,2.195384431461549,0.8967763386508087,1
5,2.2927848005143865,0.8967763386508087,1
5,2.390185169567225,0.8967763386508087,1
5,2.4875855386200625,0.8967763386508087,1
5,2.5849859076729,0.8967763386508087,1
5,2.6823862767257385,0.8967763386508087,1
5,2.779786645778576,0.8967763386508087,1
5,2.8771870148314136,0.8967763386508087,1
5,2.974587383884252,0.8967763386508087,1
5,3.0719877529370896,0.8967763386508087,1
5,3.169388121989927,0.8967763386508087,1
5,3.2667884910427656,0.8967763386508087,1
5,3.364188860095603,0.8967763386508087,1
5,3.4615892291484407,0.8967763386508087,1
5,3.5589895982012782,0.8967763386508087,1
5,3.6563899672541167,0.8967763386508087,1
5,3.7537903363069542,0.8967763386508087,1
5,3.851190705359792,0.8967763386508087,1
5,3.9485910744126302,0.8967763386508087,1
5,4.045991443465468,0.8967763386508087,1
5,4.143391812518305,0.8967763386508087,1
5,4.240792181571144,0.8967763386508087,1
5,4.338192550623981,0.8967763386508087,1
5,4.435592919676819,0.8967763386508087,1
5,4.532993288729657,0.8967763386508087,1
5,-2.1876321759161534,0.9744418766023695,0
5,-2.0902318068633154,0.9744418766023695,0
5,-1.992831437810478,0.9744418766023695,0
5,-1.89543106875764,0.9744418766023695,0
5,-1.7980306997048021,0.9744418766023695,0
5,-1.7006303306519643,0.9744418766023695,0
5,-1.6032299615991263,0.9744418766023695,0
5,-1.5058295925462886,0.9744418766023695,0
5,-1.4084292234934508,0.9744418766023695,0
5,-1.311028854440613,0.9744418766023695,0
5,-1.2136284853877752,0.9744418766023695,0
5,-1.1162281163349372,0.9744418766023695,0
5,-1.0188277472820995,0.9744418766023695,0
5,-0.9214273782292617,0.9744418766023695,0
5,-0.8240270091764237,0.9744418766023695,0
5,-0.7266266401235859,0.9744418766023695,0
5,-0.6292262710707481,0.9744418766023695,1
5,-0.5318259020179104,0.9744418766023695,1
5,-0.4344255329650726,0.9744418766023695,1
5,-0.3370251639122346,0.9744418766023695,1
5,-0.2396247948593968,0.9744418766023695,1
5,-0.14222442580655903,0.9744418766023695,1
5,-0.04482405675372103,0.9744418766023695,1
5,0.05257631229911652,0.9744418766023695,1
5,0.14997668135195452,0.9744418766023695,1
5,0.24737705040479252,0.9744418766023695,1
5,0.3447774194576301,0.9744418766023695,1
5,0.4421777885104681,0.9744418766023695,1
5,0.5395781575633061,0.9744418766023695,1
5,0.6369785266161436,0.9744418766023695,1
5,0.7343788956689816,0.9744418766023695,1
5,0.8317792647218192,0.9744418766023695,1
5,0.9291796337746572,0.9744418766023695,1
5,1.0265800028274952,0.9744418766023695,1
5,1.1239803718803327,0.9744418766023695,1
5,1.2213807409331707,0.9744418766023695,1
5,1.3187811099860083,0.9744418766023695,1
5,1.4161814790388463,0.9744418766023695,1
5,1.5135818480916843,0.9744418766023695,1
5,1.6109822171445218,0.9744418766023695,1
5,1.7083825861973598,0.9744418766023695,1
5,1.8057829552501978,0.9744418766023695,1
5,1.9031833243030354,0.9744418766023695,1
5,2.000583693355873,0.9744418766023695,1
5,2.0979840624087114,0.9744418766023695,1
5,2.195384431461549,0.9744418766023695,1
5,2.2927848005143865,0.9744418766023695,1
5,2.390185169567225,0.9744418766023695,1
5,2.4875855386200625,0.9744418766023695,1
5,2.5849859076729,0.9744418766023695,1
5,2.6823862767257385,0.9744418766023695,1
5,2.779786645778576,0.9744418766023695,1
5,2.8771870148314136,0.9744418766023695,1
5,2.974587383884252,0.9744418766023695,1
5,3.0719877529370896,0.9744418766023695,1
5,3.169388121989927,0.9744418766023695,1
5,3.2667884910427656,0.9744418766023695,1
5,3.364188860095603,0.9744418766023695,1
5,3.4615892291484407,0.9744418766023695,1
5,3.5589895982012782,0.9744418766023695,1
5,3.6563899672541167,0.9744418766023695,1
5,3.7537903363069542,0.9744418766023695,1
5,3.851190705359792,0.9744418766023695,1
5,3.9485910744126302,0.9744418766023695,1
5,4.045991443465468,0.9744418766023695,1
5,4.143391812518305,0.9744418766023695,1
5,4.240792181571144,0.9744418766023695,1
5,4.338192550623981,0.9744418766023695,1
5,4.435592919676819,0.9744418766023695,1
5,4.532993288729657,0.9744418766023695,1
5,-2.1876321759161534,1.0521074145539306,0
5,-2.0902318068633154,1.0521074145539306,0
5,-1.992831437810478,1.0521074145539306,0
5,-1.89543106875764,1.0521074145539306,0
5,-1.7980306997048021,1.0521074145539306,0
5,-1.7006303306519643,1.0521074145539306,0
5,-1.6032299615991263,1.0521074145539306,0
5,-1.5058295925462886,1.0521074145539306,0
5,-1.4084292234934508,1.0521074145539306,0
5,-1.311028854440613,1.0521074145539306,0
5,-1.2136284853877752,1.0521074145539306,0
5,-1.1162281163349372,1.0521074145539306,0
5,-1.0188277472820995,1.0521074145539306,0
5,-0.9214273782292617,1.0521074145539306,0
5,-0.8240270091764237,1.0521074145539306,0
5,-0.7266266401235859,1.0521074145539306,0
5,-0.6292262710707481,1.0521074145539306,1
5,-0.5318259020179104,1.0521074145539306,1
5,-0.4344255329650726,1.0521074145539306,1
5,-0.3370251639122346,1.0521074145539306,1
5,-0.2396247948593968,1.0521074145539306,1
5,-0.14222442580655903,1.0521074145539306,1
5,-0.04482405675372103,1.0521074145539306,1
5,0.05257631229911652,1.0521074145539306,1
5,0.14997668135195452,1.0521074145539306,1
5,0.24737705040479252,1.0521074145539306,1
5,0.3447774194576301,1.0521074145539306,1
5,0.4421777885104681,1.0521074145539306,1
5,0.5395781575633061,1.0521074145539306,1
5,0.6369785266161436,1.0521074145539306,1
5,0.7343788956689816,1.0521074145539306,1
5,0.8317792647218192,1.0521074145539306,1
5,0.9291796337746572,1.0521074145539306,1
5,1.0265800028274952,1.0521074145539306,1
5,1.1239803718803327,1.0521074145539306,1
5,1.2213807409331707,1.0521074145539306,1
5,1.3187811099860083,1.0521074145539306,1
5,1.4161814790388463,1.0521074145539306,1
5,1.5135818480916843,1.0521074145539306,1
5,1.6109822171445218,1.0521074145539306,1
5,1.7083825861973598,1.0521074145539306,1
5,1.8057829552501978,1.0521074145539306,1
5,1.9031833243030354,1.0521074145539306,1
5,2.000583693355873,1.0521074145539306,1
5,2.0979840624087114,1.0521074145539306,1
5,2.195384431461549,1.0521074145539306,1
5,2.2927848005143865,1.0521074145539306,1
5,2.390185169567225,1.0521074145539306,1
5,2.4875855386200625,1.0521074145539306,1
5,2.5849859076729,1.0521074145539306,1
5,2.6823862767257385,1.0521074145539306,1
5,2.779786645778576,1.0521074145539306,1
5,2.8771870148314136,1.0521074145539306,1
5,2.974587383884252,1.0521074145539306,1
5,3.0719877529370896,1.0521074145539306,1
5,3.169388121989927,1.0521074145539306,1
5,3.2667884910427656,1.0521074145539306,1
5,3.364188860095603,1.0521074145539306,1
5,3.4615892291484407,1.0521074145539306,1
5,3.5589895982012782,1.0521074145539306,1
5,3.6563899672541167,1.0521074145539306,1
5,3.7537903363069542,1.0521074145539306,1
5,3.851190705359792,1.0521074145539306,1
5,3.9485910744126302,1.0521074145539306,1
5,4.045991443465468,1.0521074145539306,1
5,4.143391812518305,1.0521074145539306,1
5,4.240792181571144,1.0521074145539306,1
5,4.338192550623981,1.0521074145539306,1
5,4.435592919676819,1.0521074145539306,1
5,4.532993288729657,1.0521074145539306,1
5,-2.1876321759161534,1.1297729525054918,0
5,-2.0902318068633154,1.1297729525054918,0
5,-1.992831437810478,1.1297729525054918,0
5,-1.89543106875764,1.1297729525054918,0
5,-1.7980306997048021,1.1297729525054918,0
5,-1.7006303306519643,1.1297729525054918,0
5,-1.6032299615991263,1.1297729525054918,0
5,-1.5058295925462886,1.1297729525054918,0
5,-1.4084292234934508,1.1297729525054918,0
5,-1.311028854440613,1.1297729525054918,0
5,-1.2136284853877752,1.1297729525054918,0
5,-1.1162281163349372,1.1297729525054918,0
5,-1.0188277472820995,1.1297729525054918,0
5,-0.9214273782292617,1.1297729525054918,0
5,-0.8240270091764237,1.1297729525054918,0
5,-0.7266266401235859,1.1297729525054918,0
5,-0.6292262710707481,1.1297729525054918,1
5,-0.5318259020179104,1.1297729525054918,1
5,-0.4344255329650726,1.1297729525054918,1
5,-0.3370251639122346,1.1297729525054918,1
5,-0.2396247948593968,1.1297729525054918,1
5,-0.14222442580655903,1.1297729525054918,1
5,-0.04482405675372103,1.1297729525054918,1
5,0.05257631229911652,1.1297729525054918,1
5,0.14997668135195452,1.1297729525054918,1
5,0.24737705040479252,1.1297729525054918,1
5,0.3447774194576301,1.1297729525054918,1
5,0.4421777885104681,1.1297729525054918,1
5,0.5395781575633061,1.1297729525054918,1
5,0.6369785266161436,1.1297729525054918,1
5,0.7343788956689816,1.1297729525054918,1
5,0.8317792647218192,1.1297729525054918,1
5,0.9291796337746572,1.1297729525054918,1
5,1.0265800028274952,1.1297729525054918,1
5,1.1239803718803327,1.1297729525054918,1
5,1.2213807409331707,1.1297729525054918,1
5,1.3187811099860083,1.1297729525054918,1
5,1.4161814790388463,1.1297729525054918,1
5,1.5135818480916843,1.1297729525054918,1
5,1.6109822171445218,1.1297729525054918,1
5,1.7083825861973598,1.1297729525054918,1
5,1.8057829552501978,1.1297729525054918,1
5,1.9031833243030354,1.1297729525054918,1
5,2.000583693355873,1.1297729525054918,1
5,2.0979840624087114,1.1297729525054918,1
5,2.195384431461549,1.1297729525054918,1
5,2.2927848005143865,1.1297729525054918,1
5,2.390185169567225,1.1297729525054918,1
5,2.4875855386200625,1.1297729525054918,1
5,2.5849859076729,1.1297729525054918,1
5,2.6823862767257385,1.1297729525054918,1
5,2.779786645778576,1.1297729525054918,1
5,2.8771870148314136,1.1297729525054918,1
5,2.974587383884252,1.1297729525054918,1
5,3.0719877529370896,1.1297729525054918,1
5,3.169388121989927,1.1297729525054918,1
5,3.2667884910427656,1.1297729525054918,1
5,3.364188860095603,1.1297729525054918,1
5,3.4615892291484407,1.1297729525054918,1
5,3.5589895982012782,1.1297729525054918,1
5,3.6563899672541167,1.1297729525054918,1
5,3.7537903363069542,1.1297729525054918,1
5,3.851190705359792,1.1297729525054918,1
5,3.9485910744126302,1.1297729525054918,1
5,4.045991443465468,1.1297729525054918,1
5,4.143391812518305,1.1297729525054918,1
5,4.240792181571144,1.1297729525054918,1
5,4.338192550623981,1.1297729525054918,1
5,4.435592919676819,1.1297729525054918,1
5,4.532993288729657,1.1297729525054918,1
5,-2.1876321759161534,1.207438490457053,0
5,-2.0902318068633154,1.207438490457053,0
5,-1.992831437810478,1.207438490457053,0
5,-1.89543106875764,1.207438490457053,0
5,-1.7980306997048021,1.207438490457053,0
5,-1.7006303306519643,1.207438490457053,0
5,-1.6032299615991263,1.207438490457053,0
5,-1.5058295925462886,1.207438490457053,0
5,-1.4084292234934508,1.207438490457053,0
5,-1.311028854440613,1.207438490457053,0
5,-1.2136284853877752,1.207438490457053,0
5,-1.1162281163349372,1.207438490457053,0
5,-1.0188277472820995,1.207438490457053,0
5,-0.9214273782292617,1.207438490457053,0
5,-0.8240270091764237,1.207438490457053,0
5,-0.7266266401235859,1.207438490457053,1
5,-0.6292262710707481,1.207438490457053,1
5,-0.5318259020179104,1.207438490457053,1
5,-0.4344255329650726,1.207438490457053,1
5,-0.3370251639122346,1.207438490457053,1
5,-0.2396247948593968,1.207438490457053,1
5,-0.14222442580655903,1.207438490457053,1
5,-0.04482405675372103,1.207438490457053,1
5,0.05257631229911652,1.207438490457053,1
5,0.14997668135195452,1.207438490457053,1
5,0.24737705040479252,1.207438490457053,1
5,0.3447774194576301,1.207438490457053,1
5,0.4421777885104681,1.207438490457053,1
5,0.5395781575633061,1.207438490457053,1
5,0.6369785266161436,1.207438490457053,1
5,0.7343788956689816,1.207438490457053,1
5,0.8317792647218192,1.207438490457053,1
5,0.9291796337746572,1.207438490457053,1
5,1.0265800028274952,1.207438490457053,1
5,1.1239803718803327,1.207438490457053,1
5,1.2213807409331707,1.207438490457053,1
5,1.3187811099860083,1.207438490457053,1
5,1.4161814790388463,1.207438490457053,1
5,1.5135818480916843,1.207438490457053,1
5,1.6109822171445218,1.207438490457053,1
5,1.7083825861973598,1.207438490457053,1
5,1.8057829552501978,1.207438490457053,1
5,1.9031833243030354,1.207438490457053,1
5,2.000583693355873,1.207438490457053,1
5,2.0979840624087114,1.207438490457053,1
5,2.195384431461549,1.207438490457053,1
5,2.2927848005143865,1.207438490457053,1
5,2.390185169567225,1.207438490457053,1
5,2.4875855386200625,1.207438490457053,1
5,2.5849859076729,1.207438490457053,1
5,2.6823862767257385,1.207438490457053,1
5,2.779786645778576,1.207438490457053,1
5,2.8771870148314136,1.207438490457053,1
5,2.974587383884252,1.207438490457053,1
5,3.0719877529370896,1.207438490457053,1
5,3.169388121989927,1.207438490457053,1
5,3.2667884910427656,1.207438490457053,1
5,3.364188860095603,1.207438490457053,1
5,3.4615892291484407,1.207438490457053,1
5,3.5589895982012782,1.207438490457053,1
5,3.6563899672541167,1.207438490457053,1
5,3.7537903363069542,1.207438490457053,1
5,3.851190705359792,1.207438490457053,1
5,3.9485910744126302,1.207438490457053,1
5,4.045991443465468,1.207438490457053,1
5,4.143391812518305,1.207438490457053,1
5,4.240792181571144,1.207438490457053,1
5,4.338192550623981,1.207438490457053,1
5,4.435592919676819,1.207438490457053,1
5,4.532993288729657,1.207438490457053,1
5,-2.1876321759161534,1.2851040284086137,0
5,-2.0902318068633154,1.2851040284086137,0
5,-1.992831437810478,1.2851040284086137,0
5,-1.89543106875764,1.2851040284086137,0
5,-1.7980306997048021,1.2851040284086137,0
5,-1.7006303306519643,1.2851040284086137,0
5,-1.6032299615991263,1.2851040284086137,0
5,-1.5058295925462886,1.2851040284086137,0
5,-1.4084292234934508,1.2851040284086137,0
5,-1.311028854440613,1.2851040284086137,0
5,-1.2136284853877752,1.2851040284086137,0
5,-1.1162281163349372,1.2851040284086137,0
5,-1.0188277472820995,1.2851040284086137,0
5,-0.9214273782292617,1.2851040284086137,0
5,-0.8240270091764237,1.2851040284086137,1
5,-0.7266266401235859,1.2851040284086137,1
5,-0.6292262710707481,1.2851040284086137,1
5,-0.5318259020179104,1.2851040284086137,1
5,-0.4344255329650726,1.2851040284086137,1
5,-0.3370251639122346,1.2851040284086137,1
5,-0.2396247948593968,1.2851040284086137,1
5,-0.14222442580655903,1.2851040284086137,1
5,-0.04482405675372103,1.2851040284086137,1
5,0.05257631229911652,1.2851040284086137,1
5,0.14997668135195452,1.2851040284086137,1
5,0.24737705040479252,1.2851040284086137,1
5,0.3447774194576301,1.2851040284086137,1
5,0.4421777885104681,1.2851040284086137,1
5,0.5395781575633061,1.2851040284086137,1
5,0.6369785266161436,1.2851040284086137,1
5,0.7343788956689816,1.2851040284086137,1
5,0.8317792647218192,1.2851040284086137,1
5,0.9291796337746572,1.2851040284086137,1
5,1.0265800028274952,1.2851040284086137,1
5,1.1239803718803327,1.2851040284086137,1
5,1.2213807409331707,1.2851040284086137,1
5,1.3187811099860083,1.2851040284086137,1
5,1.4161814790388463,1.2851040284086137,1
5,1.5135818480916843,1.2851040284086137,1
5,1.6109822171445218,1.2851040284086137,1
5,1.7083825861973598,1.2851040284086137,1
5,1.8057829552501978,1.2851040284086137,1
5,1.9031833243030354,1.2851040284086137,1
5,2.000583693355873,1.2851040284086137,1
5,2.0979840624087114,1.2851040284086137,1
5,2.195384431461549,1.2851040284086137,1
5,2.2927848005143865,1.2851040284086137,1
5,2.390185169567225,1.2851040284086137,1
5,2.4875855386200625,1.2851040284086137,1
5,2.5849859076729,1.2851040284086137,1
5,2.6823862767257385,1.2851040284086137,1
5,2.779786645778576,1.2851040284086137,1
5,2.8771870148314136,1.2851040284086137,1
5,2.974587383884252,1.2851040284086137,1
5,3.0719877529370896,1.2851040284086137,1
5,3.169388121989927,1.2851040284086137,1
5,3.2667884910427656,1.2851040284086137,1
5,3.364188860095603,1.2851040284086137,1
5,3.4615892291484407,1.2851040284086137,1
5,3.5589895982012782,1.2851040284086137,1
5,3.6563899672541167,1.2851040284086137,1
5,3.7537903363069542,1.2851040284086137,1
5,3.851190705359792,1.2851040284086137,1
5,3.9485910744126302,1.2851040284086137,1
5,4.045991443465468,1.2851040284086137,1
5,4.143391812518305,1.2851040284086137,1
5,4.240792181571144,1.2851040284086137,1
5,4.338192550623981,1.2851040284086137,1
5,4.435592919676819,1.2851040284086137,1
5,4.532993288729657,1.2851040284086137,1
5,-2.1876321759161534,1.3627695663601749,0
5,-2.0902318068633154,1.3627695663601749,0
5,-1.992831437810478,1.3627695663601749,0
5,-1.89543106875764,1.3627695663601749,0
5,-1.7980306997048021,1.3627695663601749,0
5,-1.7006303306519643,1.3627695663601749,0
5,-1.6032299615991263,1.3627695663601749,0
5,-1.5058295925462886,1.3627695663601749,0
5,-1.4084292234934508,1.3627695663601749,0
5,-1.311028854440613,1.3627695663601749,0
5,-1.2136284853877752,1.3627695663601749,0
5,-1.1162281163349372,1.3627695663601749,0
5,-1.0188277472820995,1.3627695663601749,0
5,-0.9214273782292617,1.3627695663601749,1
5,-0.8240270091764237,1.3627695663601749,1
5,-0.7266266401235859,1.3627695663601749,1
5,-0.6292262710707481,1.3627695663601749,1
5,-0.5318259020179104,1.3627695663601749,1
5,-0.4344255329650726,1.3627695663601749,1
5,-0.3370251639122346,1.3627695663601749,1
5,-0.2396247948593968,1.3627695663601749,1
5,-0.14222442580655903,1.3627695663601749,1
5,-0.04482405675372103,1.3627695663601749,1
5,0.05257631229911652,1.3627695663601749,1
5,0.14997668135195452,1.3627695663601749,1
5,0.24737705040479252,1.3627695663601749,1
5,0.3447774194576301,1.3627695663601749,1
5,0.4421777885104681,1.3627695663601749,1
5,0.5395781575633061,1.3627695663601749,1
5,0.6369785266161436,1.3627695663601749,1
5,0.7343788956689816,1.3627695663601749,1
5,0.8317792647218192,1.3627695663601749,1
5,0.9291796337746572,1.3627695663601749,1
5,1.0265800028274952,1.3627695663601749,1
5,1.1239803718803327,1.3627695663601749,1
5,1.2213807409331707,1.3627695663601749,1
5,1.3187811099860083,1.3627695663601749,1
5,1.4161814790388463,1.3627695663601749,1
5,1.5135818480916843,1.3627695663601749,1
5,1.6109822171445218,1.3627695663601749,1
5,1.7083825861973598,1.3627695663601749,1
5,1.8057829552501978,1.3627695663601749,1
5,1.9031833243030354,1.3627695663601749,1
5,2.000583693355873,1.3627695663601749,1
5,2.0979840624087114,1.3627695663601749,1
5,2.195384431461549,1.3627695663601749,1
5,2.2927848005143865,1.3627695663601749,1
5,2.390185169567225,1.3627695663601749,1
5,2.4875855386200625,1.3627695663601749,1
5,2.5849859076729,1.3627695663601749,1
5,2.6823862767257385,1.3627695663601749,1
5,2.779786645778576,1.3627695663601749,1
5,2.8771870148314136,1.3627695663601749,1
5,2.974587383884252,1.3627695663601749,1
5,3.0719877529370896,1.3627695663601749,1
5,3.169388121989927,1.3627695663601749,1
5,3.2667884910427656,1.3627695663601749,1
5,3.364188860095603,1.3627695663601749,1
5,3.4615892291484407,1.3627695663601749,1
5,3.5589895982012782,1.3627695663601749,1
5,3.6563899672541167,1.3627695663601749,1
5,3.7537903363069542,1.3627695663601749,1
5,3.851190705359792,1.3627695663601749,1
5,3.9485910744126302,1.3627695663601749,1
5,4.045991443465468,1.3627695663601749,1
5,4.143391812518305,1.3627695663601749,1
5,4.240792181571144,1.3627695663601749,1
5,4.338192550623981,1.3627695663601749,1
5,4.435592919676819,1.3627695663601749,1
5,4.532993288729657,1.3627695663601749,1
5,-2.1876321759161534,1.440435104311736,0
5,-2.0902318068633154,1.440435104311736,0
5,-1.992831437810478,1.440435104311736,0
5,-1.89543106875764,1.440435104311736,0
5,-1.7980306997048021,1.440435104311736,0
5,-1.7006303306519643,1.440435104311736,0
5,-1.6032299615991263,1.440435104311736,0
5,-1.5058295925462886,1.440435104311736,0
5,-1.4084292234934508,1.440435104311736,0
5,-1.311028854440613,1.440435104311736,0
5,-1.2136284853877752,1.440435104311736,0
5,-1.1162281163349372,1.440435104311736,0
5,-1.0188277472820995,1.440435104311736,1
5,-0.9214273782292617,1.440435104311736,1
5,-0.8240270091764237,1.440435104311736,1
5,-0.7266266401235859,1.440435104311736,1
5,-0.6292262710707481,1.440435104311736,1
5,-0.5318259020179104,1.440435104311736,1
5,-0.4344255329650726,1.440435104311736,1
5,-0.3370251639122346,1.440435104311736,1
5,-0.2396247948593968,1.440435104311736,1
5,-0.14222442580655903,1.440435104311736,1
5,-0.04482405675372103,1.440435104311736,1
5,0.05257631229911652,1.440435104311736,1
5,0.14997668135195452,1.440435104311736,1
5,0.24737705040479252,1.440435104311736,1
5,0.3447774194576301,1.440435104311736,1
5,0.4421777885104681,1.440435104311736,1
5,0.5395781575633061,1.440435104311736,1
5,0.6369785266161436,1.440435104311736,1
5,0.7343788956689816,1.440435104311736,1
5,0.8317792647218192,1.440435104311736,1
5,0.9291796337746572,1.440435104311736,1
5,1.0265800028274952,1.440435104311736,1
5,1.1239803718803327,1.440435104311736,1
5,1.2213807409331707,1.440435104311736,1
5,1.3187811099860083,1.440435104311736,1
5,1.4161814790388463,1.440435104311736,1
5,1.5135818480916843,1.440435104311736,1
5,1.6109822171445218,1.440435104311736,1
5,1.7083825861973598,1.440435104311736,1
5,1.8057829552501978,1.440435104311736,1
5,1.9031833243030354,1.440435104311736,1
5,2.000583693355873,1.440435104311736,1
5,2.0979840624087114,1.440435104311736,1
5,2.195384431461549,1.440435104311736,1
5,2.2927848005143865,1.440435104311736,1
5,2.390185169567225,1.440435104311736,1
5,2.4875855386200625,1.440435104311736,1
5,2.5849859076729,1.440435104311736,1
5,2.6823862767257385,1.440435104311736,1
5,2.779786645778576,1.440435104311736,1
5,2.8771870148314136,1.440435104311736,1
5,2.974587383884252,1.440435104311736,1
5,3.0719877529370896,1.440435104311736,1
5,3.169388121989927,1.440435104311736,1
5,3.2667884910427656,1.440435104311736,1
5,3.364188860095603,1.440435104311736,1
5,3.4615892291484407,1.440435104311736,1
5,3.5589895982012782,1.440435104311736,1
5,3.6563899672541167,1.440435104311736,1
5,3.7537903363069542,1.440435104311736,1
5,3.851190705359792,1.440435104311736,1
5,3.9485910744126302,1.440435104311736,1
5,4.045991443465468,1.440435104311736,1
5,4.143391812518305,1.440435104311736,1
5,4.240792181571144,1.440435104311736,1
5,4.338192550623981,1.440435104311736,1
5,4.435592919676819,1.440435104311736,1
5,4.532993288729657,1.440435104311736,1
5,-2.1876321759161534,1.5181006422632968,0
5,-2.0902318068633154,1.5181006422632968,0
5,-1.992831437810478,1.5181006422632968,0
5,-1.89543106875764,1.5181006422632968,0
5,-1.7980306997048021,1.5181006422632968,0
5,-1.7006303306519643,1.5181006422632968,0
5,-1.6032299615991263,1.5181006422632968,0
5,-1.5058295925462886,1.5181006422632968,0
5,-1.4084292234934508,1.5181006422632968,0
5,-1.311028854440613,1.5181006422632968,0
5,-1.2136284853877752,1.5181006422632968,1
5,-1.1162281163349372,1.5181006422632968,1
5,-1.0188277472820995,1.5181006422632968,1
5,-0.9214273782292617,1.5181006422632968,1
5,-0.8240270091764237,1.5181006422632968,1
5,-0.7266266401235859,1.5181006422632968,1
5,-0.6292262710707481,1.5181006422632968,1
5,-0.5318259020179104,1.5181006422632968,1
5,-0.4344255329650726,1.5181006422632968,1
5,-0.3370251639122346,1.5181006422632968,1
5,-0.2396247948593968,1.5181006422632968,1
5,-0.14222442580655903,1.5181006422632968,1
5,-0.04482405675372103,1.5181006422632968,1
5,0.05257631229911652,1.5181006422632968,1
5,0.14997668135195452,1.5181006422632968,1
5,0.24737705040479252,1.5181006422632968,1
5,0.3447774194576301,1.5181006422632968,1
5,0.4421777885104681,1.5181006422632968,1
5,0.5395781575633061,1.5181006422632968,1
5,0.6369785266161436,1.5181006422632968,1
5,0.7343788956689816,1.5181006422632968,1
5,0.8317792647218192,1.5181006422632968,1
5,0.9291796337746572,1.5181006422632968,1
5,1.0265800028274952,1.5181006422632968,1
5,1.1239803718803327,1.5181006422632968,1
5,1.2213807409331707,1.5181006422632968,1
5,1.3187811099860083,1.5181006422632968,1
5,1.4161814790388463,1.5181006422632968,1
5,1.5135818480916843,1.5181006422632968,1
5,1.6109822171445218,1.5181006422632968,1
5,1.7083825861973598,1.5181006422632968,1
5,1.8057829552501978,1.5181006422632968,1
5,1.9031833243030354,1.5181006422632968,1
5,2.000583693355873,1.5181006422632968,1
5,2.0979840624087114,1.5181006422632968,1
5,2.195384431461549,1.5181006422632968,1
5,2.2927848005143865,1.5181006422632968,1
5,2.390185169567225,1.5181006422632968,1
5,2.4875855386200625,1.5181006422632968,1
5,2.5849859076729,1.5181006422632968,1
5,2.6823862767257385,1.5181006422632968,1
5,2.779786645778576,1.5181006422632968,1
5,2.8771870148314136,1.5181006422632968,1
5,2.974587383884252,1.5181006422632968,1
5,3.0719877529370896,1.5181006422632968,1
5,3.169388121989927,1.5181006422632968,1
5,3.2667884910427656,1.5181006422632968,1
5,3.364188860095603,1.5181006422632968,1
5,3.4615892291484407,1.5181006422632968,1
5,3.5589895982012782,1.5181006422632968,1
5,3.6563899672541167,1.5181006422632968,1
5,3.7537903363069542,1.5181006422632968,1
5,3.851190705359792,1.5181006422632968,1
5,3.9485910744126302,1.5181006422632968,1
5,4.045991443465468,1.5181006422632968,1
5,4.143391812518305,1.5181006422632968,1
5,4.240792181571144,1.5181006422632968,1
5,4.338192550623981,1.5181006422632968,1
5,4.435592919676819,1.5181006422632968,1
5,4.532993288729657,1.5181006422632968,1
5,-2.1876321759161534,1.595766180214858,0
5,-2.0902318068633154,1.595766180214858,0
5,-1.992831437810478,1.595766180214858,0
5,-1.89543106875764,1.595766180214858,0
5,-1.7980306997048021,1.595766180214858,0
5,-1.7006303306519643,1.595766180214858,0
5,-1.6032299615991263,1.595766180214858,0
5,-1.5058295925462886,1.595766180214858,0
5,-1.4084292234934508,1.595766180214858,0
5,-1.311028854440613,1.595766180214858,1
5,-1.2136284853877752,1.595766180214858,1
5,-1.1162281163349372,1.595766180214858,1
5,-1.0188277472820995,1.595766180214858,1
5,-0.9214273782292617,1.595766180214858,1
5,-0.8240270091764237,1.595766180214858,1
5,-0.7266266401235859,1.595766180214858,1
5,-0.6292262710707481,1.595766180214858,1
5,-0.5318259020179104,1.595766180214858,1
5,-0.4344255329650726,1.595766180214858,1
5,-0.3370251639122346,1.595766180214858,1
5,-0.2396247948593968,1.595766180214858,1
5,-0.14222442580655903,1.595766180214858,1
5,-0.04482405675372103,1.595766180214858,1
5,0.05257631229911652,1.595766180214858,1
5,0.14997668135195452,1.595766180214858,1
5,0.24737705040479252,1.595766180214858,1
5,0.3447774194576301,1.595766180214858,1
5,0.4421777885104681,1.595766180214858,1
5,0.5395781575633061,1.595766180214858,1
5,0.6369785266161436,1.595766180214858,1
5,0.7343788956689816,1.595766180214858,1
5,0.8317792647218192,1.595766180214858,1
5,0.9291796337746572,1.595766180214858,1
5,1.0265800028274952,1.595766180214858,1
5,1.1239803718803327,1.595766180214858,1
5,1.2213807409331707,1.595766180214858,1
5,1.3187811099860083,1.595766180214858,1
5,1.4161814790388463,1.595766180214858,1
5,1.5135818480916843,1.595766180214858,1
5,1.6109822171445218,1.595766180214858,1
5,1.7083825861973598,1.595766180214858,1
5,1.8057829552501978,1.595766180214858,1
5,1.9031833243030354,1.595766180214858,1
5,2.000583693355873,1.595766180214858,1
5,2.0979840624087114,1.595766180214858,1
5,2.195384431461549,1.595766180214858,1
5,2.2927848005143865,1.595766180214858,1
5,2.390185169567225,1.595766180214858,1
5,2.4875855386200625,1.595766180214858,1
5,2.5849859076729,1.595766180214858,1
5,2.6823862767257385,1.595766180214858,1
5,2.779786645778576,1.595766180214858,1
5,2.8771870148314136,1.595766180214858,1
5,2.974587383884252,1.595766180214858,1
5,3.0719877529370896,1.595766180214858,1
5,3.169388121989927,1.595766180214858,1
5,3.2667884910427656,1.595766180214858,1
5,3.364188860095603,1.595766180214858,1
5,3.4615892291484407,1.595766180214858,1
5,3.5589895982012782,1.595766180214858,1
5,3.6563899672541167,1.595766180214858,1
5,3.7537903363069542,1.595766180214858,1
5,3.851190705359792,1.595766180214858,1
5,3.9485910744126302,1.595766180214858,1
5,4.045991443465468,1.595766180214858,1
5,4.143391812518305,1.595766180214858,1
5,4.240792181571144,1.595766180214858,1
5,4.338192550623981,1.595766180214858,1
5,4.435592919676819,1.595766180214858,1
5,4.532993288729657,1.595766180214858,1
5,-2.1876321759161534,1.6734317181664191,0
5,-2.0902318068633154,1.6734317181664191,0
5,-1.992831437810478,1.6734317181664191,0
5,-1.89543106875764,1.6734317181664191,0
5,-1.7980306997048021,1.6734317181664191,0
5,-1.7006303306519643,1.6734317181664191,0
5,-1.6032299615991263,1.6734317181664191,0
5,-1.5058295925462886,1.6734317181664191,0
5,-1.4084292234934508,1.6734317181664191,1
5,-1.311028854440613,1.6734317181664191,1
5,-1.2136284853877752,1.6734317181664191,1
5,-1.1162281163349372,1.6734317181664191,1
5,-1.0188277472820995,1.6734317181664191,1
5,-0.9214273782292617,1.6734317181664191,1
5,-0.8240270091764237,1.6734317181664191,1
5,-0.7266266401235859,1.6734317181664191,1
5,-0.6292262710707481,1.6734317181664191,1
5,-0.5318259020179104,1.6734317181664191,1
5,-0.4344255329650726,1.6734317181664191,1
5,-0.3370251639122346,1.6734317181664191,1
5,-0.2396247948593968,1.6734317181664191,1
5,-0.14222442580655903,1.6734317181664191,1
5,-0.04482405675372103,1.6734317181664191,1
5,0.05257631229911652,1.6734317181664191,1
5,0.14997668135195452,1.6734317181664191,1
5,0.24737705040479252,1.6734317181664191,1
5,0.3447774194576301,1.6734317181664191,1
5,0.4421777885104681,1.6734317181664191,1
5,0.5395781575633061,1.6734317181664191,1
5,0.6369785266161436,1.6734317181664191,1
5,0.7343788956689816,1.6734317181664191,1
5,0.8317792647218192,1.6734317181664191,1
5,0.9291796337746572,1.6734317181664191,1
5,1.0265800028274952,1.6734317181664191,1
5,1.1239803718803327,1.6734317181664191,1
5,1.2213807409331707,1.6734317181664191,1
5,1.3187811099860083,1.6734317181664191,1
5,1.4161814790388463,1.6734317181664191,1
5,1.5135818480916843,1.6734317181664191,1
5,1.6109822171445218,1.6734317181664191,1
5,1.7083825861973598,1.6734317181664191,1
5,1.8057829552501978,1.6734317181664191,1
5,1.9031833243030354,1.6734317181664191,1
5,2.000583693355873,1.6734317181664191,1
5,2.0979840624087114,1.6734317181664191,1
5,2.195384431461549,1.6734317181664191,1
5,2.2927848005143865,1.6734317181664191,1
5,2.390185169567225,1.6734317181664191,1
5,2.4875855386200625,1.6734317181664191,1
5,2.5849859076729,1.6734317181664191,1
5,2.6823862767257385,1.6734317181664191,1
5,2.779786645778576,1.6734317181664191,1
5,2.8771870148314136,1.6734317181664191,1
5,2.974587383884252,1.6734317181664191,1
5,3.0719877529370896,1.6734317181664191,1
5,3.169388121989927,1.6734317181664191,1
5,3.2667884910427656,1.6734317181664191,1
5,3.364188860095603,1.6734317181664191,1
5,3.4615892291484407,1.6734317181664191,1
5,3.5589895982012782,1.6734317181664191,1
5,3.6563899672541167,1.6734317181664191,1
5,3.7537903363069542,1.6734317181664191,1
5,3.851190705359792,1.6734317181664191,1
5,3.9485910744126302,1.6734317181664191,1
5,4.045991443465468,1.6734317181664191,1
5,4.143391812518305,1.6734317181664191,1
5,4.240792181571144,1.6734317181664191,1
5,4.338192550623981,1.6734317181664191,1
5,4.435592919676819,1.6734317181664191,1
5,4.532993288729657,1.6734317181664191,1
5,-2.1876321759161534,1.7510972561179803,0
5,-2.0902318068633154,1.7510972561179803,0
5,-1.992831437810478,1.7510972561179803,0
5,-1.89543106875764,1.7510972561179803,0
5,-1.7980306997048021,1.7510972561179803,0
5,-1.7006303306519643,1.7510972561179803,0
5,-1.6032299615991263,1.7510972561179803,0
5,-1.5058295925462886,1.7510972561179803,1
5,-1.4084292234934508,1.7510972561179803,1
5,-1.311028854440613,1.7510972561179803,1
5,-1.2136284853877752,1.7510972561179803,1
5,-1.1162281163349372,1.7510972561179803,1
5,-1.0188277472820995,1.7510972561179803,1
5,-0.9214273782292617,1.7510972561179803,1
5,-0.8240270091764237,1.7510972561179803,1
5,-0.7266266401235859,1.7510972561179803,1
5,-0.6292262710707481,1.7510972561179803,1
5,-0.5318259020179104,1.7510972561179803,1
5,-0.4344255329650726,1.7510972561179803,1
5,-0.3370251639122346,1.7510972561179803,1
5,-0.2396247948593968,1.7510972561179803,1
5,-0.14222442580655903,1.7510972561179803,1
5,-0.04482405675372103,1.7510972561179803,1
5,0.05257631229911652,1.7510972561179803,1
5,0.14997668135195452,1.7510972561179803,1
5,0.24737705040479252,1.7510972561179803,1
5,0.3447774194576301,1.7510972561179803,1
5,0.4421777885104681,1.7510972561179803,1
5,0.5395781575633061,1.7510972561179803,1
5,0.6369785266161436,1.7510972561179803,1
5,0.7343788956689816,1.7510972561179803,1
5,0.8317792647218192,1.7510972561179803,1
5,0.9291796337746572,1.7510972561179803,1
5,1.0265800028274952,1.7510972561179803,1
5,1.1239803718803327,1.7510972561179803,1
5,1.2213807409331707,1.7510972561179803,1
5,1.3187811099860083,1.7510972561179803,1
5,1.4161814790388463,1.7510972561179803,1
5,1.5135818480916843,1.7510972561179803,1
5,1.6109822171445218,1.7510972561179803,1
5,1.7083825861973598,1.7510972561179803,1
5,1.8057829552501978,1.7510972561179803,1
5,1.9031833243030354,1.7510972561179803,1
5,2.000583693355873,1.7510972561179803,1
5,2.0979840624087114,1.7510972561179803,1
5,2.195384431461549,1.7510972561179803,1
5,2.2927848005143865,1.7510972561179803,1
5,2.390185169567225,1.7510972561179803,1
5,2.4875855386200625,1.7510972561179803,1
5,2.5849859076729,1.7510972561179803,1
5,2.6823862767257385,1.7510972561179803,1
5,2.779786645778576,1.7510972561179803,1
5,2.8771870148314136,1.7510972561179803,1
5,2.974587383884252,1.7510972561179803,1
5,3.0719877529370896,1.7510972561179803,1
5,3.169388121989927,1.7510972561179803,1
5,3.2667884910427656,1.7510972561179803,1
5,3.364188860095603,1.7510972561179803,1
5,3.4615892291484407,1.7510972561179803,1
5,3.5589895982012782,1.7510972561179803,1
5,3.6563899672541167,1.7510972561179803,1
5,3.7537903363069542,1.7510972561179803,1
5,3.851190705359792,1.7510972561179803,1
5,3.9485910744126302,1.7510972561179803,1
5,4.045991443465468,1.7510972561179803,1
5,4.143391812518305,1.7510972561179803,1
5,4.240792181571144,1.7510972561179803,1
5,4.338192550623981,1.7510972561179803,1
5,4.435592919676819,1.7510972561179803,1
5,4.532993288729657,1.7510972561179803,1
5,-2.1876321759161534,1.8287627940695415,0
5,-2.0902318068633154,1.8287627940695415,0
5,-1.992831437810478,1.8287627940695415,0
5,-1.89543106875764,1.8287627940695415,0
5,-1.7980306997048021,1.8287627940695415,0
5,-1.7006303306519643,1.8287627940695415,1
5,-1.6032299615991263,1.8287627940695415,1
5,-1.5058295925462886,1.8287627940695415,1
5,-1.4084292234934508,1.8287627940695415,1
5,-1.311028854440613,1.8287627940695415,1
5,-1.2136284853877752,1.8287627940695415,1
5,-1.1162281163349372,1.8287627940695415,1
5,-1.0188277472820995,1.8287627940695415,1
5,-0.9214273782292617,1.8287627940695415,1
5,-0.8240270091764237,1.8287627940695415,1
5,-0.7266266401235859,1.8287627940695415,1
5,-0.6292262710707481,1.8287627940695415,1
5,-0.5318259020179104,1.8287627940695415,1
5,-0.4344255329650726,1.8287627940695415,1
5,-0.3370251639122346,1.8287627940695415,1
5,-0.2396247948593968,1.8287627940695415,1
5,-0.14222442580655903,1.8287627940695415,1
5,-0.04482405675372103,1.8287627940695415,1
5,0.05257631229911652,1.8287627940695415,1
5,0.14997668135195452,1.8287627940695415,1
5,0.24737705040479252,1.8287627940695415,1
5,0.3447774194576301,1.8287627940695415,1
5,0.4421777885104681,1.8287627940695415,1
5,0.5395781575633061,1.8287627940695415,1
5,0.6369785266161436,1.8287627940695415,1
5,0.7343788956689816,1.8287627940695415,1
5,0.8317792647218192,1.8287627940695415,1
5,0.9291796337746572,1.8287627940695415,1
5,1.0265800028274952,1.8287627940695415,1
5,1.1239803718803327,1.8287627940695415,1
5,1.2213807409331707,1.8287627940695415,1
5,1.3187811099860083,1.8287627940695415,1
5,1.4161814790388463,1.8287627940695415,1
5,1.5135818480916843,1.8287627940695415,1
5,1.6109822171445218,1.8287627940695415,1
5,1.7083825861973598,1.8287627940695415,1
5,1.8057829552501978,1.8287627940695415,1
5,1.9031833243030354,1.8287627940695415,1
5,2.000583693355873,1.8287627940695415,1
5,2.0979840624087114,1.8287627940695415,1
5,2.195384431461549,1.8287627940695415,1
5,2.2927848005143865,1.8287627940695415,1
5,2.390185169567225,1.8287627940695415,1
5,2.4875855386200625,1.8287627940695415,1
5,2.5849859076729,1.8287627940695415,1
5,2.6823862767257385,1.8287627940695415,1
5,2.779786645778576,1.8287627940695415,1
5,2.8771870148314136,1.8287627940695415,1
5,2.974587383884252,1.8287627940695415,1
5,3.0719877529370896,1.8287627940695415,1
5,3.169388121989927,1.8287627940695415,1
5,3.2667884910427656,1.8287627940695415,1
5,3.364188860095603,1.8287627940695415,1
5,3.4615892291484407,1.8287627940695415,1
5,3.5589895982012782,1.8287627940695415,1
5,3.6563899672541167,1.8287627940695415,1
5,3.7537903363069542,1.8287627940695415,1
5,3.851190705359792,1.8287627940695415,1
5,3.9485910744126302,1.8287627940695415,1
5,4.045991443465468,1.8287627940695415,1
5,4.143391812518305,1.8287627940695415,1
5,4.240792181571144,1.8287627940695415,1
5,4.338192550623981,1.8287627940695415,1
5,4.435592919676819,1.8287627940695415,1
5,4.532993288729657,1.8287627940695415,1
5,-2.1876321759161534,1.9064283320211026,0
5,-2.0902318068633154,1.9064283320211026,0
5,-1.992831437810478,1.9064283320211026,0
5,-1.89543106875764,1.9064283320211026,0
5,-1.7980306997048021,1.9064283320211026,1
5,-1.7006303306519643,1.9064283320211026,1
5,-1.6032299615991263,1.9064283320211026,1
5,-1.5058295925462886,1.9064283320211026,1
5,-1.4084292234934508,1.9064283320211026,1
5,-1.311028854440613,1.9064283320211026,1
5,-1.2136284853877752,1.9064283320211026,1
5,-1.1162281163349372,1.9064283320211026,1
5,-1.0188277472820995,1.9064283320211026,1
5,-0.9214273782292617,1.9064283320211026,1
5,-0.8240270091764237,1.9064283320211026,1
5,-0.7266266401235859,1.9064283320211026,1
5,-0.6292262710707481,1.9064283320211026,1
5,-0.5318259020179104,1.9064283320211026,1
5,-0.4344255329650726,1.9064283320211026,1
5,-0.3370251639122346,1.9064283320211026,1
5,-0.2396247948593968,1.9064283320211026,1
5,-0.14222442580655903,1.9064283320211026,1
5,-0.04482405675372103,1.9064283320211026,1
5,0.05257631229911652,1.9064283320211026,1
5,0.14997668135195452,1.9064283320211026,1
5,0.24737705040479252,1.9064283320211026,1
5,0.3447774194576301,1.9064283320211026,1
5,0.4421777885104681,1.9064283320211026,1
5,0.5395781575633061,1.9064283320211026,1
5,0.6369785266161436,1.9064283320211026,1
5,0.7343788956689816,1.9064283320211026,1
5,0.8317792647218192,1.9064283320211026,1
5,0.9291796337746572,1.9064283320211026,1
5,1.0265800028274952,1.9064283320211026,1
5,1.1239803718803327,1.9064283320211026,1
5,1.2213807409331707,1.9064283320211026,1
5,1.3187811099860083,1.9064283320211026,1
5,1.4161814790388463,1.9064283320211026,1
5,1.5135818480916843,1.9064283320211026,1
5,1.6109822171445218,1.9064283320211026,1
5,1.7083825861973598,1.9064283320211026,1
5,1.8057829552501978,1.9064283320211026,1
5,1.9031833243030354,1.9064283320211026,1
5,2.000583693355873,1.9064283320211026,1
5,2.0979840624087114,1.9064283320211026,1
5,2.195384431461549,1.9064283320211026,1
5,2.2927848005143865,1.9064283320211026,1
5,2.390185169567225,1.9064283320211026,1
5,2.4875855386200625,1.9064283320211026,1
5,2.5849859076729,1.9064283320211026,1
5,2.6823862767257385,1.9064283320211026,1
5,2.779786645778576,1.9064283320211026,1
5,2.8771870148314136,1.9064283320211026,1
5,2.974587383884252,1.9064283320211026,1
5,3.0719877529370896,1.9064283320211026,1
5,3.169388121989927,1.9064283320211026,1
5,3.2667884910427656,1.9064283320211026,1
5,3.364188860095603,1.9064283320211026,1
5,3.4615892291484407,1.9064283320211026,1
5,3.5589895982012782,1.9064283320211026,1
5,3.6563899672541167,1.9064283320211026,1
5,3.7537903363069542,1.9064283320211026,1
5,3.851190705359792,1.9064283320211026,1
5,3.9485910744126302,1.9064283320211026,1
5,4.045991443465468,1.9064283320211026,1
5,4.143391812518305,1.9064283320211026,1
5,4.240792181571144,1.9064283320211026,1
5,4.338192550623981,1.9064283320211026,1
5,4.435592919676819,1.9064283320211026,1
5,4.532993288729657,1.9064283320211026,1
5,-2.1876321759161534,1.984093869972663,0
5,-2.0902318068633154,1.984093869972663,0
5,-1.992831437810478,1.984093869972663,1
5,-1.89543106875764,1.984093869972663,1
5,-1.7980306997048021,1.984093869972663,1
5,-1.7006303306519643,1.984093869972663,1
5,-1.6032299615991263,1.984093869972663,1
5,-1.5058295925462886,1.984093869972663,1
5,-1.4084292234934508,1.984093869972663,1
5,-1.311028854440613,1.984093869972663,1
5,-1.2136284853877752,1.984093869972663,1
5,-1.1162281163349372,1.984093869972663,1
5,-1.0188277472820995,1.984093869972663,1
5,-0.9214273782292617,1.984093869972663,1
5,-0.8240270091764237,1.984093869972663,1
5,-0.7266266401235859,1.984093869972663,1
5,-0.6292262710707481,1.984093869972663,1
5,-0.5318259020179104,1.984093869972663,1
5,-0.4344255329650726,1.984093869972663,1
5,-0.3370251639122346,1.984093869972663,1
5,-0.2396247948593968,1.984093869972663,1
5,-0.14222442580655903,1.984093869972663,1
5,-0.04482405675372103,1.984093869972663,1
5,0.05257631229911652,1.984093869972663,1
5,0.14997668135195452,1.984093869972663,1
5,0.24737705040479252,1.984093869972663,1
5,0.3447774194576301,1.984093869972663,1
5,0.4421777885104681,1.984093869972663,1
5,0.5395781575633061,1.984093869972663,1
5,0.6369785266161436,1.984093869972663,1
5,0.7343788956689816,1.984093869972663,1
5,0.8317792647218192,1.984093869972663,1
5,0.9291796337746572,1.984093869972663,1
5,1.0265800028274952,1.984093869972663,1
5,1.1239803718803327,1.984093869972663,1
5,1.2213807409331707,1.984093869972663,1
5,1.3187811099860083,1.984093869972663,1
5,1.4161814790388463,1.984093869972663,1
5,1.5135818480916843,1.984093869972663,1
5,1.6109822171445218,1.984093869972663,1
5,1.7083825861973598,1.984093869972663,1
5,1.8057829552501978,1.984093869972663,1
5,1.9031833243030354,1.984093869972663,1
5,2.000583693355873,1.984093869972663,1
5,2.0979840624087114,1.984093869972663,1
5,2.195384431461549,1.984093869972663,1
5,2.2927848005143865,1.984093869972663,1
5,2.390185169567225,1.984093869972663,1
5,2.4875855386200625,1.984093869972663,1
5,2.5849859076729,1.984093869972663,1
5,2.6823862767257385,1.984093869972663,1
5,2.779786645778576,1.984093869972663,1
5,2.8771870148314136,1.984093869972663,1
5,2.974587383884252,1.984093869972663,1
5,3.0719877529370896,1.984093869972663,1
5,3.169388121989927,1.984093869972663,1
5,3.2667884910427656,1.984093869972663,1
5,3.364188860095603,1.984093869972663,1
5,3.4615892291484407,1.984093869972663,1
5,3.5589895982012782,1.984093869972663,1
5,3.6563899672541167,1.984093869972663,1
5,3.7537903363069542,1.984093869972663,1
5,3.851190705359792,1.984093869972663,1
5,3.9485910744126302,1.984093869972663,1
5,4.045991443465468,1.984093869972663,1
5,4.143391812518305,1.984093869972663,1
5,4.240792181571144,1.984093869972663,1
5,4.338192550623981,1.984093869972663,1
5,4.435592919676819,1.984093869972663,1
5,4.532993288729657,1.984093869972663,1
5,-2.1876321759161534,2.061759407924224,0
5,-2.0902318068633154,2.061759407924224,1
5,-1.992831437810478,2.061759407924224,1
5,-1.89543106875764,2.061759407924224,1
5,-1.7980306997048021,2.061759407924224,1
5,-1.7006303306519643,2.061759407924224,1
5,-1.6032299615991263,2.061759407924224,1
5,-1.5058295925462886,2.061759407924224,1
5,-1.4084292234934508,2.061759407924224,1
5,-1.311028854440613,2.061759407924224,1
5,-1.2136284853877752,2.061759407924224,1
5,-1.1162281163349372,2.061759407924224,1
5,-1.0188277472820995,2.061759407924224,1
5,-0.9214273782292617,2.061759407924224,1
5,-0.8240270091764237,2.061759407924224,1
5,-0.7266266401235859,2.061759407924224,1
5,-0.6292262710707481,2.061759407924224,1
5,-0.5318259020179104,2.061759407924224,1
5,-0.4344255329650726,2.061759407924224,1
5,-0.3370251639122346,2.061759407924224,1
5,-0.2396247948593968,2.061759407924224,1
5,-0.14222442580655903,2.061759407924224,1
5,-0.04482405675372103,2.061759407924224,1
5,0.05257631229911652,2.061759407924224,1
5,0.14997668135195452,2.061759407924224,1
5,0.24737705040479252,2.061759407924224,1
5,0.3447774194576301,2.061759407924224,1
5,0.4421777885104681,2.061759407924224,1
5,0.5395781575633061,2.061759407924224,1
5,0.6369785266161436,2.061759407924224,1
5,0.7343788956689816,2.061759407924224,1
5,0.8317792647218192,2.061759407924224,1
5,0.9291796337746572,2.061759407924224,1
5,1.0265800028274952,2.061759407924224,1
5,1.1239803718803327,2.061759407924224,1
5,1.2213807409331707,2.061759407924224,1
5,1.3187811099860083,2.061759407924224,1
5,1.4161814790388463,2.061759407924224,1
5,1.5135818480916843,2.061759407924224,1
5,1.6109822171445218,2.061759407924224,1
5,1.7083825861973598,2.061759407924224,1
5,1.8057829552501978,2.061759407924224,1
5,1.9031833243030354,2.061759407924224,1
5,2.000583693355873,2.061759407924224,1
5,2.0979840624087114,2.061759407924224,1
5,2.195384431461549,2.061759407924224,1
5,2.2927848005143865,2.061759407924224,1
5,2.390185169567225,2.061759407924224,1
5,2.4875855386200625,2.061759407924224,1
5,2.5849859076729,2.061759407924224,1
5,2.6823862767257385,2.061759407924224,1
5,2.779786645778576,2.061759407924224,1
5,2.8771870148314136,2.061759407924224,1
5,2.974587383884252,2.061759407924224,1
5,3.0719877529370896,2.061759407924224,1
5,3.169388121989927,2.061759407924224,1
5,3.2667884910427656,2.061759407924224,1
5,3.364188860095603,2.061759407924224,1
5,3.4615892291484407,2.061759407924224,1
5,3.5589895982012782,2.061759407924224,1
5,3.6563899672541167,2.061759407924224,1
5,3.7537903363069542,2.061759407924224,1
5,3.851190705359792,2.061759407924224,1
5,3.9485910744126302,2.061759407924224,1
5,4.045991443465468,2.061759407924224,1
5,4.143391812518305,2.061759407924224,1
5,4.240792181571144,2.061759407924224,1
5,4.338192550623981,2.061759407924224,1
5,4.435592919676819,2.061759407924224,1
5,4.532993288729657,2.061759407924224,1
5,-2.1876321759161534,2.1394249458757852,0
5,-2.0902318068633154,2.1394249458757852,1
5,-1.992831437810478,2.1394249458757852,1
5,-1.89543106875764,2.1394249458757852,1
5,-1.7980306997048021,2.1394249458757852,1
5,-1.7006303306519643,2.1394249458757852,1
5,-1.6032299615991263,2.1394249458757852,1
5,-1.5058295925462886,2.1394249458757852,1
5,-1.4084292234934508,2.1394249458757852,1
5,-1.311028854440613,2.1394249458757852,1
5,-1.2136284853877752,2.1394249458757852,1
5,-1.1162281163349372,2.1394249458757852,1
5,-1.0188277472820995,2.1394249458757852,1
5,-0.9214273782292617,2.1394249458757852,1
5,-0.8240270091764237,2.1394249458757852,1
5,-0.7266266401235859,2.1394249458757852,1
5,-0.6292262710707481,2.1394249458757852,1
5,-0.5318259020179104,2.1394249458757852,1
5,-0.4344255329650726,2.1394249458757852,1
5,-0.3370251639122346,2.1394249458757852,1
5,-0.2396247948593968,2.1394249458757852,1
5,-0.14222442580655903,2.1394249458757852,1
5,-0.04482405675372103,2.1394249458757852,1
5,0.05257631229911652,2.1394249458757852,1
5,0.14997668135195452,2.1394249458757852,1
5,0.24737705040479252,2.1394249458757852,1
5,0.3447774194576301,2.1394249458757852,1
5,0.4421777885104681,2.1394249458757852,1
5,0.5395781575633061,2.1394249458757852,1
5,0.6369785266161436,2.1394249458757852,1
5,0.7343788956689816,2.1394249458757852,1
5,0.8317792647218192,2.1394249458757852,1
5,0.9291796337746572,2.1394249458757852,1
5,1.0265800028274952,2.1394249458757852,1
5,1.1239803718803327,2.1394249458757852,1
5,1.2213807409331707,2.1394249458757852,1
5,1.3187811099860083,2.1394249458757852,1
5,1.4161814790388463,2.1394249458757852,1
5,1.5135818480916843,2.1394249458757852,1
5,1.6109822171445218,2.1394249458757852,1
5,1.7083825861973598,2.1394249458757852,1
5,1.8057829552501978,2.1394249458757852,1
5,1.9031833243030354,2.1394249458757852,1
5,2.000583693355873,2.1394249458757852,1
5,2.0979840624087114,2.1394249458757852,1
5,2.195384431461549,2.1394249458757852,1
5,2.2927848005143865,2.1394249458757852,1
5,2.390185169567225,2.1394249458757852,1
5,2.4875855386200625,2.1394249458757852,1
5,2.5849859076729,2.1394249458757852,1
5,2.6823862767257385,2.1394249458757852,1
5,2.779786645778576,2.1394249458757852,1
5,2.8771870148314136,2.1394249458757852,1
5,2.974587383884252,2.1394249458757852,1
5,3.0719877529370896,2.1394249458757852,1
5,3.169388121989927,2.1394249458757852,1
5,3.2667884910427656,2.1394249458757852,1
5,3.364188860095603,2.1394249458757852,1
5,3.4615892291484407,2.1394249458757852,1
5,3.5589895982012782,2.1394249458757852,1
5,3.6563899672541167,2.1394249458757852,1
5,3.7537903363069542,2.1394249458757852,1
5,3.851190705359792,2.1394249458757852,1
5,3.9485910744126302,2.1394249458757852,1
5,4.045991443465468,2.1394249458757852,1
5,4.143391812518305,2.1394249458757852,1
5,4.240792181571144,2.1394249458757852,1
5,4.338192550623981,2.1394249458757852,1
5,4.435592919676819,2.1394249458757852,1
5,4.532993288729657,2.1394249458757852,1
5,-2.1876321759161534,2.2170904838273464,1
5,-2.0902318068633154,2.2170904838273464,1
5,-1.992831437810478,2.2170904838273464,1
5,-1.89543106875764,2.2170904838273464,1
5,-1.7980306997048021,2.2170904838273464,1
5,-1.7006303306519643,2.2170904838273464,1
5,-1.6032299615991263,2.2170904838273464,1
5,-1.5058295925462886,2.2170904838273464,1
5,-1.4084292234934508,2.2170904838273464,1
5,-1.311028854440613,2.2170904838273464,1
5,-1.2136284853877752,2.2170904838273464,1
5,-1.1162281163349372,2.2170904838273464,1
5,-1.0188277472820995,2.2170904838273464,1
5,-0.9214273782292617,2.2170904838273464,1
5,-0.8240270091764237,2.2170904838273464,1
5,-0.7266266401235859,2.2170904838273464,1
5,-0.6292262710707481,2.2170904838273464,1
5,-0.5318259020179104,2.2170904838273464,1
5,-0.4344255329650726,2.2170904838273464,1
5,-0.3370251639122346,2.2170904838273464,1
5,-0.2396247948593968,2.2170904838273464,1
5,-0.14222442580655903,2.2170904838273464,1
5,-0.04482405675372103,2.2170904838273464,1
5,0.05257631229911652,2.2170904838273464,1
5,0.14997668135195452,2.2170904838273464,1
5,0.24737705040479252,2.2170904838273464,1
5,0.3447774194576301,2.2170904838273464,1
5,0.4421777885104681,2.2170904838273464,1
5,0.5395781575633061,2.2170904838273464,1
5,0.6369785266161436,2.2170904838273464,1
5,0.7343788956689816,2.2170904838273464,1
5,0.8317792647218192,2.2170904838273464,1
5,0.9291796337746572,2.2170904838273464,1
5,1.0265800028274952,2.2170904838273464,1
5,1.1239803718803327,2.2170904838273464,1
5,1.2213807409331707,2.2170904838273464,1
5,1.3187811099860083,2.2170904838273464,1
5,1.4161814790388463,2.2170904838273464,1
5,1.5135818480916843,2.2170904838273464,1
5,1.6109822171445218,2.2170904838273464,1
5,1.7083825861973598,2.2170904838273464,1
5,1.8057829552501978,2.2170904838273464,1
5,1.9031833243030354,2.2170904838273464,1
5,2.000583693355873,2.2170904838273464,1
5,2.0979840624087114,2.2170904838273464,1
5,2.195384431461549,2.2170904838273464,1
5,2.2927848005143865,2.2170904838273464,1
5,2.390185169567225,2.2170904838273464,1
5,2.4875855386200625,2.2170904838273464,1
5,2.5849859076729,2.2170904838273464,1
5,2.6823862767257385,2.2170904838273464,1
5,2.779786645778576,2.2170904838273464,1
5,2.8771870148314136,2.2170904838273464,1
5,2.974587383884252,2.2170904838273464,1
5,3.0719877529370896,2.2170904838273464,1
5,3.169388121989927,2.2170904838273464,1
5,3.2667884910427656,2.2170904838273464,1
5,3.364188860095603,2.2170904838273464,1
5,3.4615892291484407,2.2170904838273464,1
5,3.5589895982012782,2.2170904838273464,1
5,3.6563899672541167,2.2170904838273464,1
5,3.7537903363069542,2.2170904838273464,1
5,3.851190705359792,2.2170904838273464,1
5,3.9485910744126302,2.2170904838273464,1
5,4.045991443465468,2.2170904838273464,1
5,4.143391812518305,2.2170904838273464,1
5,4.240792181571144,2.2170904838273464,1
5,4.338192550623981,2.2170904838273464,1
5,4.435592919676819,2.2170904838273464,1
5,4.532993288729657,2.2170904838273464,1
5,-2.1876321759161534,2.2947560217789076,1
5,-2.0902318068633154,2.2947560217789076,1
5,-1.992831437810478,2.2947560217789076,1
5,-1.89543106875764,2.2947560217789076,1
5,-1.7980306997048021,2.2947560217789076,1
5,-1.7006303306519643,2.2947560217789076,1
5,-1.6032299615991263,2.2947560217789076,1
5,-1.5058295925462886,2.2947560217789076,1
5,-1.4084292234934508,2.2947560217789076,1
5,-1.311028854440613,2.2947560217789076,1
5,-1.2136284853877752,2.2947560217789076,1
5,-1.1162281163349372,2.2947560217789076,1
5,-1.0188277472820995,2.2947560217789076,1
5,-0.9214273782292617,2.2947560217789076,1
5,-0.8240270091764237,2.2947560217789076,1
5,-0.7266266401235859,2.2947560217789076,1
5,-0.6292262710707481,2.2947560217789076,1
5,-0.5318259020179104,2.2947560217789076,1
5,-0.4344255329650726,2.2947560217789076,1
5,-0.3370251639122346,2.2947560217789076,1
5,-0.2396247948593968,2.2947560217789076,1
5,-0.14222442580655903,2.2947560217789076,1
5,-0.04482405675372103,2.2947560217789076,1
5,0.05257631229911652,2.2947560217789076,1
5,0.14997668135195452,2.2947560217789076,1
5,0.24737705040479252,2.2947560217789076,1
5,0.3447774194576301,2.2947560217789076,1
5,0.4421777885104681,2.2947560217789076,1
5,0.5395781575633061,2.2947560217789076,1
5,0.6369785266161436,2.2947560217789076,1
5,0.7343788956689816,2.2947560217789076,1
5,0.8317792647218192,2.2947560217789076,1
5,0.9291796337746572,2.2947560217789076,1
5,1.0265800028274952,2.2947560217789076,1
5,1.1239803718803327,2.2947560217789076,1
5,1.2213807409331707,2.2947560217789076,1
5,1.3187811099860083,2.2947560217789076,1
5,1.4161814790388463,2.2947560217789076,1
5,1.5135818480916843,2.2947560217789076,1
5,1.6109822171445218,2.2947560217789076,1
5,1.7083825861973598,2.2947560217789076,1
5,1.8057829552501978,2.2947560217789076,1
5,1.9031833243030354,2.2947560217789076,1
5,2.000583693355873,2.2947560217789076,1
5,2.0979840624087114,2.2947560217789076,1
5,2.195384431461549,2.2947560217789076,1
5,2.2927848005143865,2.2947560217789076,1
5,2.390185169567225,2.2947560217789076,1
5,2.4875855386200625,2.2947560217789076,1
5,2.5849859076729,2.2947560217789076,1
5,2.6823862767257385,2.2947560217789076,1
5,2.779786645778576,2.2947560217789076,1
5,2.8771870148314136,2.2947560217789076,1
5,2.974587383884252,2.2947560217789076,1
5,3.0719877529370896,2.2947560217789076,1
5,3.169388121989927,2.2947560217789076,1
5,3.2667884910427656,2.2947560217789076,1
5,3.364188860095603,2.2947560217789076,1
5,3.4615892291484407,2.2947560217789076,1
5,3.5589895982012782,2.2947560217789076,1
5,3.6563899672541167,2.2947560217789076,1
5,3.7537903363069542,2.2947560217789076,1
5,3.851190705359792,2.2947560217789076,1
5,3.9485910744126302,2.2947560217789076,1
5,4.045991443465468,2.2947560217789076,1
5,4.143391812518305,2.2947560217789076,1
5,4.240792181571144,2.2947560217789076,1
5,4.338192550623981,2.2947560217789076,1
5,4.435592919676819,2.2947560217789076,1
5,4.532993288729657,2.2947560217789076,1
5,-2.1876321759161534,2.3724215597304688,1
5,-2.0902318068633154,2.3724215597304688,1
5,-1.992831437810478,2.3724215597304688,1
5,-1.89543106875764,2.3724215597304688,1
5,-1.7980306997048021,2.3724215597304688,1
5,-1.7006303306519643,2.3724215597304688,1
5,-1.6032299615991263,2.3724215597304688,1
5,-1.5058295925462886,2.3724215597304688,1
5,-1.4084292234934508,2.3724215597304688,1
5,-1.311028854440613,2.3724215597304688,1
5,-1.2136284853877752,2.3724215597304688,1
5,-1.1162281163349372,2.3724215597304688,1
5,-1.0188277472820995,2.3724215597304688,1
5,-0.9214273782292617,2.3724215597304688,1
5,-0.8240270091764237,2.3724215597304688,1
5,-0.7266266401235859,2.3724215597304688,1
5,-0.6292262710707481,2.3724215597304688,1
5,-0.5318259020179104,2.3724215597304688,1
5,-0.4344255329650726,2.3724215597304688,1
5,-0.3370251639122346,2.3724215597304688,1
5,-0.2396247948593968,2.3724215597304688,1
5,-0.14222442580655903,2.3724215597304688,1
5,-0.04482405675372103,2.3724215597304688,1
5,0.05257631229911652,2.3724215597304688,1
5,0.14997668135195452,2.3724215597304688,1
5,0.24737705040479252,2.3724215597304688,1
5,0.3447774194576301,2.3724215597304688,1
5,0.4421777885104681,2.3724215597304688,1
5,0.5395781575633061,2.3724215597304688,1
5,0.6369785266161436,2.3724215597304688,1
5,0.7343788956689816,2.3724215597304688,1
5,0.8317792647218192,2.3724215597304688,1
5,0.9291796337746572,2.3724215597304688,1
5,1.0265800028274952,2.3724215597304688,1
5,1.1239803718803327,2.3724215597304688,1
5,1.2213807409331707,2.3724215597304688,1
5,1.3187811099860083,2.3724215597304688,1
5,1.4161814790388463,2.3724215597304688,1
5,1.5135818480916843,2.3724215597304688,1
5,1.6109822171445218,2.3724215597304688,1
5,1.7083825861973598,2.3724215597304688,1
5,1.8057829552501978,2.3724215597304688,1
5,1.9031833243030354,2.3724215597304688,1
5,2.000583693355873,2.3724215597304688,1
5,2.0979840624087114,2.3724215597304688,1
5,2.195384431461549,2.3724215597304688,1
5,2.2927848005143865,2.3724215597304688,1
5,2.390185169567225,2.3724215597304688,1
5,2.4875855386200625,2.3724215597304688,1
5,2.5849859076729,2.3724215597304688,1
5,2.6823862767257385,2.3724215597304688,1
5,2.779786645778576,2.3724215597304688,1
5,2.8771870148314136,2.3724215597304688,1
5,2.974587383884252,2.3724215597304688,1
5,3.0719877529370896,2.3724215597304688,1
5,3.169388121989927,2.3724215597304688,1
5,3.2667884910427656,2.3724215597304688,1
5,3.364188860095603,2.3724215597304688,1
5,3.4615892291484407,2.3724215597304688,1
5,3.5589895982012782,2.3724215597304688,1
5,3.6563899672541167,2.3724215597304688,1
5,3.7537903363069542,2.3724215597304688,1
5,3.851190705359792,2.3724215597304688,1
5,3.9485910744126302,2.3724215597304688,1
5,4.045991443465468,2.3724215597304688,1
5,4.143391812518305,2.3724215597304688,1
5,4.240792181571144,2.3724215597304688,1
5,4.338192550623981,2.3724215597304688,1
5,4.435592919676819,2.3724215597304688,1
5,4.532993288729657,2.3724215597304688,1
5,-2.1876321759161534,2.45008709768203,1
5,-2.0902318068633154,2.45008709768203,1
5,-1.992831437810478,2.45008709768203,1
5,-1.89543106875764,2.45008709768203,1
5,-1.7980306997048021,2.45008709768203,1
5,-1.7006303306519643,2.45008709768203,1
5,-1.6032299615991263,2.45008709768203,1
5,-1.5058295925462886,2.45008709768203,1
5,-1.4084292234934508,2.45008709768203,1
5,-1.311028854440613,2.45008709768203,1
5,-1.2136284853877752,2.45008709768203,1
5,-1.1162281163349372,2.45008709768203,1
5,-1.0188277472820995,2.45008709768203,1
5,-0.9214273782292617,2.45008709768203,1
5,-0.8240270091764237,2.45008709768203,1
5,-0.7266266401235859,2.45008709768203,1
5,-0.6292262710707481,2.45008709768203,1
5,-0.5318259020179104,2.45008709768203,1
5,-0.4344255329650726,2.45008709768203,1
5,-0.3370251639122346,2.45008709768203,1
5,-0.2396247948593968,2.45008709768203,1
5,-0.14222442580655903,2.45008709768203,1
5,-0.04482405675372103,2.45008709768203,1
5,0.05257631229911652,2.45008709768203,1
5,0.14997668135195452,2.45008709768203,1
5,0.24737705040479252,2.45008709768203,1
5,0.3447774194576301,2.45008709768203,1
5,0.4421777885104681,2.45008709768203,1
5,0.5395781575633061,2.45008709768203,1
5,0.6369785266161436,2.45008709768203,1
5,0.7343788956689816,2.45008709768203,1
5,0.8317792647218192,2.45008709768203,1
5,0.9291796337746572,2.45008709768203,1
5,1.0265800028274952,2.45008709768203,1
5,1.1239803718803327,2.45008709768203,1
5,1.2213807409331707,2.45008709768203,1
5,1.3187811099860083,2.45008709768203,1
5,1.4161814790388463,2.45008709768203,1
5,1.5135818480916843,2.45008709768203,1
5,1.6109822171445218,2.45008709768203,1
5,1.7083825861973598,2.45008709768203,1
5,1.8057829552501978,2.45008709768203,1
5,1.9031833243030354,2.45008709768203,1
5,2.000583693355873,2.45008709768203,1
5,2.0979840624087114,2.45008709768203,1
5,2.195384431461549,2.45008709768203,1
5,2.2927848005143865,2.45008709768203,1
5,2.390185169567225,2.45008709768203,1
5,2.4875855386200625,2.45008709768203,1
5,2.5849859076729,2.45008709768203,1
5,2.6823862767257385,2.45008709768203,1
5,2.779786645778576,2.45008709768203,1
5,2.8771870148314136,2.45008709768203,1
5,2.974587383884252,2.45008709768203,1
5,3.0719877529370896,2.45008709768203,1
5,3.169388121989927,2.45008709768203,1
5,3.2667884910427656,2.45008709768203,1
5,3.364188860095603,2.45008709768203,1
5,3.4615892291484407,2.45008709768203,1
5,3.5589895982012782,2.45008709768203,1
5,3.6563899672541167,2.45008709768203,1
5,3.7537903363069542,2.45008709768203,1
5,3.851190705359792,2.45008709768203,1
5,3.9485910744126302,2.45008709768203,1
5,4.045991443465468,2.45008709768203,1
5,4.143391812518305,2.45008709768203,1
5,4.240792181571144,2.45008709768203,1
5,4.338192550623981,2.45008709768203,1
5,4.435592919676819,2.45008709768203,1
5,4.532993288729657,2.45008709768203,1
5,-2.1876321759161534,2.52775263563359,1
5,-2.0902318068633154,2.52775263563359,1
5,-1.992831437810478,2.52775263563359,1
5,-1.89543106875764,2.52775263563359,1
5,-1.7980306997048021,2.52775263563359,1
5,-1.7006303306519643,2.52775263563359,1
5,-1.6032299615991263,2.52775263563359,1
5,-1.5058295925462886,2.52775263563359,1
5,-1.4084292234934508,2.52775263563359,1
5,-1.311028854440613,2.52775263563359,1
5,-1.2136284853877752,2.52775263563359,1
5,-1.1162281163349372,2.52775263563359,1
5,-1.0188277472820995,2.52775263563359,1
5,-0.9214273782292617,2.52775263563359,1
5,-0.8240270091764237,2.52775263563359,1
5,-0.7266266401235859,2.52775263563359,1
5,-0.6292262710707481,2.52775263563359,1
5,-0.5318259020179104,2.52775263563359,1
5,-0.4344255329650726,2.52775263563359,1
5,-0.3370251639122346,2.52775263563359,1
5,-0.2396247948593968,2.52775263563359,1
5,-0.14222442580655903,2.52775263563359,1
5,-0.04482405675372103,2.52775263563359,1
5,0.05257631229911652,2.52775263563359,1
5,0.14997668135195452,2.52775263563359,1
5,0.24737705040479252,2.52775263563359,1
5,0.3447774194576301,2.52775263563359,1
5,0.4421777885104681,2.52775263563359,1
5,0.5395781575633061,2.52775263563359,1
5,0.6369785266161436,2.52775263563359,1
5,0.7343788956689816,2.52775263563359,1
5,0.8317792647218192,2.52775263563359,1
5,0.9291796337746572,2.52775263563359,1
5,1.0265800028274952,2.52775263563359,1
5,1.1239803718803327,2.52775263563359,1
5,1.2213807409331707,2.52775263563359,1
5,1.3187811099860083,2.52775263563359,1
5,1.4161814790388463,2.52775263563359,1
5,1.5135818480916843,2.52775263563359,1
5,1.6109822171445218,2.52775263563359,1
5,1.7083825861973598,2.52775263563359,1
5,1.8057829552501978,2.52775263563359,1
5,1.9031833243030354,2.52775263563359,1
5,2.000583693355873,2.52775263563359,1
5,2.0979840624087114,2.52775263563359,1
5,2.195384431461549,2.52775263563359,1
5,2.2927848005143865,2.52775263563359,1
5,2.390185169567225,2.52775263563359,1
5,2.4875855386200625,2.52775263563359,1
5,2.5849859076729,2.52775263563359,1
5,2.6823862767257385,2.52775263563359,1
5,2.779786645778576,2.52775263563359,1
5,2.8771870148314136,2.52775263563359,1
5,2.974587383884252,2.52775263563359,1
5,3.0719877529370896,2.52775263563359,1
5,3.169388121989927,2.52775263563359,1
5,3.2667884910427656,2.52775263563359,1
5,3.364188860095603,2.52775263563359,1
5,3.4615892291484407,2.52775263563359,1
5,3.5589895982012782,2.52775263563359,1
5,3.6563899672541167,2.52775263563359,1
5,3.7537903363069542,2.52775263563359,1
5,3.851190705359792,2.52775263563359,1
5,3.9485910744126302,2.52775263563359,1
5,4.045991443465468,2.52775263563359,1
5,4.143391812518305,2.52775263563359,1
5,4.240792181571144,2.52775263563359,1
5,4.338192550623981,2.52775263563359,1
5,4.435592919676819,2.52775263563359,1
5,4.532993288729657,2.52775263563359,1
5,-2.1876321759161534,2.6054181735851514,1
5,-2.0902318068633154,2.6054181735851514,1
5,-1.992831437810478,2.6054181735851514,1
5,-1.89543106875764,2.6054181735851514,1
5,-1.7980306997048021,2.6054181735851514,1
5,-1.7006303306519643,2.6054181735851514,1
5,-1.6032299615991263,2.6054181735851514,1
5,-1.5058295925462886,2.6054181735851514,1
5,-1.4084292234934508,2.6054181735851514,1
5,-1.311028854440613,2.6054181735851514,1
5,-1.2136284853877752,2.6054181735851514,1
5,-1.1162281163349372,2.6054181735851514,1
5,-1.0188277472820995,2.6054181735851514,1
5,-0.9214273782292617,2.6054181735851514,1
5,-0.8240270091764237,2.6054181735851514,1
5,-0.7266266401235859,2.6054181735851514,1
5,-0.6292262710707481,2.6054181735851514,1
5,-0.5318259020179104,2.6054181735851514,1
5,-0.4344255329650726,2.6054181735851514,1
5,-0.3370251639122346,2.6054181735851514,1
5,-0.2396247948593968,2.6054181735851514,1
5,-0.14222442580655903,2.6054181735851514,1
5,-0.04482405675372103,2.6054181735851514,1
5,0.05257631229911652,2.6054181735851514,1
5,0.14997668135195452,2.6054181735851514,1
5,0.24737705040479252,2.6054181735851514,1
5,0.3447774194576301,2.6054181735851514,1
5,0.4421777885104681,2.6054181735851514,1
5,0.5395781575633061,2.6054181735851514,1
5,0.6369785266161436,2.6054181735851514,1
5,0.7343788956689816,2.6054181735851514,1
5,0.8317792647218192,2.6054181735851514,1
5,0.9291796337746572,2.6054181735851514,1
5,1.0265800028274952,2.6054181735851514,1
5,1.1239803718803327,2.6054181735851514,1
5,1.2213807409331707,2.6054181735851514,1
5,1.3187811099860083,2.6054181735851514,1
5,1.4161814790388463,2.6054181735851514,1
5,1.5135818480916843,2.6054181735851514,1
5,1.6109822171445218,2.6054181735851514,1
5,1.7083825861973598,2.6054181735851514,1
5,1.8057829552501978,2.6054181735851514,1
5,1.9031833243030354,2.6054181735851514,1
5,2.000583693355873,2.6054181735851514,1
5,2.0979840624087114,2.6054181735851514,1
5,2.195384431461549,2.6054181735851514,1
5,2.2927848005143865,2.6054181735851514,1
5,2.390185169567225,2.6054181735851514,1
5,2.4875855386200625,2.6054181735851514,1
5,2.5849859076729,2.6054181735851514,1
5,2.6823862767257385,2.6054181735851514,1
5,2.779786645778576,2.6054181735851514,1
5,2.8771870148314136,2.6054181735851514,1
5,2.974587383884252,2.6054181735851514,1
5,3.0719877529370896,2.6054181735851514,1
5,3.169388121989927,2.6054181735851514,1
5,3.2667884910427656,2.6054181735851514,1
5,3.364188860095603,2.6054181735851514,1
5,3.4615892291484407,2.6054181735851514,1
5,3.5589895982012782,2.6054181735851514,1
5,3.6563899672541167,2.6054181735851514,1
5,3.7537903363069542,2.6054181735851514,1
5,3.851190705359792,2.6054181735851514,1
5,3.9485910744126302,2.6054181735851514,1
5,4.045991443465468,2.6054181735851514,1
5,4.143391812518305,2.6054181735851514,1
5,4.240792181571144,2.6054181735851514,1
5,4.338192550623981,2.6054181735851514,1
5,4.435592919676819,2.6054181735851514,1
5,4.532993288729657,2.6054181735851514,1
5,-2.1876321759161534,2.6830837115367125,1
5,-2.0902318068633154,2.6830837115367125,1
5,-1.992831437810478,2.6830837115367125,1
5,-1.89543106875764,2.6830837115367125,1
5,-1.7980306997048021,2.6830837115367125,1
5,-1.7006303306519643,2.6830837115367125,1
5,-1.6032299615991263,2.6830837115367125,1
5,-1.5058295925462886,2.6830837115367125,1
5,-1.4084292234934508,2.6830837115367125,1
5,-1.311028854440613,2.6830837115367125,1
5,-1.2136284853877752,2.6830837115367125,1
5,-1.1162281163349372,2.6830837115367125,1
5,-1.0188277472820995,2.6830837115367125,1
5,-0.9214273782292617,2.6830837115367125,1
5,-0.8240270091764237,2.6830837115367125,1
5,-0.7266266401235859,2.6830837115367125,1
5,-0.6292262710707481,2.6830837115367125,1
5,-0.5318259020179104,2.6830837115367125,1
5,-0.4344255329650726,2.6830837115367125,1
5,-0.3370251639122346,2.6830837115367125,1
5,-0.2396247948593968,2.6830837115367125,1
5,-0.14222442580655903,2.6830837115367125,1
5,-0.04482405675372103,2.6830837115367125,1
5,0.05257631229911652,2.6830837115367125,1
5,0.14997668135195452,2.6830837115367125,1
5,0.24737705040479252,2.6830837115367125,1
5,0.3447774194576301,2.6830837115367125,1
5,0.4421777885104681,2.6830837115367125,1
5,0.5395781575633061,2.6830837115367125,1
5,0.6369785266161436,2.6830837115367125,1
5,0.7343788956689816,2.6830837115367125,1
5,0.8317792647218192,2.6830837115367125,1
5,0.9291796337746572,2.6830837115367125,1
5,1.0265800028274952,2.6830837115367125,1
5,1.1239803718803327,2.6830837115367125,1
5,1.2213807409331707,2.6830837115367125,1
5,1.3187811099860083,2.6830837115367125,1
5,1.4161814790388463,2.6830837115367125,1
5,1.5135818480916843,2.6830837115367125,1
5,1.6109822171445218,2.6830837115367125,1
5,1.7083825861973598,2.6830837115367125,1
5,1.8057829552501978,2.6830837115367125,1
5,1.9031833243030354,2.6830837115367125,1
5,2.000583693355873,2.6830837115367125,1
5,2.0979840624087114,2.6830837115367125,1
5,2.195384431461549,2.6830837115367125,1
5,2.2927848005143865,2.6830837115367125,1
5,2.390185169567225,2.6830837115367125,1
5,2.4875855386200625,2.6830837115367125,1
5,2.5849859076729,2.6830837115367125,1
5,2.6823862767257385,2.6830837115367125,1
5,2.779786645778576,2.6830837115367125,1
5,2.8771870148314136,2.6830837115367125,1
5,2.974587383884252,2.6830837115367125,1
5,3.0719877529370896,2.6830837115367125,1
5,3.169388121989927,2.6830837115367125,1
5,3.2667884910427656,2.6830837115367125,1
5,3.364188860095603,2.6830837115367125,1
5,3.4615892291484407,2.6830837115367125,1
5,3.5589895982012782,2.6830837115367125,1
5,3.6563899672541167,2.6830837115367125,1
5,3.7537903363069542,2.6830837115367125,1
5,3.851190705359792,2.6830837115367125,1
5,3.9485910744126302,2.6830837115367125,1
5,4.045991443465468,2.6830837115367125,1
5,4.143391812518305,2.6830837115367125,1
5,4.240792181571144,2.6830837115367125,1
5,4.338192550623981,2.6830837115367125,1
5,4.435592919676819,2.6830837115367125,1
5,4.532993288729657,2.6830837115367125,1
5,-2.1876321759161534,2.7607492494882737,1
5,-2.0902318068633154,2.7607492494882737,1
5,-1.992831437810478,2.7607492494882737,1
5,-1.89543106875764,2.7607492494882737,1
5,-1.7980306997048021,2.7607492494882737,1
5,-1.7006303306519643,2.7607492494882737,1
5,-1.6032299615991263,2.7607492494882737,1
5,-1.5058295925462886,2.7607492494882737,1
5,-1.4084292234934508,2.7607492494882737,1
5,-1.311028854440613,2.7607492494882737,1
5,-1.2136284853877752,2.7607492494882737,1
5,-1.1162281163349372,2.7607492494882737,1
5,-1.0188277472820995,2.7607492494882737,1
5,-0.9214273782292617,2.7607492494882737,1
5,-0.8240270091764237,2.7607492494882737,1
5,-0.7266266401235859,2.7607492494882737,1
5,-0.6292262710707481,2.7607492494882737,1
5,-0.5318259020179104,2.7607492494882737,1
5,-0.4344255329650726,2.7607492494882737,1
5,-0.3370251639122346,2.7607492494882737,1
5,-0.2396247948593968,2.7607492494882737,1
5,-0.14222442580655903,2.7607492494882737,1
5,-0.04482405675372103,2.7607492494882737,1
5,0.05257631229911652,2.7607492494882737,1
5,0.14997668135195452,2.7607492494882737,1
5,0.24737705040479252,2.7607492494882737,1
5,0.3447774194576301,2.7607492494882737,1
5,0.4421777885104681,2.7607492494882737,1
5,0.5395781575633061,2.7607492494882737,1
5,0.6369785266161436,2.7607492494882737,1
5,0.7343788956689816,2.7607492494882737,1
5,0.8317792647218192,2.7607492494882737,1
5,0.9291796337746572,2.7607492494882737,1
5,1.0265800028274952,2.7607492494882737,1
5,1.1239803718803327,2.7607492494882737,1
5,1.2213807409331707,2.7607492494882737,1
5,1.3187811099860083,2.7607492494882737,1
5,1.4161814790388463,2.7607492494882737,1
5,1.5135818480916843,2.7607492494882737,1
5,1.6109822171445218,2.7607492494882737,1
5,1.7083825861973598,2.7607492494882737,1
5,1.8057829552501978,2.7607492494882737,1
5,1.9031833243030354,2.7607492494882737,1
5,2.000583693355873,2.7607492494882737,1
5,2.0979840624087114,2.7607492494882737,1
5,2.195384431461549,2.7607492494882737,1
5,2.2927848005143865,2.7607492494882737,1
5,2.390185169567225,2.7607492494882737,1
5,2.4875855386200625,2.7607492494882737,1
5,2.5849859076729,2.7607492494882737,1
5,2.6823862767257385,2.7607492494882737,1
5,2.779786645778576,2.7607492494882737,1
5,2.8771870148314136,2.7607492494882737,1
5,2.974587383884252,2.7607492494882737,1
5,3.0719877529370896,2.7607492494882737,1
5,3.169388121989927,2.7607492494882737,1
5,3.2667884910427656,2.7607492494882737,1
5,3.364188860095603,2.7607492494882737,1
5,3.4615892291484407,2.7607492494882737,1
5,3.5589895982012782,2.7607492494882737,1
5,3.6563899672541167,2.7607492494882737,1
5,3.7537903363069542,2.7607492494882737,1
5,3.851190705359792,2.7607492494882737,1
5,3.9485910744126302,2.7607492494882737,1
5,4.045991443465468,2.7607492494882737,1
5,4.143391812518305,2.7607492494882737,1
5,4.240792181571144,2.7607492494882737,1
5,4.338192550623981,2.7607492494882737,1
5,4.435592919676819,2.7607492494882737,1
5,4.532993288729657,2.7607492494882737,1
5,-2.1876321759161534,2.838414787439835,1
5,-2.0902318068633154,2.838414787439835,1
5,-1.992831437810478,2.838414787439835,1
5,-1.89543106875764,2.838414787439835,1
5,-1.7980306997048021,2.838414787439835,1
5,-1.7006303306519643,2.838414787439835,1
5,-1.6032299615991263,2.838414787439835,1
5,-1.5058295925462886,2.838414787439835,1
5,-1.4084292234934508,2.838414787439835,1
5,-1.311028854440613,2.838414787439835,1
5,-1.2136284853877752,2.838414787439835,1
5,-1.1162281163349372,2.838414787439835,1
5,-1.0188277472820995,2.838414787439835,1
5,-0.9214273782292617,2.838414787439835,1
5,-0.8240270091764237,2.838414787439835,1
5,-0.7266266401235859,2.838414787439835,1
5,-0.6292262710707481,2.838414787439835,1
5,-0.5318259020179104,2.838414787439835,1
5,-0.4344255329650726,2.838414787439835,1
5,-0.3370251639122346,2.838414787439835,1
5,-0.2396247948593968,2.838414787439835,1
5,-0.14222442580655903,2.838414787439835,1
5,-0.04482405675372103,2.838414787439835,1
5,0.05257631229911652,2.838414787439835,1
5,0.14997668135195452,2.838414787439835,1
5,0.24737705040479252,2.838414787439835,1
5,0.3447774194576301,2.838414787439835,1
5,0.4421777885104681,2.838414787439835,1
5,0.5395781575633061,2.838414787439835,1
5,0.6369785266161436,2.838414787439835,1
5,0.7343788956689816,2.838414787439835,1
5,0.8317792647218192,2.838414787439835,1
5,0.9291796337746572,2.838414787439835,1
5,1.0265800028274952,2.838414787439835,1
5,1.1239803718803327,2.838414787439835,1
5,1.2213807409331707,2.838414787439835,1
5,1.3187811099860083,2.838414787439835,1
5,1.4161814790388463,2.838414787439835,1
5,1.5135818480916843,2.838414787439835,1
5,1.6109822171445218,2.838414787439835,1
5,1.7083825861973598,2.838414787439835,1
5,1.8057829552501978,2.838414787439835,1
5,1.9031833243030354,2.838414787439835,1
5,2.000583693355873,2.838414787439835,1
5,2.0979840624087114,2.838414787439835,1
5,2.195384431461549,2.838414787439835,1
5,2.2927848005143865,2.838414787439835,1
5,2.390185169567225,2.838414787439835,1
5,2.4875855386200625,2.838414787439835,1
5,2.5849859076729,2.838414787439835,1
5,2.6823862767257385,2.838414787439835,1
5,2.779786645778576,2.838414787439835,1
5,2.8771870148314136,2.838414787439835,1
5,2.974587383884252,2.838414787439835,1
5,3.0719877529370896,2.838414787439835,1
5,3.169388121989927,2.838414787439835,1
5,3.2667884910427656,2.838414787439835,1
5,3.364188860095603,2.838414787439835,1
5,3.4615892291484407,2.838414787439835,1
5,3.5589895982012782,2.838414787439835,1
5,3.6563899672541167,2.838414787439835,1
5,3.7537903363069542,2.838414787439835,1
5,3.851190705359792,2.838414787439835,1
5,3.9485910744126302,2.838414787439835,1
5,4.045991443465468,2.838414787439835,1
5,4.143391812518305,2.838414787439835,1
5,4.240792181571144,2.838414787439835,1
5,4.338192550623981,2.838414787439835,1
5,4.435592919676819,2.838414787439835,1
5,4.532993288729657,2.838414787439835,1
5,-2.1876321759161534,2.916080325391396,1
5,-2.0902318068633154,2.916080325391396,1
5,-1.992831437810478,2.916080325391396,1
5,-1.89543106875764,2.916080325391396,1
5,-1.7980306997048021,2.916080325391396,1
5,-1.7006303306519643,2.916080325391396,1
5,-1.6032299615991263,2.916080325391396,1
5,-1.5058295925462886,2.916080325391396,1
5,-1.4084292234934508,2.916080325391396,1
5,-1.311028854440613,2.916080325391396,1
5,-1.2136284853877752,2.916080325391396,1
5,-1.1162281163349372,2.916080325391396,1
5,-1.0188277472820995,2.916080325391396,1
5,-0.9214273782292617,2.916080325391396,1
5,-0.8240270091764237,2.916080325391396,1
5,-0.7266266401235859,2.916080325391396,1
5,-0.6292262710707481,2.916080325391396,1
5,-0.5318259020179104,2.916080325391396,1
5,-0.4344255329650726,2.916080325391396,1
5,-0.3370251639122346,2.916080325391396,1
5,-0.2396247948593968,2.916080325391396,1
5,-0.14222442580655903,2.916080325391396,1
5,-0.04482405675372103,2.916080325391396,1
5,0.05257631229911652,2.916080325391396,1
5,0.14997668135195452,2.916080325391396,1
5,0.24737705040479252,2.916080325391396,1
5,0.3447774194576301,2.916080325391396,1
5,0.4421777885104681,2.916080325391396,1
5,0.5395781575633061,2.916080325391396,1
5,0.6369785266161436,2.916080325391396,1
5,0.7343788956689816,2.916080325391396,1
5,0.8317792647218192,2.916080325391396,1
5,0.9291796337746572,2.916080325391396,1
5,1.0265800028274952,2.916080325391396,1
5,1.1239803718803327,2.916080325391396,1
5,1.2213807409331707,2.916080325391396,1
5,1.3187811099860083,2.916080325391396,1
5,1.4161814790388463,2.916080325391396,1
5,1.5135818480916843,2.916080325391396,1
5,1.6109822171445218,2.916080325391396,1
5,1.7083825861973598,2.916080325391396,1
5,1.8057829552501978,2.916080325391396,1
5,1.9031833243030354,2.916080325391396,1
5,2.000583693355873,2.916080325391396,1
5,2.0979840624087114,2.916080325391396,1
5,2.195384431461549,2.916080325391396,1
5,2.2927848005143865,2.916080325391396,1
5,2.390185169567225,2.916080325391396,1
5,2.4875855386200625,2.916080325391396,1
5,2.5849859076729,2.916080325391396,1
5,2.6823862767257385,2.916080325391396,1
5,2.779786645778576,2.916080325391396,1
5,2.8771870148314136,2.916080325391396,1
5,2.974587383884252,2.916080325391396,1
5,3.0719877529370896,2.916080325391396,1
5,3.169388121989927,2.916080325391396,1
5,3.2667884910427656,2.916080325391396,1
5,3.364188860095603,2.916080325391396,1
5,3.4615892291484407,2.916080325391396,1
5,3.5589895982012782,2.916080325391396,1
5,3.6563899672541167,2.916080325391396,1
5,3.7537903363069542,2.916080325391396,1
5,3.851190705359792,2.916080325391396,1
5,3.9485910744126302,2.916080325391396,1
5,4.045991443465468,2.916080325391396,1
5,4.143391812518305,2.916080325391396,1
5,4.240792181571144,2.916080325391396,1
5,4.338192550623981,2.916080325391396,1
5,4.435592919676819,2.916080325391396,1
5,4.532993288729657,2.916080325391396,1
5,-2.1876321759161534,2.9937458633429572,1
5,-2.0902318068633154,2.9937458633429572,1
5,-1.992831437810478,2.9937458633429572,1
5,-1.89543106875764,2.9937458633429572,1
5,-1.7980306997048021,2.9937458633429572,1
5,-1.7006303306519643,2.9937458633429572,1
5,-1.6032299615991263,2.9937458633429572,1
5,-1.5058295925462886,2.9937458633429572,1
5,-1.4084292234934508,2.9937458633429572,1
5,-1.311028854440613,2.9937458633429572,1
5,-1.2136284853877752,2.9937458633429572,1
5,-1.1162281163349372,2.9937458633429572,1
5,-1.0188277472820995,2.9937458633429572,1
5,-0.9214273782292617,2.9937458633429572,1
5,-0.8240270091764237,2.9937458633429572,1
5,-0.7266266401235859,2.9937458633429572,1
5,-0.6292262710707481,2.9937458633429572,1
5,-0.5318259020179104,2.9937458633429572,1
5,-0.4344255329650726,2.9937458633429572,1
5,-0.3370251639122346,2.9937458633429572,1
5,-0.2396247948593968,2.9937458633429572,1
5,-0.14222442580655903,2.9937458633429572,1
5,-0.04482405675372103,2.9937458633429572,1
5,0.05257631229911652,2.9937458633429572,1
5,0.14997668135195452,2.9937458633429572,1
5,0.24737705040479252,2.9937458633429572,1
5,0.3447774194576301,2.9937458633429572,1
5,0.4421777885104681,2.9937458633429572,1
5,0.5395781575633061,2.9937458633429572,1
5,0.6369785266161436,2.9937458633429572,1
5,0.7343788956689816,2.9937458633429572,1
5,0.8317792647218192,2.9937458633429572,1
5,0.9291796337746572,2.9937458633429572,1
5,1.0265800028274952,2.9937458633429572,1
5,1.1239803718803327,2.9937458633429572,1
5,1.2213807409331707,2.9937458633429572,1
5,1.3187811099860083,2.9937458633429572,1
5,1.4161814790388463,2.9937458633429572,1
5,1.5135818480916843,2.9937458633429572,1
5,1.6109822171445218,2.9937458633429572,1
5,1.7083825861973598,2.9937458633429572,1
5,1.8057829552501978,2.9937458633429572,1
5,1.9031833243030354,2.9937458633429572,1
5,2.000583693355873,2.9937458633429572,1
5,2.0979840624087114,2.9937458633429572,1
5,2.195384431461549,2.9937458633429572,1
5,2.2927848005143865,2.9937458633429572,1
5,2.390185169567225,2.9937458633429572,1
5,2.4875855386200625,2.9937458633429572,1
5,2.5849859076729,2.9937458633429572,1
5,2.6823862767257385,2.9937458633429572,1
5,2.779786645778576,2.9937458633429572,1
5,2.8771870148314136,2.9937458633429572,1
5,2.974587383884252,2.9937458633429572,1
5,3.0719877529370896,2.9937458633429572,1
5,3.169388121989927,2.9937458633429572,1
5,3.2667884910427656,2.9937458633429572,1
5,3.364188860095603,2.9937458633429572,1
5,3.4615892291484407,2.9937458633429572,1
5,3.5589895982012782,2.9937458633429572,1
5,3.6563899672541167,2.9937458633429572,1
5,3.7537903363069542,2.9937458633429572,1
5,3.851190705359792,2.9937458633429572,1
5,3.9485910744126302,2.9937458633429572,1
5,4.045991443465468,2.9937458633429572,1
5,4.143391812518305,2.9937458633429572,1
5,4.240792181571144,2.9937458633429572,1
5,4.338192550623981,2.9937458633429572,1
5,4.435592919676819,2.9937458633429572,1
5,4.532993288729657,2.9937458633429572,1
5,-2.1876321759161534,3.0714114012945175,1
5,-2.0902318068633154,3.0714114012945175,1
5,-1.992831437810478,3.0714114012945175,1
5,-1.89543106875764,3.0714114012945175,1
5,-1.7980306997048021,3.0714114012945175,1
5,-1.7006303306519643,3.0714114012945175,1
5,-1.6032299615991263,3.0714114012945175,1
5,-1.5058295925462886,3.0714114012945175,1
5,-1.4084292234934508,3.0714114012945175,1
5,-1.311028854440613,3.0714114012945175,1
5,-1.2136284853877752,3.0714114012945175,1
5,-1.1162281163349372,3.0714114012945175,1
5,-1.0188277472820995,3.0714114012945175,1
5,-0.9214273782292617,3.0714114012945175,1
5,-0.8240270091764237,3.0714114012945175,1
5,-0.7266266401235859,3.0714114012945175,1
5,-0.6292262710707481,3.0714114012945175,1
5,-0.5318259020179104,3.0714114012945175,1
5,-0.4344255329650726,3.0714114012945175,1
5,-0.3370251639122346,3.0714114012945175,1
5,-0.2396247948593968,3.0714114012945175,1
5,-0.14222442580655903,3.0714114012945175,1
5,-0.04482405675372103,3.0714114012945175,1
5,0.05257631229911652,3.0714114012945175,1
5,0.14997668135195452,3.0714114012945175,1
5,0.24737705040479252,3.0714114012945175,1
5,0.3447774194576301,3.0714114012945175,1
5,0.4421777885104681,3.0714114012945175,1
5,0.5395781575633061,3.0714114012945175,1
5,0.6369785266161436,3.0714114012945175,1
5,0.7343788956689816,3.0714114012945175,1
5,0.8317792647218192,3.0714114012945175,1
5,0.9291796337746572,3.0714114012945175,1
5,1.0265800028274952,3.0714114012945175,1
5,1.1239803718803327,3.0714114012945175,1
5,1.2213807409331707,3.0714114012945175,1
5,1.3187811099860083,3.0714114012945175,1
5,1.4161814790388463,3.0714114012945175,1
5,1.5135818480916843,3.0714114012945175,1
5,1.6109822171445218,3.0714114012945175,1
5,1.7083825861973598,3.0714114012945175,1
5,1.8057829552501978,3.0714114012945175,1
5,1.9031833243030354,3.0714114012945175,1
5,2.000583693355873,3.0714114012945175,1
5,2.0979840624087114,3.0714114012945175,1
5,2.195384431461549,3.0714114012945175,1
5,2.2927848005143865,3.0714114012945175,1
5,2.390185169567225,3.0714114012945175,1
5,2.4875855386200625,3.0714114012945175,1
5,2.5849859076729,3.0714114012945175,1
5,2.6823862767257385,3.0714114012945175,1
5,2.779786645778576,3.0714114012945175,1
5,2.8771870148314136,3.0714114012945175,1
5,2.974587383884252,3.0714114012945175,1
5,3.0719877529370896,3.0714114012945175,1
5,3.169388121989927,3.0714114012945175,1
5,3.2667884910427656,3.0714114012945175,1
5,3.364188860095603,3.0714114012945175,1
5,3.4615892291484407,3.0714114012945175,1
5,3.5589895982012782,3.0714114012945175,1
5,3.6563899672541167,3.0714114012945175,1
5,3.7537903363069542,3.0714114012945175,1
5,3.851190705359792,3.0714114012945175,1
5,3.9485910744126302,3.0714114012945175,1
5,4.045991443465468,3.0714114012945175,1
5,4.143391812518305,3.0714114012945175,1
5,4.240792181571144,3.0714114012945175,1
5,4.338192550623981,3.0714114012945175,1
5,4.435592919676819,3.0714114012945175,1
5,4.532993288729657,3.0714114012945175,1
5,-2.1876321759161534,3.1490769392460787,1
5,-2.0902318068633154,3.1490769392460787,1
5,-1.992831437810478,3.1490769392460787,1
5,-1.89543106875764,3.1490769392460787,1
5,-1.7980306997048021,3.1490769392460787,1
5,-1.7006303306519643,3.1490769392460787,1
5,-1.6032299615991263,3.1490769392460787,1
5,-1.5058295925462886,3.1490769392460787,1
5,-1.4084292234934508,3.1490769392460787,1
5,-1.311028854440613,3.1490769392460787,1
5,-1.2136284853877752,3.1490769392460787,1
5,-1.1162281163349372,3.1490769392460787,1
5,-1.0188277472820995,3.1490769392460787,1
5,-0.9214273782292617,3.1490769392460787,1
5,-0.8240270091764237,3.1490769392460787,1
5,-0.7266266401235859,3.1490769392460787,1
5,-0.6292262710707481,3.1490769392460787,1
5,-0.5318259020179104,3.1490769392460787,1
5,-0.4344255329650726,3.1490769392460787,1
5,-0.3370251639122346,3.1490769392460787,1
5,-0.2396247948593968,3.1490769392460787,1
5,-0.14222442580655903,3.1490769392460787,1
5,-0.04482405675372103,3.1490769392460787,1
5,0.05257631229911652,3.1490769392460787,1
5,0.14997668135195452,3.1490769392460787,1
5,0.24737705040479252,3.1490769392460787,1
5,0.3447774194576301,3.1490769392460787,1
5,0.4421777885104681,3.1490769392460787,1
5,0.5395781575633061,3.1490769392460787,1
5,0.6369785266161436,3.1490769392460787,1
5,0.7343788956689816,3.1490769392460787,1
5,0.8317792647218192,3.1490769392460787,1
5,0.9291796337746572,3.1490769392460787,1
5,1.0265800028274952,3.1490769392460787,1
5,1.1239803718803327,3.1490769392460787,1
5,1.2213807409331707,3.1490769392460787,1
5,1.3187811099860083,3.1490769392460787,1
5,1.4161814790388463,3.1490769392460787,1
5,1.5135818480916843,3.1490769392460787,1
5,1.6109822171445218,3.1490769392460787,1
5,1.7083825861973598,3.1490769392460787,1
5,1.8057829552501978,3.1490769392460787,1
5,1.9031833243030354,3.1490769392460787,1
5,2.000583693355873,3.1490769392460787,1
5,2.0979840624087114,3.1490769392460787,1
5,2.195384431461549,3.1490769392460787,1
5,2.2927848005143865,3.1490769392460787,1
5,2.390185169567225,3.1490769392460787,1
5,2.4875855386200625,3.1490769392460787,1
5,2.5849859076729,3.1490769392460787,1
5,2.6823862767257385,3.1490769392460787,1
5,2.779786645778576,3.1490769392460787,1
5,2.8771870148314136,3.1490769392460787,1
5,2.974587383884252,3.1490769392460787,1
5,3.0719877529370896,3.1490769392460787,1
5,3.169388121989927,3.1490769392460787,1
5,3.2667884910427656,3.1490769392460787,1
5,3.364188860095603,3.1490769392460787,1
5,3.4615892291484407,3.1490769392460787,1
5,3.5589895982012782,3.1490769392460787,1
5,3.6563899672541167,3.1490769392460787,1
5,3.7537903363069542,3.1490769392460787,1
5,3.851190705359792,3.1490769392460787,1
5,3.9485910744126302,3.1490769392460787,1
5,4.045991443465468,3.1490769392460787,1
5,4.143391812518305,3.1490769392460787,1
5,4.240792181571144,3.1490769392460787,1
5,4.338192550623981,3.1490769392460787,1
5,4.435592919676819,3.1490769392460787,1
5,4.532993288729657,3.1490769392460787,1
15,-2.1876321759161534,-2.209845179411633,0
15,-2.0902318068633154,-2.209845179411633,0
15,-1.992831437810478,-2.209845179411633,0
15,-1.89543106875764,-2.209845179411633,0
15,-1.7980306997048021,-2.209845179411633,0
15,-1.7006303306519643,-2.209845179411633,0
15,-1.6032299615991263,-2.209845179411633,0
15,-1.5058295925462886,-2.209845179411633,0
15,-1.4084292234934508,-2.209845179411633,0
15,-1.311028854440613,-2.209845179411633,0
15,-1.2136284853877752,-2.209845179411633,0
15,-1.1162281163349372,-2.209845179411633,0
15,-1.0188277472820995,-2.209845179411633,0
15,-0.9214273782292617,-2.209845179411633,0
15,-0.8240270091764237,-2.209845179411633,0
15,-0.7266266401235859,-2.209845179411633,0
15,-0.6292262710707481,-2.209845179411633,0
15,-0.5318259020179104,-2.209845179411633,0
15,-0.4344255329650726,-2.209845179411633,0
15,-0.3370251639122346,-2.209845179411633,0
15,-0.2396247948593968,-2.209845179411633,0
15,-0.14222442580655903,-2.209845179411633,0
15,-0.04482405675372103,-2.209845179411633,0
15,0.05257631229911652,-2.209845179411633,0
15,0.14997668135195452,-2.209845179411633,0
15,0.24737705040479252,-2.209845179411633,0
15,0.3447774194576301,-2.209845179411633,0
15,0.4421777885104681,-2.209845179411633,0
15,0.5395781575633061,-2.209845179411633,0
15,0.6369785266161436,-2.209845179411633,0
15,0.7343788956689816,-2.209845179411633,0
15,0.8317792647218192,-2.209845179411633,0
15,0.9291796337746572,-2.209845179411633,0
15,1.0265800028274952,-2.209845179411633,0
15,1.1239803718803327,-2.209845179411633,0
15,1.2213807409331707,-2.209845179411633,0
15,1.3187811099860083,-2.209845179411633,0
15,1.4161814790388463,-2.209845179411633,0
15,1.5135818480916843,-2.209845179411633,0
15,1.6109822171445218,-2.209845179411633,0
15,1.7083825861973598,-2.209845179411633,0
15,1.8057829552501978,-2.209845179411633,0
15,1.9031833243030354,-2.209845179411633,0
15,2.000583693355873,-2.209845179411633,1
15,2.0979840624087114,-2.209845179411633,1
15,2.195384431461549,-2.209845179411633,1
15,2.2927848005143865,-2.209845179411633,1
15,2.390185169567225,-2.209845179411633,1
15,2.4875855386200625,-2.209845179411633,1
15,2.5849859076729,-2.209845179411633,1
15,2.6823862767257385,-2.209845179411633,1
15,2.779786645778576,-2.209845179411633,1
15,2.8771870148314136,-2.209845179411633,1
15,2.974587383884252,-2.209845179411633,1
15,3.0719877529370896,-2.209845179411633,1
15,3.169388121989927,-2.209845179411633,1
15,3.2667884910427656,-2.209845179411633,1
15,3.364188860095603,-2.209845179411633,1
15,3.4615892291484407,-2.209845179411633,1
15,3.5589895982012782,-2.209845179411633,1
15,3.6563899672541167,-2.209845179411633,1
15,3.7537903363069542,-2.209845179411633,1
15,3.851190705359792,-2.209845179411633,1
15,3.9485910744126302,-2.209845179411633,1
15,4.045991443465468,-2.209845179411633,1
15,4.143391812518305,-2.209845179411633,1
15,4.240792181571144,-2.209845179411633,1
15,4.338192550623981,-2.209845179411633,1
15,4.435592919676819,-2.209845179411633,1
15,4.532993288729657,-2.209845179411633,1
15,-2.1876321759161534,-2.132179641460072,0
15,-2.0902318068633154,-2.132179641460072,0
15,-1.992831437810478,-2.132179641460072,0
15,-1.89543106875764,-2.132179641460072,0
15,-1.7980306997048021,-2.132179641460072,0
15,-1.7006303306519643,-2.132179641460072,0
15,-1.6032299615991263,-2.132179641460072,0
15,-1.5058295925462886,-2.132179641460072,0
15,-1.4084292234934508,-2.132179641460072,0
15,-1.311028854440613,-2.132179641460072,0
15,-1.2136284853877752,-2.132179641460072,0
15,-1.1162281163349372,-2.132179641460072,0
15,-1.0188277472820995,-2.132179641460072,0
15,-0.9214273782292617,-2.132179641460072,0
15,-0.8240270091764237,-2.132179641460072,0
15,-0.7266266401235859,-2.132179641460072,0
15,-0.6292262710707481,-2.132179641460072,0
15,-0.5318259020179104,-2.132179641460072,0
15,-0.4344255329650726,-2.132179641460072,0
15,-0.3370251639122346,-2.132179641460072,0
15,-0.2396247948593968,-2.132179641460072,0
15,-0.14222442580655903,-2.132179641460072,0
15,-0.04482405675372103,-2.132179641460072,0
15,0.05257631229911652,-2.132179641460072,0
15,0.14997668135195452,-2.132179641460072,0
15,0.24737705040479252,-2.132179641460072,0
15,0.3447774194576301,-2.132179641460072,0
15,0.4421777885104681,-2.132179641460072,0
15,0.5395781575633061,-2.132179641460072,0
15,0.6369785266161436,-2.132179641460072,0
15,0.7343788956689816,-2.132179641460072,0
15,0.8317792647218192,-2.132179641460072,0
15,0.9291796337746572,-2.132179641460072,0
15,1.0265800028274952,-2.132179641460072,0
15,1.1239803718803327,-2.132179641460072,0
15,1.2213807409331707,-2.132179641460072,0
15,1.3187811099860083,-2.132179641460072,0
15,1.4161814790388463,-2.132179641460072,0
15,1.5135818480916843,-2.132179641460072,0
15,1.6109822171445218,-2.132179641460072,0
15,1.7083825861973598,-2.132179641460072,0
15,1.8057829552501978,-2.132179641460072,0
15,1.9031833243030354,-2.132179641460072,1
15,2.000583693355873,-2.132179641460072,1
15,2.0979840624087114,-2.132179641460072,1
15,2.195384431461549,-2.132179641460072,1
15,2.2927848005143865,-2.132179641460072,1
15,2.390185169567225,-2.132179641460072,1
15,2.4875855386200625,-2.132179641460072,1
15,2.5849859076729,-2.132179641460072,1
15,2.6823862767257385,-2.132179641460072,1
15,2.779786645778576,-2.132179641460072,1
15,2.8771870148314136,-2.132179641460072,1
15,2.974587383884252,-2.132179641460072,1
15,3.0719877529370896,-2.132179641460072,1
15,3.169388121989927,-2.132179641460072,1
15,3.2667884910427656,-2.132179641460072,1
15,3.364188860095603,-2.132179641460072,1
15,3.4615892291484407,-2.132179641460072,1
15,3.5589895982012782,-2.132179641460072,1
15,3.6563899672541167,-2.132179641460072,1
15,3.7537903363069542,-2.132179641460072,1
15,3.851190705359792,-2.132179641460072,1
15,3.9485910744126302,-2.132179641460072,1
15,4.045991443465468,-2.132179641460072,1
15,4.143391812518305,-2.132179641460072,1
15,4.240792181571144,-2.132179641460072,1
15,4.338192550623981,-2.132179641460072,1
15,4.435592919676819,-2.132179641460072,1
15,4.532993288729657,-2.132179641460072,1
15,-2.1876321759161534,-2.0545141035085113,0
15,-2.0902318068633154,-2.0545141035085113,0
15,-1.992831437810478,-2.0545141035085113,0
15,-1.89543106875764,-2.0545141035085113,0
15,-1.7980306997048021,-2.0545141035085113,0
15,-1.7006303306519643,-2.0545141035085113,0
15,-1.6032299615991263,-2.0545141035085113,0
15,-1.5058295925462886,-2.0545141035085113,0
15,-1.4084292234934508,-2.0545141035085113,0
15,-1.311028854440613,-2.0545141035085113,0
15,-1.2136284853877752,-2.0545141035085113,0
15,-1.1162281163349372,-2.0545141035085113,0
15,-1.0188277472820995,-2.0545141035085113,0
15,-0.9214273782292617,-2.0545141035085113,0
15,-0.8240270091764237,-2.0545141035085113,0
15,-0.7266266401235859,-2.0545141035085113,0
15,-0.6292262710707481,-2.0545141035085113,0
15,-0.5318259020179104,-2.0545141035085113,0
15,-0.4344255329650726,-2.0545141035085113,0
15,-0.3370251639122346,-2.0545141035085113,0
15,-0.2396247948593968,-2.0545141035085113,0
15,-0.14222442580655903,-2.0545141035085113,0
15,-0.04482405675372103,-2.0545141035085113,0
15,0.05257631229911652,-2.0545141035085113,0
15,0.14997668135195452,-2.0545141035085113,0
15,0.24737705040479252,-2.0545141035085113,0
15,0.3447774194576301,-2.0545141035085113,0
15,0.4421777885104681,-2.0545141035085113,0
15,0.5395781575633061,-2.0545141035085113,0
15,0.6369785266161436,-2.0545141035085113,0
15,0.7343788956689816,-2.0545141035085113,0
15,0.8317792647218192,-2.0545141035085113,0
15,0.9291796337746572,-2.0545141035085113,0
15,1.0265800028274952,-2.0545141035085113,0
15,1.1239803718803327,-2.0545141035085113,0
15,1.2213807409331707,-2.0545141035085113,0
15,1.3187811099860083,-2.0545141035085113,0
15,1.4161814790388463,-2.0545141035085113,0
15,1.5135818480916843,-2.0545141035085113,0
15,1.6109822171445218,-2.0545141035085113,0
15,1.7083825861973598,-2.0545141035085113,0
15,1.8057829552501978,-2.0545141035085113,0
15,1.9031833243030354,-2.0545141035085113,1
15,2.000583693355873,-2.0545141035085113,1
15,2.0979840624087114,-2.0545141035085113,1
15,2.195384431461549,-2.0545141035085113,1
15,2.2927848005143865,-2.0545141035085113,1
15,2.390185169567225,-2.0545141035085113,1
15,2.4875855386200625,-2.0545141035085113,1
15,2.5849859076729,-2.0545141035085113,1
15,2.6823862767257385,-2.0545141035085113,1
15,2.779786645778576,-2.0545141035085113,1
15,2.8771870148314136,-2.0545141035085113,1
15,2.974587383884252,-2.0545141035085113,1
15,3.0719877529370896,-2.0545141035085113,1
15,3.169388121989927,-2.0545141035085113,1
15,3.2667884910427656,-2.0545141035085113,1
15,3.364188860095603,-2.0545141035085113,1
15,3.4615892291484407,-2.0545141035085113,1
15,3.5589895982012782,-2.0545141035085113,1
15,3.6563899672541167,-2.0545141035085113,1
15,3.7537903363069542,-2.0545141035085113,1
15,3.851190705359792,-2.0545141035085113,1
15,3.9485910744126302,-2.0545141035085113,1
15,4.045991443465468,-2.0545141035085113,1
15,4.143391812518305,-2.0545141035085113,1
15,4.240792181571144,-2.0545141035085113,1
15,4.338192550623981,-2.0545141035085113,1
15,4.435592919676819,-2.0545141035085113,1
15,4.532993288729657,-2.0545141035085113,1
15,-2.1876321759161534,-1.97684856555695,0
15,-2.0902318068633154,-1.97684856555695,0
15,-1.992831437810478,-1.97684856555695,0
15,-1.89543106875764,-1.97684856555695,0
15,-1.7980306997048021,-1.97684856555695,0
15,-1.7006303306519643,-1.97684856555695,0
15,-1.6032299615991263,-1.97684856555695,0
15,-1.5058295925462886,-1.97684856555695,0
15,-1.4084292234934508,-1.97684856555695,0
15,-1.311028854440613,-1.97684856555695,0
15,-1.2136284853877752,-1.97684856555695,0
15,-1.1162281163349372,-1.97684856555695,0
15,-1.0188277472820995,-1.97684856555695,0
15,-0.9214273782292617,-1.97684856555695,0
15,-0.8240270091764237,-1.97684856555695,0
15,-0.7266266401235859,-1.97684856555695,0
15,-0.6292262710707481,-1.97684856555695,0
15,-0.5318259020179104,-1.97684856555695,0
15,-0.4344255329650726,-1.97684856555695,0
15,-0.3370251639122346,-1.97684856555695,0
15,-0.2396247948593968,-1.97684856555695,0
15,-0.14222442580655903,-1.97684856555695,0
15,-0.04482405675372103,-1.97684856555695,0
15,0.05257631229911652,-1.97684856555695,0
15,0.14997668135195452,-1.97684856555695,0
15,0.24737705040479252,-1.97684856555695,0
15,0.3447774194576301,-1.97684856555695,0
15,0.4421777885104681,-1.97684856555695,0
15,0.5395781575633061,-1.97684856555695,0
15,0.6369785266161436,-1.97684856555695,0
15,0.7343788956689816,-1.97684856555695,0
15,0.8317792647218192,-1.97684856555695,0
15,0.9291796337746572,-1.97684856555695,0
15,1.0265800028274952,-1.97684856555695,0
15,1.1239803718803327,-1.97684856555695,0
15,1.2213807409331707,-1.97684856555695,0
15,1.3187811099860083,-1.97684856555695,0
15,1.4161814790388463,-1.97684856555695,0
15,1.5135818480916843,-1.97684856555695,0
15,1.6109822171445218,-1.97684856555695,0
15,1.7083825861973598,-1.97684856555695,0
15,1.8057829552501978,-1.97684856555695,1
15,1.9031833243030354,-1.97684856555695,1
15,2.000583693355873,-1.97684856555695,1
15,2.0979840624087114,-1.97684856555695,1
15,2.195384431461549,-1.97684856555695,1
15,2.2927848005143865,-1.97684856555695,1
15,2.390185169567225,-1.97684856555695,1
15,2.4875855386200625,-1.97684856555695,1
15,2.5849859076729,-1.97684856555695,1
15,2.6823862767257385,-1.97684856555695,1
15,2.779786645778576,-1.97684856555695,1
15,2.8771870148314136,-1.97684856555695,1
15,2.974587383884252,-1.97684856555695,1
15,3.0719877529370896,-1.97684856555695,1
15,3.169388121989927,-1.97684856555695,1
15,3.2667884910427656,-1.97684856555695,1
15,3.364188860095603,-1.97684856555695,1
15,3.4615892291484407,-1.97684856555695,1
15,3.5589895982012782,-1.97684856555695,1
15,3.6563899672541167,-1.97684856555695,1
15,3.7537903363069542,-1.97684856555695,1
15,3.851190705359792,-1.97684856555695,1
15,3.9485910744126302,-1.97684856555695,1
15,4.045991443465468,-1.97684856555695,1
15,4.143391812518305,-1.97684856555695,1
15,4.240792181571144,-1.97684856555695,1
15,4.338192550623981,-1.97684856555695,1
15,4.435592919676819,-1.97684856555695,1
15,4.532993288729657,-1.97684856555695,1
15,-2.1876321759161534,-1.899183027605389,0
15,-2.0902318068633154,-1.899183027605389,0
15,-1.992831437810478,-1.899183027605389,0
15,-1.89543106875764,-1.899183027605389,0
15,-1.7980306997048021,-1.899183027605389,0
15,-1.7006303306519643,-1.899183027605389,0
15,-1.6032299615991263,-1.899183027605389,0
15,-1.5058295925462886,-1.899183027605389,0
15,-1.4084292234934508,-1.899183027605389,0
15,-1.311028854440613,-1.899183027605389,0
15,-1.2136284853877752,-1.899183027605389,0
15,-1.1162281163349372,-1.899183027605389,0
15,-1.0188277472820995,-1.899183027605389,0
15,-0.9214273782292617,-1.899183027605389,0
15,-0.8240270091764237,-1.899183027605389,0
15,-0.7266266401235859,-1.899183027605389,0
15,-0.6292262710707481,-1.899183027605389,0
15,-0.5318259020179104,-1.899183027605389,0
15,-0.4344255329650726,-1.899183027605389,0
15,-0.3370251639122346,-1.899183027605389,0
15,-0.2396247948593968,-1.899183027605389,0
15,-0.14222442580655903,-1.899183027605389,0
15,-0.04482405675372103,-1.899183027605389,0
15,0.05257631229911652,-1.899183027605389,0
15,0.14997668135195452,-1.899183027605389,0
15,0.24737705040479252,-1.899183027605389,0
15,0.3447774194576301,-1.899183027605389,0
15,0.4421777885104681,-1.899183027605389,0
15,0.5395781575633061,-1.899183027605389,0
15,0.6369785266161436,-1.899183027605389,0
15,0.7343788956689816,-1.899183027605389,0
15,0.8317792647218192,-1.899183027605389,0
15,0.9291796337746572,-1.899183027605389,0
15,1.0265800028274952,-1.899183027605389,0
15,1.1239803718803327,-1.899183027605389,0
15,1.2213807409331707,-1.899183027605389,0
15,1.3187811099860083,-1.899183027605389,0
15,1.4161814790388463,-1.899183027605389,0
15,1.5135818480916843,-1.899183027605389,0
15,1.6109822171445218,-1.899183027605389,0
15,1.7083825861973598,-1.899183027605389,1
15,1.8057829552501978,-1.899183027605389,1
15,1.9031833243030354,-1.899183027605389,1
15,2.000583693355873,-1.899183027605389,1
15,2.0979840624087114,-1.899183027605389,1
15,2.195384431461549,-1.899183027605389,1
15,2.2927848005143865,-1.899183027605389,1
15,2.390185169567225,-1.899183027605389,1
15,2.4875855386200625,-1.899183027605389,1
15,2.5849859076729,-1.899183027605389,1
15,2.6823862767257385,-1.899183027605389,1
15,2.779786645778576,-1.899183027605389,1
15,2.8771870148314136,-1.899183027605389,1
15,2.974587383884252,-1.899183027605389,1
15,3.0719877529370896,-1.899183027605389,1
15,3.169388121989927,-1.899183027605389,1
15,3.2667884910427656,-1.899183027605389,1
15,3.364188860095603,-1.899183027605389,1
15,3.4615892291484407,-1.899183027605389,1
15,3.5589895982012782,-1.899183027605389,1
15,3.6563899672541167,-1.899183027605389,1
15,3.7537903363069542,-1.899183027605389,1
15,3.851190705359792,-1.899183027605389,1
15,3.9485910744126302,-1.899183027605389,1
15,4.045991443465468,-1.899183027605389,1
15,4.143391812518305,-1.899183027605389,1
15,4.240792181571144,-1.899183027605389,1
15,4.338192550623981,-1.899183027605389,1
15,4.435592919676819,-1.899183027605389,1
15,4.532993288729657,-1.899183027605389,1
15,-2.1876321759161534,-1.821517489653828,0
15,-2.0902318068633154,-1.821517489653828,0
15,-1.992831437810478,-1.821517489653828,0
15,-1.89543106875764,-1.821517489653828,0
15,-1.7980306997048021,-1.821517489653828,0
15,-1.7006303306519643,-1.821517489653828,0
15,-1.6032299615991263,-1.821517489653828,0
15,-1.5058295925462886,-1.821517489653828,0
15,-1.4084292234934508,-1.821517489653828,0
15,-1.311028854440613,-1.821517489653828,0
15,-1.2136284853877752,-1.821517489653828,0
15,-1.1162281163349372,-1.821517489653828,0
15,-1.0188277472820995,-1.821517489653828,0
15,-0.9214273782292617,-1.821517489653828,0
15,-0.8240270091764237,-1.821517489653828,0
15,-0.7266266401235859,-1.821517489653828,0
15,-0.6292262710707481,-1.821517489653828,0
15,-0.5318259020179104,-1.821517489653828,0
15,-0.4344255329650726,-1.821517489653828,0
15,-0.3370251639122346,-1.821517489653828,0
15,-0.2396247948593968,-1.821517489653828,0
15,-0.14222442580655903,-1.821517489653828,0
15,-0.04482405675372103,-1.821517489653828,0
15,0.05257631229911652,-1.821517489653828,0
15,0.14997668135195452,-1.821517489653828,0
15,0.24737705040479252,-1.821517489653828,0
15,0.3447774194576301,-1.821517489653828,0
15,0.4421777885104681,-1.821517489653828,0
15,0.5395781575633061,-1.821517489653828,0
15,0.6369785266161436,-1.821517489653828,0
15,0.7343788956689816,-1.821517489653828,0
15,0.8317792647218192,-1.821517489653828,0
15,0.9291796337746572,-1.821517489653828,0
15,1.0265800028274952,-1.821517489653828,0
15,1.1239803718803327,-1.821517489653828,0
15,1.2213807409331707,-1.821517489653828,0
15,1.3187811099860083,-1.821517489653828,0
15,1.4161814790388463,-1.821517489653828,0
15,1.5135818480916843,-1.821517489653828,0
15,1.6109822171445218,-1.821517489653828,1
15,1.7083825861973598,-1.821517489653828,1
15,1.8057829552501978,-1.821517489653828,1
15,1.9031833243030354,-1.821517489653828,1
15,2.000583693355873,-1.821517489653828,1
15,2.0979840624087114,-1.821517489653828,1
15,2.195384431461549,-1.821517489653828,1
15,2.2927848005143865,-1.821517489653828,1
15,2.390185169567225,-1.821517489653828,1
15,2.4875855386200625,-1.821517489653828,1
15,2.5849859076729,-1.821517489653828,1
15,2.6823862767257385,-1.821517489653828,1
15,2.779786645778576,-1.821517489653828,1
15,2.8771870148314136,-1.821517489653828,1
15,2.974587383884252,-1.821517489653828,1
15,3.0719877529370896,-1.821517489653828,1
15,3.169388121989927,-1.821517489653828,1
15,3.2667884910427656,-1.821517489653828,1
15,3.364188860095603,-1.821517489653828,1
15,3.4615892291484407,-1.821517489653828,1
15,3.5589895982012782,-1.821517489653828,1
15,3.6563899672541167,-1.821517489653828,1
15,3.7537903363069542,-1.821517489653828,1
15,3.851190705359792,-1.821517489653828,1
15,3.9485910744126302,-1.821517489653828,1
15,4.045991443465468,-1.821517489653828,1
15,4.143391812518305,-1.821517489653828,1
15,4.240792181571144,-1.821517489653828,1
15,4.338192550623981,-1.821517489653828,1
15,4.435592919676819,-1.821517489653828,1
15,4.532993288729657,-1.821517489653828,1
15,-2.1876321759161534,-1.743851951702267,0
15,-2.0902318068633154,-1.743851951702267,0
15,-1.992831437810478,-1.743851951702267,0
15,-1.89543106875764,-1.743851951702267,0
15,-1.7980306997048021,-1.743851951702267,0
15,-1.7006303306519643,-1.743851951702267,0
15,-1.6032299615991263,-1.743851951702267,0
15,-1.5058295925462886,-1.743851951702267,0
15,-1.4084292234934508,-1.743851951702267,0
15,-1.311028854440613,-1.743851951702267,0
15,-1.2136284853877752,-1.743851951702267,0
15,-1.1162281163349372,-1.743851951702267,0
15,-1.0188277472820995,-1.743851951702267,0
15,-0.9214273782292617,-1.743851951702267,0
15,-0.8240270091764237,-1.743851951702267,0
15,-0.7266266401235859,-1.743851951702267,0
15,-0.6292262710707481,-1.743851951702267,0
15,-0.5318259020179104,-1.743851951702267,0
15,-0.4344255329650726,-1.743851951702267,0
15,-0.3370251639122346,-1.743851951702267,0
15,-0.2396247948593968,-1.743851951702267,0
15,-0.14222442580655903,-1.743851951702267,0
15,-0.04482405675372103,-1.743851951702267,0
15,0.05257631229911652,-1.743851951702267,0
15,0.14997668135195452,-1.743851951702267,0
15,0.24737705040479252,-1.743851951702267,0
15,0.3447774194576301,-1.743851951702267,0
15,0.4421777885104681,-1.743851951702267,0
15,0.5395781575633061,-1.743851951702267,0
15,0.6369785266161436,-1.743851951702267,0
15,0.7343788956689816,-1.743851951702267,0
15,0.8317792647218192,-1.743851951702267,0
15,0.9291796337746572,-1.743851951702267,0
15,1.0265800028274952,-1.743851951702267,0
15,1.1239803718803327,-1.743851951702267,0
15,1.2213807409331707,-1.743851951702267,0
15,1.3187811099860083,-1.743851951702267,0
15,1.4161814790388463,-1.743851951702267,0
15,1.5135818480916843,-1.743851951702267,0
15,1.6109822171445218,-1.743851951702267,1
15,1.7083825861973598,-1.743851951702267,1
15,1.8057829552501978,-1.743851951702267,1
15,1.9031833243030354,-1.743851951702267,1
15,2.000583693355873,-1.743851951702267,1
15,2.0979840624087114,-1.743851951702267,1
15,2.195384431461549,-1.743851951702267,1
15,2.2927848005143865,-1.743851951702267,1
15,2.390185169567225,-1.743851951702267,1
15,2.4875855386200625,-1.743851951702267,1
15,2.5849859076729,-1.743851951702267,1
15,2.6823862767257385,-1.743851951702267,1
15,2.779786645778576,-1.743851951702267,1
15,2.8771870148314136,-1.743851951702267,1
15,2.974587383884252,-1.743851951702267,1
15,3.0719877529370896,-1.743851951702267,1
15,3.169388121989927,-1.743851951702267,1
15,3.2667884910427656,-1.743851951702267,1
15,3.364188860095603,-1.743851951702267,1
15,3.4615892291484407,-1.743851951702267,1
15,3.5589895982012782,-1.743851951702267,1
15,3.6563899672541167,-1.743851951702267,1
15,3.7537903363069542,-1.743851951702267,1
15,3.851190705359792,-1.743851951702267,1
15,3.9485910744126302,-1.743851951702267,1
15,4.045991443465468,-1.743851951702267,1
15,4.143391812518305,-1.743851951702267,1
15,4.240792181571144,-1.743851951702267,1
15,4.338192550623981,-1.743851951702267,1
15,4.435592919676819,-1.743851951702267,1
15,4.532993288729657,-1.743851951702267,1
15,-2.1876321759161534,-1.6661864137507059,0
15,-2.0902318068633154,-1.6661864137507059,0
15,-1.992831437810478,-1.6661864137507059,0
15,-1.89543106875764,-1.6661864137507059,0
15,-1.7980306997048021,-1.6661864137507059,0
15,-1.7006303306519643,-1.6661864137507059,0
15,-1.6032299615991263,-1.6661864137507059,0
15,-1.5058295925462886,-1.6661864137507059,0
15,-1.4084292234934508,-1.6661864137507059,0
15,-1.311028854440613,-1.6661864137507059,0
15,-1.2136284853877752,-1.6661864137507059,0
15,-1.1162281163349372,-1.6661864137507059,0
15,-1.0188277472820995,-1.6661864137507059,0
15,-0.9214273782292617,-1.6661864137507059,0
15,-0.8240270091764237,-1.6661864137507059,0
15,-0.7266266401235859,-1.6661864137507059,0
15,-0.6292262710707481,-1.6661864137507059,0
15,-0.5318259020179104,-1.6661864137507059,0
15,-0.4344255329650726,-1.6661864137507059,0
15,-0.3370251639122346,-1.6661864137507059,0
15,-0.2396247948593968,-1.6661864137507059,0
15,-0.14222442580655903,-1.6661864137507059,0
15,-0.04482405675372103,-1.6661864137507059,0
15,0.05257631229911652,-1.6661864137507059,0
15,0.14997668135195452,-1.6661864137507059,0
15,0.24737705040479252,-1.6661864137507059,0
15,0.3447774194576301,-1.6661864137507059,0
15,0.4421777885104681,-1.6661864137507059,0
15,0.5395781575633061,-1.6661864137507059,0
15,0.6369785266161436,-1.6661864137507059,0
15,0.7343788956689816,-1.6661864137507059,0
15,0.8317792647218192,-1.6661864137507059,0
15,0.9291796337746572,-1.6661864137507059,0
15,1.0265800028274952,-1.6661864137507059,0
15,1.1239803718803327,-1.6661864137507059,0
15,1.2213807409331707,-1.6661864137507059,0
15,1.3187811099860083,-1.6661864137507059,0
15,1.4161814790388463,-1.6661864137507059,0
15,1.5135818480916843,-1.6661864137507059,1
15,1.6109822171445218,-1.6661864137507059,1
15,1.7083825861973598,-1.6661864137507059,1
15,1.8057829552501978,-1.6661864137507059,1
15,1.9031833243030354,-1.6661864137507059,1
15,2.000583693355873,-1.6661864137507059,1
15,2.0979840624087114,-1.6661864137507059,1
15,2.195384431461549,-1.6661864137507059,1
15,2.2927848005143865,-1.6661864137507059,1
15,2.390185169567225,-1.6661864137507059,1
15,2.4875855386200625,-1.6661864137507059,1
15,2.5849859076729,-1.6661864137507059,1
15,2.6823862767257385,-1.6661864137507059,1
15,2.779786645778576,-1.6661864137507059,1
15,2.8771870148314136,-1.6661864137507059,1
15,2.974587383884252,-1.6661864137507059,1
15,3.0719877529370896,-1.6661864137507059,1
15,3.169388121989927,-1.6661864137507059,1
15,3.2667884910427656,-1.6661864137507059,1
15,3.364188860095603,-1.6661864137507059,1
15,3.4615892291484407,-1.6661864137507059,1
15,3.5589895982012782,-1.6661864137507059,1
15,3.6563899672541167,-1.6661864137507059,1
15,3.7537903363069542,-1.6661864137507059,1
15,3.851190705359792,-1.6661864137507059,1
15,3.9485910744126302,-1.6661864137507059,1
15,4.045991443465468,-1.6661864137507059,1
15,4.143391812518305,-1.6661864137507059,1
15,4.240792181571144,-1.6661864137507059,1
15,4.338192550623981,-1.6661864137507059,1
15,4.435592919676819,-1.6661864137507059,1
15,4.532993288729657,-1.6661864137507059,1
15,-2.1876321759161534,-1.5885208757991447,0
15,-2.0902318068633154,-1.5885208757991447,0
15,-1.992831437810478,-1.5885208757991447,0
15,-1.89543106875764,-1.5885208757991447,0
15,-1.7980306997048021,-1.5885208757991447,0
15,-1.7006303306519643,-1.5885208757991447,0
15,-1.6032299615991263,-1.5885208757991447,0
15,-1.5058295925462886,-1.5885208757991447,0
15,-1.4084292234934508,-1.5885208757991447,0
15,-1.311028854440613,-1.5885208757991447,0
15,-1.2136284853877752,-1.5885208757991447,0
15,-1.1162281163349372,-1.5885208757991447,0
15,-1.0188277472820995,-1.5885208757991447,0
15,-0.9214273782292617,-1.5885208757991447,0
15,-0.8240270091764237,-1.5885208757991447,0
15,-0.7266266401235859,-1.5885208757991447,0
15,-0.6292262710707481,-1.5885208757991447,0
15,-0.5318259020179104,-1.5885208757991447,0
15,-0.4344255329650726,-1.5885208757991447,0
15,-0.3370251639122346,-1.5885208757991447,0
15,-0.2396247948593968,-1.5885208757991447,0
15,-0.14222442580655903,-1.5885208757991447,0
15,-0.04482405675372103,-1.5885208757991447,0
15,0.05257631229911652,-1.5885208757991447,0
15,0.14997668135195452,-1.5885208757991447,0
15,0.24737705040479252,-1.5885208757991447,0
15,0.3447774194576301,-1.5885208757991447,0
15,0.4421777885104681,-1.5885208757991447,0
15,0.5395781575633061,-1.5885208757991447,0
15,0.6369785266161436,-1.5885208757991447,0
15,0.7343788956689816,-1.5885208757991447,0
15,0.8317792647218192,-1.5885208757991447,0
15,0.9291796337746572,-1.5885208757991447,0
15,1.0265800028274952,-1.5885208757991447,0
15,1.1239803718803327,-1.5885208757991447,0
15,1.2213807409331707,-1.5885208757991447,0
15,1.3187811099860083,-1.5885208757991447,0
15,1.4161814790388463,-1.5885208757991447,0
15,1.5135818480916843,-1.5885208757991447,1
15,1.6109822171445218,-1.5885208757991447,1
15,1.7083825861973598,-1.5885208757991447,1
15,1.8057829552501978,-1.5885208757991447,1
15,1.9031833243030354,-1.5885208757991447,1
15,2.000583693355873,-1.5885208757991447,1
15,2.0979840624087114,-1.5885208757991447,1
15,2.195384431461549,-1.5885208757991447,1
15,2.2927848005143865,-1.5885208757991447,1
15,2.390185169567225,-1.5885208757991447,1
15,2.4875855386200625,-1.5885208757991447,1
15,2.5849859076729,-1.5885208757991447,1
15,2.6823862767257385,-1.5885208757991447,1
15,2.779786645778576,-1.5885208757991447,1
15,2.8771870148314136,-1.5885208757991447,1
15,2.974587383884252,-1.5885208757991447,1
15,3.0719877529370896,-1.5885208757991447,1
15,3.169388121989927,-1.5885208757991447,1
15,3.2667884910427656,-1.5885208757991447,1
15,3.364188860095603,-1.5885208757991447,1
15,3.4615892291484407,-1.5885208757991447,1
15,3.5589895982012782,-1.5885208757991447,1
15,3.6563899672541167,-1.5885208757991447,1
15,3.7537903363069542,-1.5885208757991447,1
15,3.851190705359792,-1.5885208757991447,1
15,3.9485910744126302,-1.5885208757991447,1
15,4.045991443465468,-1.5885208757991447,1
15,4.143391812518305,-1.5885208757991447,1
15,4.240792181571144,-1.5885208757991447,1
15,4.338192550623981,-1.5885208757991447,1
15,4.435592919676819,-1.5885208757991447,1
15,4.532993288729657,-1.5885208757991447,1
15,-2.1876321759161534,-1.5108553378475837,0
15,-2.0902318068633154,-1.5108553378475837,0
15,-1.992831437810478,-1.5108553378475837,0
15,-1.89543106875764,-1.5108553378475837,0
15,-1.7980306997048021,-1.5108553378475837,0
15,-1.7006303306519643,-1.5108553378475837,0
15,-1.6032299615991263,-1.5108553378475837,0
15,-1.5058295925462886,-1.5108553378475837,0
15,-1.4084292234934508,-1.5108553378475837,0
15,-1.311028854440613,-1.5108553378475837,0
15,-1.2136284853877752,-1.5108553378475837,0
15,-1.1162281163349372,-1.5108553378475837,0
15,-1.0188277472820995,-1.5108553378475837,0
15,-0.9214273782292617,-1.5108553378475837,0
15,-0.8240270091764237,-1.5108553378475837,0
15,-0.7266266401235859,-1.5108553378475837,0
15,-0.6292262710707481,-1.5108553378475837,0
15,-0.5318259020179104,-1.5108553378475837,0
15,-0.4344255329650726,-1.5108553378475837,0
15,-0.3370251639122346,-1.5108553378475837,0
15,-0.2396247948593968,-1.5108553378475837,0
15,-0.14222442580655903,-1.5108553378475837,0
15,-0.04482405675372103,-1.5108553378475837,0
15,0.05257631229911652,-1.5108553378475837,0
15,0.14997668135195452,-1.5108553378475837,0
15,0.24737705040479252,-1.5108553378475837,0
15,0.3447774194576301,-1.5108553378475837,0
15,0.4421777885104681,-1.5108553378475837,0
15,0.5395781575633061,-1.5108553378475837,0
15,0.6369785266161436,-1.5108553378475837,0
15,0.7343788956689816,-1.5108553378475837,0
15,0.8317792647218192,-1.5108553378475837,0
15,0.9291796337746572,-1.5108553378475837,0
15,1.0265800028274952,-1.5108553378475837,0
15,1.1239803718803327,-1.5108553378475837,0
15,1.2213807409331707,-1.5108553378475837,0
15,1.3187811099860083,-1.5108553378475837,0
15,1.4161814790388463,-1.5108553378475837,1
15,1.5135818480916843,-1.5108553378475837,1
15,1.6109822171445218,-1.5108553378475837,1
15,1.7083825861973598,-1.5108553378475837,1
15,1.8057829552501978,-1.5108553378475837,1
15,1.9031833243030354,-1.5108553378475837,1
15,2.000583693355873,-1.5108553378475837,1
15,2.0979840624087114,-1.5108553378475837,1
15,2.195384431461549,-1.5108553378475837,1
15,2.2927848005143865,-1.5108553378475837,1
15,2.390185169567225,-1.5108553378475837,1
15,2.4875855386200625,-1.5108553378475837,1
15,2.5849859076729,-1.5108553378475837,1
15,2.6823862767257385,-1.5108553378475837,1
15,2.779786645778576,-1.5108553378475837,1
15,2.8771870148314136,-1.5108553378475837,1
15,2.974587383884252,-1.5108553378475837,1
15,3.0719877529370896,-1.5108553378475837,1
15,3.169388121989927,-1.5108553378475837,1
15,3.2667884910427656,-1.5108553378475837,1
15,3.364188860095603,-1.5108553378475837,1
15,3.4615892291484407,-1.5108553378475837,1
15,3.5589895982012782,-1.5108553378475837,1
15,3.6563899672541167,-1.5108553378475837,1
15,3.7537903363069542,-1.5108553378475837,1
15,3.851190705359792,-1.5108553378475837,1
15,3.9485910744126302,-1.5108553378475837,1
15,4.045991443465468,-1.5108553378475837,1
15,4.143391812518305,-1.5108553378475837,1
15,4.240792181571144,-1.5108553378475837,1
15,4.338192550623981,-1.5108553378475837,1
15,4.435592919676819,-1.5108553378475837,1
15,4.532993288729657,-1.5108553378475837,1
15,-2.1876321759161534,-1.4331897998960228,0
15,-2.0902318068633154,-1.4331897998960228,0
15,-1.992831437810478,-1.4331897998960228,0
15,-1.89543106875764,-1.4331897998960228,0
15,-1.7980306997048021,-1.4331897998960228,0
15,-1.7006303306519643,-1.4331897998960228,0
15,-1.6032299615991263,-1.4331897998960228,0
15,-1.5058295925462886,-1.4331897998960228,0
15,-1.4084292234934508,-1.4331897998960228,0
15,-1.311028854440613,-1.4331897998960228,0
15,-1.2136284853877752,-1.4331897998960228,0
15,-1.1162281163349372,-1.4331897998960228,0
15,-1.0188277472820995,-1.4331897998960228,0
15,-0.9214273782292617,-1.4331897998960228,0
15,-0.8240270091764237,-1.4331897998960228,0
15,-0.7266266401235859,-1.4331897998960228,0
15,-0.6292262710707481,-1.4331897998960228,0
15,-0.5318259020179104,-1.4331897998960228,0
15,-0.4344255329650726,-1.4331897998960228,0
15,-0.3370251639122346,-1.4331897998960228,0
15,-0.2396247948593968,-1.4331897998960228,0
15,-0.14222442580655903,-1.4331897998960228,0
15,-0.04482405675372103,-1.4331897998960228,0
15,0.05257631229911652,-1.4331897998960228,0
15,0.14997668135195452,-1.4331897998960228,0
15,0.24737705040479252,-1.4331897998960228,0
15,0.3447774194576301,-1.4331897998960228,0
15,0.4421777885104681,-1.4331897998960228,0
15,0.5395781575633061,-1.4331897998960228,0
15,0.6369785266161436,-1.4331897998960228,0
15,0.7343788956689816,-1.4331897998960228,0
15,0.8317792647218192,-1.4331897998960228,0
15,0.9291796337746572,-1.4331897998960228,0
15,1.0265800028274952,-1.4331897998960228,0
15,1.1239803718803327,-1.4331897998960228,0
15,1.2213807409331707,-1.4331897998960228,0
15,1.3187811099860083,-1.4331897998960228,0
15,1.4161814790388463,-1.4331897998960228,1
15,1.5135818480916843,-1.4331897998960228,1
15,1.6109822171445218,-1.4331897998960228,1
15,1.7083825861973598,-1.4331897998960228,1
15,1.8057829552501978,-1.4331897998960228,1
15,1.9031833243030354,-1.4331897998960228,1
15,2.000583693355873,-1.4331897998960228,1
15,2.0979840624087114,-1.4331897998960228,1
15,2.195384431461549,-1.4331897998960228,1
15,2.2927848005143865,-1.4331897998960228,1
15,2.390185169567225,-1.4331897998960228,1
15,2.4875855386200625,-1.4331897998960228,1
15,2.5849859076729,-1.4331897998960228,1
15,2.6823862767257385,-1.4331897998960228,1
15,2.779786645778576,-1.4331897998960228,1
15,2.8771870148314136,-1.4331897998960228,1
15,2.974587383884252,-1.4331897998960228,1
15,3.0719877529370896,-1.4331897998960228,1
15,3.169388121989927,-1.4331897998960228,1
15,3.2667884910427656,-1.4331897998960228,1
15,3.364188860095603,-1.4331897998960228,1
15,3.4615892291484407,-1.4331897998960228,1
15,3.5589895982012782,-1.4331897998960228,1
15,3.6563899672541167,-1.4331897998960228,1
15,3.7537903363069542,-1.4331897998960228,1
15,3.851190705359792,-1.4331897998960228,1
15,3.9485910744126302,-1.4331897998960228,1
15,4.045991443465468,-1.4331897998960228,1
15,4.143391812518305,-1.4331897998960228,1
15,4.240792181571144,-1.4331897998960228,1
15,4.338192550623981,-1.4331897998960228,1
15,4.435592919676819,-1.4331897998960228,1
15,4.532993288729657,-1.4331897998960228,1
15,-2.1876321759161534,-1.3555242619444616,0
15,-2.0902318068633154,-1.3555242619444616,0
15,-1.992831437810478,-1.3555242619444616,0
15,-1.89543106875764,-1.3555242619444616,0
15,-1.7980306997048021,-1.3555242619444616,0
15,-1.7006303306519643,-1.3555242619444616,0
15,-1.6032299615991263,-1.3555242619444616,0
15,-1.5058295925462886,-1.3555242619444616,0
15,-1.4084292234934508,-1.3555242619444616,0
15,-1.311028854440613,-1.3555242619444616,0
15,-1.2136284853877752,-1.3555242619444616,0
15,-1.1162281163349372,-1.3555242619444616,0
15,-1.0188277472820995,-1.3555242619444616,0
15,-0.9214273782292617,-1.3555242619444616,0
15,-0.8240270091764237,-1.3555242619444616,0
15,-0.7266266401235859,-1.3555242619444616,0
15,-0.6292262710707481,-1.3555242619444616,0
15,-0.5318259020179104,-1.3555242619444616,0
15,-0.4344255329650726,-1.3555242619444616,0
15,-0.3370251639122346,-1.3555242619444616,0
15,-0.2396247948593968,-1.3555242619444616,0
15,-0.14222442580655903,-1.3555242619444616,0
15,-0.04482405675372103,-1.3555242619444616,0
15,0.05257631229911652,-1.3555242619444616,0
15,0.14997668135195452,-1.3555242619444616,0
15,0.24737705040479252,-1.3555242619444616,0
15,0.3447774194576301,-1.3555242619444616,0
15,0.4421777885104681,-1.3555242619444616,0
15,0.5395781575633061,-1.3555242619444616,0
15,0.6369785266161436,-1.3555242619444616,0
15,0.7343788956689816,-1.3555242619444616,0
15,0.8317792647218192,-1.3555242619444616,0
15,0.9291796337746572,-1.3555242619444616,0
15,1.0265800028274952,-1.3555242619444616,0
15,1.1239803718803327,-1.3555242619444616,0
15,1.2213807409331707,-1.3555242619444616,0
15,1.3187811099860083,-1.3555242619444616,1
15,1.4161814790388463,-1.3555242619444616,1
15,1.5135818480916843,-1.3555242619444616,1
15,1.6109822171445218,-1.3555242619444616,1
15,1.7083825861973598,-1.3555242619444616,1
15,1.8057829552501978,-1.3555242619444616,1
15,1.9031833243030354,-1.3555242619444616,1
15,2.000583693355873,-1.3555242619444616,1
15,2.0979840624087114,-1.3555242619444616,1
15,2.195384431461549,-1.3555242619444616,1
15,2.2927848005143865,-1.3555242619444616,1
15,2.390185169567225,-1.3555242619444616,1
15,2.4875855386200625,-1.3555242619444616,1
15,2.5849859076729,-1.3555242619444616,1
15,2.6823862767257385,-1.3555242619444616,1
15,2.779786645778576,-1.3555242619444616,1
15,2.8771870148314136,-1.3555242619444616,1
15,2.974587383884252,-1.3555242619444616,1
15,3.0719877529370896,-1.3555242619444616,1
15,3.169388121989927,-1.3555242619444616,1
15,3.2667884910427656,-1.3555242619444616,1
15,3.364188860095603,-1.3555242619444616,1
15,3.4615892291484407,-1.3555242619444616,1
15,3.5589895982012782,-1.3555242619444616,1
15,3.6563899672541167,-1.3555242619444616,1
15,3.7537903363069542,-1.3555242619444616,1
15,3.851190705359792,-1.3555242619444616,1
15,3.9485910744126302,-1.3555242619444616,1
15,4.045991443465468,-1.3555242619444616,1
15,4.143391812518305,-1.3555242619444616,1
15,4.240792181571144,-1.3555242619444616,1
15,4.338192550623981,-1.3555242619444616,1
15,4.435592919676819,-1.3555242619444616,1
15,4.532993288729657,-1.3555242619444616,1
15,-2.1876321759161534,-1.2778587239929007,0
15,-2.0902318068633154,-1.2778587239929007,0
15,-1.992831437810478,-1.2778587239929007,0
15,-1.89543106875764,-1.2778587239929007,0
15,-1.7980306997048021,-1.2778587239929007,0
15,-1.7006303306519643,-1.2778587239929007,0
15,-1.6032299615991263,-1.2778587239929007,0
15,-1.5058295925462886,-1.2778587239929007,0
15,-1.4084292234934508,-1.2778587239929007,0
15,-1.311028854440613,-1.2778587239929007,0
15,-1.2136284853877752,-1.2778587239929007,0
15,-1.1162281163349372,-1.2778587239929007,0
15,-1.0188277472820995,-1.2778587239929007,0
15,-0.9214273782292617,-1.2778587239929007,0
15,-0.8240270091764237,-1.2778587239929007,0
15,-0.7266266401235859,-1.2778587239929007,0
15,-0.6292262710707481,-1.2778587239929007,0
15,-0.5318259020179104,-1.2778587239929007,0
15,-0.4344255329650726,-1.2778587239929007,0
15,-0.3370251639122346,-1.2778587239929007,0
15,-0.2396247948593968,-1.2778587239929007,0
15,-0.14222442580655903,-1.2778587239929007,0
15,-0.04482405675372103,-1.2778587239929007,0
15,0.05257631229911652,-1.2778587239929007,0
15,0.14997668135195452,-1.2778587239929007,0
15,0.24737705040479252,-1.2778587239929007,0
15,0.3447774194576301,-1.2778587239929007,0
15,0.4421777885104681,-1.2778587239929007,0
15,0.5395781575633061,-1.2778587239929007,0
15,0.6369785266161436,-1.2778587239929007,0
15,0.7343788956689816,-1.2778587239929007,0
15,0.8317792647218192,-1.2778587239929007,0
15,0.9291796337746572,-1.2778587239929007,0
15,1.0265800028274952,-1.2778587239929007,0
15,1.1239803718803327,-1.2778587239929007,0
15,1.2213807409331707,-1.2778587239929007,1
15,1.3187811099860083,-1.2778587239929007,1
15,1.4161814790388463,-1.2778587239929007,1
15,1.5135818480916843,-1.2778587239929007,1
15,1.6109822171445218,-1.2778587239929007,1
15,1.7083825861973598,-1.2778587239929007,1
15,1.8057829552501978,-1.2778587239929007,1
15,1.9031833243030354,-1.2778587239929007,1
15,2.000583693355873,-1.2778587239929007,1
15,2.0979840624087114,-1.2778587239929007,1
15,2.195384431461549,-1.2778587239929007,1
15,2.2927848005143865,-1.2778587239929007,1
15,2.390185169567225,-1.2778587239929007,1
15,2.4875855386200625,-1.2778587239929007,1
15,2.5849859076729,-1.2778587239929007,1
15,2.6823862767257385,-1.2778587239929007,1
15,2.779786645778576,-1.2778587239929007,1
15,2.8771870148314136,-1.2778587239929007,1
15,2.974587383884252,-1.2778587239929007,1
15,3.0719877529370896,-1.2778587239929007,1
15,3.169388121989927,-1.2778587239929007,1
15,3.2667884910427656,-1.2778587239929007,1
15,3.364188860095603,-1.2778587239929007,1
15,3.4615892291484407,-1.2778587239929007,1
15,3.5589895982012782,-1.2778587239929007,1
15,3.6563899672541167,-1.2778587239929007,1
15,3.7537903363069542,-1.2778587239929007,1
15,3.851190705359792,-1.2778587239929007,1
15,3.9485910744126302,-1.2778587239929007,1
15,4.045991443465468,-1.2778587239929007,1
15,4.143391812518305,-1.2778587239929007,1
15,4.240792181571144,-1.2778587239929007,1
15,4.338192550623981,-1.2778587239929007,1
15,4.435592919676819,-1.2778587239929007,1
15,4.532993288729657,-1.2778587239929007,1
15,-2.1876321759161534,-1.2001931860413395,0
15,-2.0902318068633154,-1.2001931860413395,0
15,-1.992831437810478,-1.2001931860413395,0
15,-1.89543106875764,-1.2001931860413395,0
15,-1.7980306997048021,-1.2001931860413395,0
15,-1.7006303306519643,-1.2001931860413395,0
15,-1.6032299615991263,-1.2001931860413395,0
15,-1.5058295925462886,-1.2001931860413395,0
15,-1.4084292234934508,-1.2001931860413395,0
15,-1.311028854440613,-1.2001931860413395,0
15,-1.2136284853877752,-1.2001931860413395,0
15,-1.1162281163349372,-1.2001931860413395,0
15,-1.0188277472820995,-1.2001931860413395,0
15,-0.9214273782292617,-1.2001931860413395,0
15,-0.8240270091764237,-1.2001931860413395,0
15,-0.7266266401235859,-1.2001931860413395,0
15,-0.6292262710707481,-1.2001931860413395,0
15,-0.5318259020179104,-1.2001931860413395,0
15,-0.4344255329650726,-1.2001931860413395,0
15,-0.3370251639122346,-1.2001931860413395,0
15,-0.2396247948593968,-1.2001931860413395,0
15,-0.14222442580655903,-1.2001931860413395,0
15,-0.04482405675372103,-1.2001931860413395,0
15,0.05257631229911652,-1.2001931860413395,0
15,0.14997668135195452,-1.2001931860413395,0
15,0.24737705040479252,-1.2001931860413395,0
15,0.3447774194576301,-1.2001931860413395,0
15,0.4421777885104681,-1.2001931860413395,0
15,0.5395781575633061,-1.2001931860413395,0
15,0.6369785266161436,-1.2001931860413395,0
15,0.7343788956689816,-1.2001931860413395,0
15,0.8317792647218192,-1.2001931860413395,0
15,0.9291796337746572,-1.2001931860413395,0
15,1.0265800028274952,-1.2001931860413395,0
15,1.1239803718803327,-1.2001931860413395,0
15,1.2213807409331707,-1.2001931860413395,1
15,1.3187811099860083,-1.2001931860413395,1
15,1.4161814790388463,-1.2001931860413395,1
15,1.5135818480916843,-1.2001931860413395,1
15,1.6109822171445218,-1.2001931860413395,1
15,1.7083825861973598,-1.2001931860413395,1
15,1.8057829552501978,-1.2001931860413395,1
15,1.9031833243030354,-1.2001931860413395,1
15,2.000583693355873,-1.2001931860413395,1
15,2.0979840624087114,-1.2001931860413395,1
15,2.195384431461549,-1.2001931860413395,1
15,2.2927848005143865,-1.2001931860413395,1
15,2.390185169567225,-1.2001931860413395,1
15,2.4875855386200625,-1.2001931860413395,1
15,2.5849859076729,-1.2001931860413395,1
15,2.6823862767257385,-1.2001931860413395,1
15,2.779786645778576,-1.2001931860413395,1
15,2.8771870148314136,-1.2001931860413395,1
15,2.974587383884252,-1.2001931860413395,1
15,3.0719877529370896,-1.2001931860413395,1
15,3.169388121989927,-1.2001931860413395,1
15,3.2667884910427656,-1.2001931860413395,1
15,3.364188860095603,-1.2001931860413395,1
15,3.4615892291484407,-1.2001931860413395,1
15,3.5589895982012782,-1.2001931860413395,1
15,3.6563899672541167,-1.2001931860413395,1
15,3.7537903363069542,-1.2001931860413395,1
15,3.851190705359792,-1.2001931860413395,1
15,3.9485910744126302,-1.2001931860413395,1
15,4.045991443465468,-1.2001931860413395,1
15,4.143391812518305,-1.2001931860413395,1
15,4.240792181571144,-1.2001931860413395,1
15,4.338192550623981,-1.2001931860413395,1
15,4.435592919676819,-1.2001931860413395,1
15,4.532993288729657,-1.2001931860413395,1
15,-2.1876321759161534,-1.1225276480897786,0
15,-2.0902318068633154,-1.1225276480897786,0
15,-1.992831437810478,-1.1225276480897786,0
15,-1.89543106875764,-1.1225276480897786,0
15,-1.7980306997048021,-1.1225276480897786,0
15,-1.7006303306519643,-1.1225276480897786,0
15,-1.6032299615991263,-1.1225276480897786,0
15,-1.5058295925462886,-1.1225276480897786,0
15,-1.4084292234934508,-1.1225276480897786,0
15,-1.311028854440613,-1.1225276480897786,0
15,-1.2136284853877752,-1.1225276480897786,0
15,-1.1162281163349372,-1.1225276480897786,0
15,-1.0188277472820995,-1.1225276480897786,0
15,-0.9214273782292617,-1.1225276480897786,0
15,-0.8240270091764237,-1.1225276480897786,0
15,-0.7266266401235859,-1.1225276480897786,0
15,-0.6292262710707481,-1.1225276480897786,0
15,-0.5318259020179104,-1.1225276480897786,0
15,-0.4344255329650726,-1.1225276480897786,0
15,-0.3370251639122346,-1.1225276480897786,0
15,-0.2396247948593968,-1.1225276480897786,0
15,-0.14222442580655903,-1.1225276480897786,0
15,-0.04482405675372103,-1.1225276480897786,0
15,0.05257631229911652,-1.1225276480897786,0
15,0.14997668135195452,-1.1225276480897786,0
15,0.24737705040479252,-1.1225276480897786,0
15,0.3447774194576301,-1.1225276480897786,0
15,0.4421777885104681,-1.1225276480897786,0
15,0.5395781575633061,-1.1225276480897786,0
15,0.6369785266161436,-1.1225276480897786,0
15,0.7343788956689816,-1.1225276480897786,0
15,0.8317792647218192,-1.1225276480897786,0
15,0.9291796337746572,-1.1225276480897786,0
15,1.0265800028274952,-1.1225276480897786,0
15,1.1239803718803327,-1.1225276480897786,1
15,1.2213807409331707,-1.1225276480897786,1
15,1.3187811099860083,-1.1225276480897786,1
15,1.4161814790388463,-1.1225276480897786,1
15,1.5135818480916843,-1.1225276480897786,1
15,1.6109822171445218,-1.1225276480897786,1
15,1.7083825861973598,-1.1225276480897786,1
15,1.8057829552501978,-1.1225276480897786,1
15,1.9031833243030354,-1.1225276480897786,1
15,2.000583693355873,-1.1225276480897786,1
15,2.0979840624087114,-1.1225276480897786,1
15,2.195384431461549,-1.1225276480897786,1
15,2.2927848005143865,-1.1225276480897786,1
15,2.390185169567225,-1.1225276480897786,1
15,2.4875855386200625,-1.1225276480897786,1
15,2.5849859076729,-1.1225276480897786,1
15,2.6823862767257385,-1.1225276480897786,1
15,2.779786645778576,-1.1225276480897786,1
15,2.8771870148314136,-1.1225276480897786,1
15,2.974587383884252,-1.1225276480897786,1
15,3.0719877529370896,-1.1225276480897786,1
15,3.169388121989927,-1.1225276480897786,1
15,3.2667884910427656,-1.1225276480897786,1
15,3.364188860095603,-1.1225276480897786,1
15,3.4615892291484407,-1.1225276480897786,1
15,3.5589895982012782,-1.1225276480897786,1
15,3.6563899672541167,-1.1225276480897786,1
15,3.7537903363069542,-1.1225276480897786,1
15,3.851190705359792,-1.1225276480897786,1
15,3.9485910744126302,-1.1225276480897786,1
15,4.045991443465468,-1.1225276480897786,1
15,4.143391812518305,-1.1225276480897786,1
15,4.240792181571144,-1.1225276480897786,1
15,4.338192550623981,-1.1225276480897786,1
15,4.435592919676819,-1.1225276480897786,1
15,4.532993288729657,-1.1225276480897786,1
15,-2.1876321759161534,-1.0448621101382174,0
15,-2.0902318068633154,-1.0448621101382174,0
15,-1.992831437810478,-1.0448621101382174,0
15,-1.89543106875764,-1.0448621101382174,0
15,-1.7980306997048021,-1.0448621101382174,0
15,-1.7006303306519643,-1.0448621101382174,0
15,-1.6032299615991263,-1.0448621101382174,0
15,-1.5058295925462886,-1.0448621101382174,0
15,-1.4084292234934508,-1.0448621101382174,0
15,-1.311028854440613,-1.0448621101382174,0
15,-1.2136284853877752,-1.0448621101382174,0
15,-1.1162281163349372,-1.0448621101382174,0
15,-1.0188277472820995,-1.0448621101382174,0
15,-0.9214273782292617,-1.0448621101382174,0
15,-0.8240270091764237,-1.0448621101382174,0
15,-0.7266266401235859,-1.0448621101382174,0
15,-0.6292262710707481,-1.0448621101382174,0
15,-0.5318259020179104,-1.0448621101382174,0
15,-0.4344255329650726,-1.0448621101382174,0
15,-0.3370251639122346,-1.0448621101382174,0
15,-0.2396247948593968,-1.0448621101382174,0
15,-0.14222442580655903,-1.0448621101382174,0
15,-0.04482405675372103,-1.0448621101382174,0
15,0.05257631229911652,-1.0448621101382174,0
15,0.14997668135195452,-1.0448621101382174,0
15,0.24737705040479252,-1.0448621101382174,0
15,0.3447774194576301,-1.0448621101382174,0
15,0.4421777885104681,-1.0448621101382174,0
15,0.5395781575633061,-1.0448621101382174,0
15,0.6369785266161436,-1.0448621101382174,0
15,0.7343788956689816,-1.0448621101382174,0
15,0.8317792647218192,-1.0448621101382174,0
15,0.9291796337746572,-1.0448621101382174,0
15,1.0265800028274952,-1.0448621101382174,1
15,1.1239803718803327,-1.0448621101382174,1
15,1.2213807409331707,-1.0448621101382174,1
15,1.3187811099860083,-1.0448621101382174,1
15,1.4161814790388463,-1.0448621101382174,1
15,1.5135818480916843,-1.0448621101382174,1
15,1.6109822171445218,-1.0448621101382174,1
15,1.7083825861973598,-1.0448621101382174,1
15,1.8057829552501978,-1.0448621101382174,1
15,1.9031833243030354,-1.0448621101382174,1
15,2.000583693355873,-1.0448621101382174,1
15,2.0979840624087114,-1.0448621101382174,1
15,2.195384431461549,-1.0448621101382174,1
15,2.2927848005143865,-1.0448621101382174,1
15,2.390185169567225,-1.0448621101382174,1
15,2.4875855386200625,-1.0448621101382174,1
15,2.5849859076729,-1.0448621101382174,1
15,2.6823862767257385,-1.0448621101382174,1
15,2.779786645778576,-1.0448621101382174,1
15,2.8771870148314136,-1.0448621101382174,1
15,2.974587383884252,-1.0448621101382174,1
15,3.0719877529370896,-1.0448621101382174,1
15,3.169388121989927,-1.0448621101382174,1
15,3.2667884910427656,-1.0448621101382174,1
15,3.364188860095603,-1.0448621101382174,1
15,3.4615892291484407,-1.0448621101382174,1
15,3.5589895982012782,-1.0448621101382174,1
15,3.6563899672541167,-1.0448621101382174,1
15,3.7537903363069542,-1.0448621101382174,1
15,3.851190705359792,-1.0448621101382174,1
15,3.9485910744126302,-1.0448621101382174,1
15,4.045991443465468,-1.0448621101382174,1
15,4.143391812518305,-1.0448621101382174,1
15,4.240792181571144,-1.0448621101382174,1
15,4.338192550623981,-1.0448621101382174,1
15,4.435592919676819,-1.0448621101382174,1
15,4.532993288729657,-1.0448621101382174,1
15,-2.1876321759161534,-0.9671965721866564,0
15,-2.0902318068633154,-0.9671965721866564,0
15,-1.992831437810478,-0.9671965721866564,0
15,-1.89543106875764,-0.9671965721866564,0
15,-1.7980306997048021,-0.9671965721866564,0
15,-1.7006303306519643,-0.9671965721866564,0
15,-1.6032299615991263,-0.9671965721866564,0
15,-1.5058295925462886,-0.9671965721866564,0
15,-1.4084292234934508,-0.9671965721866564,0
15,-1.311028854440613,-0.9671965721866564,0
15,-1.2136284853877752,-0.9671965721866564,0
15,-1.1162281163349372,-0.9671965721866564,0
15,-1.0188277472820995,-0.9671965721866564,0
15,-0.9214273782292617,-0.9671965721866564,0
15,-0.8240270091764237,-0.9671965721866564,0
15,-0.7266266401235859,-0.9671965721866564,0
15,-0.6292262710707481,-0.9671965721866564,0
15,-0.5318259020179104,-0.9671965721866564,0
15,-0.4344255329650726,-0.9671965721866564,0
15,-0.3370251639122346,-0.9671965721866564,0
15,-0.2396247948593968,-0.9671965721866564,0
15,-0.14222442580655903,-0.9671965721866564,0
15,-0.04482405675372103,-0.9671965721866564,0
15,0.05257631229911652,-0.9671965721866564,0
15,0.14997668135195452,-0.9671965721866564,0
15,0.24737705040479252,-0.9671965721866564,0
15,0.3447774194576301,-0.9671965721866564,0
15,0.4421777885104681,-0.9671965721866564,0
15,0.5395781575633061,-0.9671965721866564,0
15,0.6369785266161436,-0.9671965721866564,0
15,0.7343788956689816,-0.9671965721866564,0
15,0.8317792647218192,-0.9671965721866564,0
15,0.9291796337746572,-0.9671965721866564,0
15,1.0265800028274952,-0.9671965721866564,1
15,1.1239803718803327,-0.9671965721866564,1
15,1.2213807409331707,-0.9671965721866564,1
15,1.3187811099860083,-0.9671965721866564,1
15,1.4161814790388463,-0.9671965721866564,1
15,1.5135818480916843,-0.9671965721866564,1
15,1.6109822171445218,-0.9671965721866564,1
15,1.7083825861973598,-0.9671965721866564,1
15,1.8057829552501978,-0.9671965721866564,1
15,1.9031833243030354,-0.9671965721866564,1
15,2.000583693355873,-0.9671965721866564,1
15,2.0979840624087114,-0.9671965721866564,1
15,2.195384431461549,-0.9671965721866564,1
15,2.2927848005143865,-0.9671965721866564,1
15,2.390185169567225,-0.9671965721866564,1
15,2.4875855386200625,-0.9671965721866564,1
15,2.5849859076729,-0.9671965721866564,1
15,2.6823862767257385,-0.9671965721866564,1
15,2.779786645778576,-0.9671965721866564,1
15,2.8771870148314136,-0.9671965721866564,1
15,2.974587383884252,-0.9671965721866564,1
15,3.0719877529370896,-0.9671965721866564,1
15,3.169388121989927,-0.9671965721866564,1
15,3.2667884910427656,-0.9671965721866564,1
15,3.364188860095603,-0.9671965721866564,1
15,3.4615892291484407,-0.9671965721866564,1
15,3.5589895982012782,-0.9671965721866564,1
15,3.6563899672541167,-0.9671965721866564,1
15,3.7537903363069542,-0.9671965721866564,1
15,3.851190705359792,-0.9671965721866564,1
15,3.9485910744126302,-0.9671965721866564,1
15,4.045991443465468,-0.9671965721866564,1
15,4.143391812518305,-0.9671965721866564,1
15,4.240792181571144,-0.9671965721866564,1
15,4.338192550623981,-0.9671965721866564,1
15,4.435592919676819,-0.9671965721866564,1
15,4.532993288729657,-0.9671965721866564,1
15,-2.1876321759161534,-0.8895310342350955,0
15,-2.0902318068633154,-0.8895310342350955,0
15,-1.992831437810478,-0.8895310342350955,0
15,-1.89543106875764,-0.8895310342350955,0
15,-1.7980306997048021,-0.8895310342350955,0
15,-1.7006303306519643,-0.8895310342350955,0
15,-1.6032299615991263,-0.8895310342350955,0
15,-1.5058295925462886,-0.8895310342350955,0
15,-1.4084292234934508,-0.8895310342350955,0
15,-1.311028854440613,-0.8895310342350955,0
15,-1.2136284853877752,-0.8895310342350955,0
15,-1.1162281163349372,-0.8895310342350955,0
15,-1.0188277472820995,-0.8895310342350955,0
15,-0.9214273782292617,-0.8895310342350955,0
15,-0.8240270091764237,-0.8895310342350955,0
15,-0.7266266401235859,-0.8895310342350955,0
15,-0.6292262710707481,-0.8895310342350955,0
15,-0.5318259020179104,-0.8895310342350955,0
15,-0.4344255329650726,-0.8895310342350955,0
15,-0.3370251639122346,-0.8895310342350955,0
15,-0.2396247948593968,-0.8895310342350955,0
15,-0.14222442580655903,-0.8895310342350955,0
15,-0.04482405675372103,-0.8895310342350955,0
15,0.05257631229911652,-0.8895310342350955,0
15,0.14997668135195452,-0.8895310342350955,0
15,0.24737705040479252,-0.8895310342350955,0
15,0.3447774194576301,-0.8895310342350955,0
15,0.4421777885104681,-0.8895310342350955,0
15,0.5395781575633061,-0.8895310342350955,0
15,0.6369785266161436,-0.8895310342350955,0
15,0.7343788956689816,-0.8895310342350955,0
15,0.8317792647218192,-0.8895310342350955,0
15,0.9291796337746572,-0.8895310342350955,1
15,1.0265800028274952,-0.8895310342350955,1
15,1.1239803718803327,-0.8895310342350955,1
15,1.2213807409331707,-0.8895310342350955,1
15,1.3187811099860083,-0.8895310342350955,1
15,1.4161814790388463,-0.8895310342350955,1
15,1.5135818480916843,-0.8895310342350955,1
15,1.6109822171445218,-0.8895310342350955,1
15,1.7083825861973598,-0.8895310342350955,1
15,1.8057829552501978,-0.8895310342350955,1
15,1.9031833243030354,-0.8895310342350955,1
15,2.000583693355873,-0.8895310342350955,1
15,2.0979840624087114,-0.8895310342350955,1
15,2.195384431461549,-0.8895310342350955,1
15,2.2927848005143865,-0.8895310342350955,1
15,2.390185169567225,-0.8895310342350955,1
15,2.4875855386200625,-0.8895310342350955,1
15,2.5849859076729,-0.8895310342350955,1
15,2.6823862767257385,-0.8895310342350955,1
15,2.779786645778576,-0.8895310342350955,1
15,2.8771870148314136,-0.8895310342350955,1
15,2.974587383884252,-0.8895310342350955,1
15,3.0719877529370896,-0.8895310342350955,1
15,3.169388121989927,-0.8895310342350955,1
15,3.2667884910427656,-0.8895310342350955,1
15,3.364188860095603,-0.8895310342350955,1
15,3.4615892291484407,-0.8895310342350955,1
15,3.5589895982012782,-0.8895310342350955,1
15,3.6563899672541167,-0.8895310342350955,1
15,3.7537903363069542,-0.8895310342350955,1
15,3.851190705359792,-0.8895310342350955,1
15,3.9485910744126302,-0.8895310342350955,1
15,4.045991443465468,-0.8895310342350955,1
15,4.143391812518305,-0.8895310342350955,1
15,4.240792181571144,-0.8895310342350955,1
15,4.338192550623981,-0.8895310342350955,1
15,4.435592919676819,-0.8895310342350955,1
15,4.532993288729657,-0.8895310342350955,1
15,-2.1876321759161534,-0.8118654962835343,0
15,-2.0902318068633154,-0.8118654962835343,0
15,-1.992831437810478,-0.8118654962835343,0
15,-1.89543106875764,-0.8118654962835343,0
15,-1.7980306997048021,-0.8118654962835343,0
15,-1.7006303306519643,-0.8118654962835343,0
15,-1.6032299615991263,-0.8118654962835343,0
15,-1.5058295925462886,-0.8118654962835343,0
15,-1.4084292234934508,-0.8118654962835343,0
15,-1.311028854440613,-0.8118654962835343,0
15,-1.2136284853877752,-0.8118654962835343,0
15,-1.1162281163349372,-0.8118654962835343,0
15,-1.0188277472820995,-0.8118654962835343,0
15,-0.9214273782292617,-0.8118654962835343,0
15,-0.8240270091764237,-0.8118654962835343,0
15,-0.7266266401235859,-0.8118654962835343,0
15,-0.6292262710707481,-0.8118654962835343,0
15,-0.5318259020179104,-0.8118654962835343,0
15,-0.4344255329650726,-0.8118654962835343,0
15,-0.3370251639122346,-0.8118654962835343,0
15,-0.2396247948593968,-0.8118654962835343,0
15,-0.14222442580655903,-0.8118654962835343,0
15,-0.04482405675372103,-0.8118654962835343,0
15,0.05257631229911652,-0.8118654962835343,0
15,0.14997668135195452,-0.8118654962835343,0
15,0.24737705040479252,-0.8118654962835343,0
15,0.3447774194576301,-0.8118654962835343,0
15,0.4421777885104681,-0.8118654962835343,0
15,0.5395781575633061,-0.8118654962835343,0
15,0.6369785266161436,-0.8118654962835343,0
15,0.7343788956689816,-0.8118654962835343,0
15,0.8317792647218192,-0.8118654962835343,1
15,0.9291796337746572,-0.8118654962835343,1
15,1.0265800028274952,-0.8118654962835343,1
15,1.1239803718803327,-0.8118654962835343,1
15,1.2213807409331707,-0.8118654962835343,1
15,1.3187811099860083,-0.8118654962835343,1
15,1.4161814790388463,-0.8118654962835343,1
15,1.5135818480916843,-0.8118654962835343,1
15,1.6109822171445218,-0.8118654962835343,1
15,1.7083825861973598,-0.8118654962835343,1
15,1.8057829552501978,-0.8118654962835343,1
15,1.9031833243030354,-0.8118654962835343,1
15,2.000583693355873,-0.8118654962835343,1
15,2.0979840624087114,-0.8118654962835343,1
15,2.195384431461549,-0.8118654962835343,1
15,2.2927848005143865,-0.8118654962835343,1
15,2.390185169567225,-0.8118654962835343,1
15,2.4875855386200625,-0.8118654962835343,1
15,2.5849859076729,-0.8118654962835343,1
15,2.6823862767257385,-0.8118654962835343,1
15,2.779786645778576,-0.8118654962835343,1
15,2.8771870148314136,-0.8118654962835343,1
15,2.974587383884252,-0.8118654962835343,1
15,3.0719877529370896,-0.8118654962835343,1
15,3.169388121989927,-0.8118654962835343,1
15,3.2667884910427656,-0.8118654962835343,1
15,3.364188860095603,-0.8118654962835343,1
15,3.4615892291484407,-0.8118654962835343,1
15,3.5589895982012782,-0.8118654962835343,1
15,3.6563899672541167,-0.8118654962835343,1
15,3.7537903363069542,-0.8118654962835343,1
15,3.851190705359792,-0.8118654962835343,1
15,3.9485910744126302,-0.8118654962835343,1
15,4.045991443465468,-0.8118654962835343,1
15,4.143391812518305,-0.8118654962835343,1
15,4.240792181571144,-0.8118654962835343,1
15,4.338192550623981,-0.8118654962835343,1
15,4.435592919676819,-0.8118654962835343,1
15,4.532993288729657,-0.8118654962835343,1
15,-2.1876321759161534,-0.7341999583319734,0
15,-2.0902318068633154,-0.7341999583319734,0
15,-1.992831437810478,-0.7341999583319734,0
15,-1.89543106875764,-0.7341999583319734,0
15,-1.7980306997048021,-0.7341999583319734,0
15,-1.7006303306519643,-0.7341999583319734,0
15,-1.6032299615991263,-0.7341999583319734,0
15,-1.5058295925462886,-0.7341999583319734,0
15,-1.4084292234934508,-0.7341999583319734,0
15,-1.311028854440613,-0.7341999583319734,0
15,-1.2136284853877752,-0.7341999583319734,0
15,-1.1162281163349372,-0.7341999583319734,0
15,-1.0188277472820995,-0.7341999583319734,0
15,-0.9214273782292617,-0.7341999583319734,0
15,-0.8240270091764237,-0.7341999583319734,0
15,-0.7266266401235859,-0.7341999583319734,0
15,-0.6292262710707481,-0.7341999583319734,0
15,-0.5318259020179104,-0.7341999583319734,0
15,-0.4344255329650726,-0.7341999583319734,0
15,-0.3370251639122346,-0.7341999583319734,0
15,-0.2396247948593968,-0.7341999583319734,0
15,-0.14222442580655903,-0.7341999583319734,0
15,-0.04482405675372103,-0.7341999583319734,0
15,0.05257631229911652,-0.7341999583319734,0
15,0.14997668135195452,-0.7341999583319734,0
15,0.24737705040479252,-0.7341999583319734,0
15,0.3447774194576301,-0.7341999583319734,0
15,0.4421777885104681,-0.7341999583319734,0
15,0.5395781575633061,-0.7341999583319734,0
15,0.6369785266161436,-0.7341999583319734,0
15,0.7343788956689816,-0.7341999583319734,1
15,0.8317792647218192,-0.7341999583319734,1
15,0.9291796337746572,-0.7341999583319734,1
15,1.0265800028274952,-0.7341999583319734,1
15,1.1239803718803327,-0.7341999583319734,1
15,1.2213807409331707,-0.7341999583319734,1
15,1.3187811099860083,-0.7341999583319734,1
15,1.4161814790388463,-0.7341999583319734,1
15,1.5135818480916843,-0.7341999583319734,1
15,1.6109822171445218,-0.7341999583319734,1
15,1.7083825861973598,-0.7341999583319734,1
15,1.8057829552501978,-0.7341999583319734,1
15,1.9031833243030354,-0.7341999583319734,1
15,2.000583693355873,-0.7341999583319734,1
15,2.0979840624087114,-0.7341999583319734,1
15,2.195384431461549,-0.7341999583319734,1
15,2.2927848005143865,-0.7341999583319734,1
15,2.390185169567225,-0.7341999583319734,1
15,2.4875855386200625,-0.7341999583319734,1
15,2.5849859076729,-0.7341999583319734,1
15,2.6823862767257385,-0.7341999583319734,1
15,2.779786645778576,-0.7341999583319734,1
15,2.8771870148314136,-0.7341999583319734,1
15,2.974587383884252,-0.7341999583319734,1
15,3.0719877529370896,-0.7341999583319734,1
15,3.169388121989927,-0.7341999583319734,1
15,3.2667884910427656,-0.7341999583319734,1
15,3.364188860095603,-0.7341999583319734,1
15,3.4615892291484407,-0.7341999583319734,1
15,3.5589895982012782,-0.7341999583319734,1
15,3.6563899672541167,-0.7341999583319734,1
15,3.7537903363069542,-0.7341999583319734,1
15,3.851190705359792,-0.7341999583319734,1
15,3.9485910744126302,-0.7341999583319734,1
15,4.045991443465468,-0.7341999583319734,1
15,4.143391812518305,-0.7341999583319734,1
15,4.240792181571144,-0.7341999583319734,1
15,4.338192550623981,-0.7341999583319734,1
15,4.435592919676819,-0.7341999583319734,1
15,4.532993288729657,-0.7341999583319734,1
15,-2.1876321759161534,-0.6565344203804122,0
15,-2.0902318068633154,-0.6565344203804122,0
15,-1.992831437810478,-0.6565344203804122,0
15,-1.89543106875764,-0.6565344203804122,0
15,-1.7980306997048021,-0.6565344203804122,0
15,-1.7006303306519643,-0.6565344203804122,0
15,-1.6032299615991263,-0.6565344203804122,0
15,-1.5058295925462886,-0.6565344203804122,0
15,-1.4084292234934508,-0.6565344203804122,0
15,-1.311028854440613,-0.6565344203804122,0
15,-1.2136284853877752,-0.6565344203804122,0
15,-1.1162281163349372,-0.6565344203804122,0
15,-1.0188277472820995,-0.6565344203804122,0
15,-0.9214273782292617,-0.6565344203804122,0
15,-0.8240270091764237,-0.6565344203804122,0
15,-0.7266266401235859,-0.6565344203804122,0
15,-0.6292262710707481,-0.6565344203804122,0
15,-0.5318259020179104,-0.6565344203804122,0
15,-0.4344255329650726,-0.6565344203804122,0
15,-0.3370251639122346,-0.6565344203804122,0
15,-0.2396247948593968,-0.6565344203804122,0
15,-0.14222442580655903,-0.6565344203804122,0
15,-0.04482405675372103,-0.6565344203804122,0
15,0.05257631229911652,-0.6565344203804122,0
15,0.14997668135195452,-0.6565344203804122,0
15,0.24737705040479252,-0.6565344203804122,0
15,0.3447774194576301,-0.6565344203804122,0
15,0.4421777885104681,-0.6565344203804122,0
15,0.5395781575633061,-0.6565344203804122,0
15,0.6369785266161436,-0.6565344203804122,0
15,0.7343788956689816,-0.6565344203804122,1
15,0.8317792647218192,-0.6565344203804122,1
15,0.9291796337746572,-0.6565344203804122,1
15,1.0265800028274952,-0.6565344203804122,1
15,1.1239803718803327,-0.6565344203804122,1
15,1.2213807409331707,-0.6565344203804122,1
15,1.3187811099860083,-0.6565344203804122,1
15,1.4161814790388463,-0.6565344203804122,1
15,1.5135818480916843,-0.6565344203804122,1
15,1.6109822171445218,-0.6565344203804122,1
15,1.7083825861973598,-0.6565344203804122,1
15,1.8057829552501978,-0.6565344203804122,1
15,1.9031833243030354,-0.6565344203804122,1
15,2.000583693355873,-0.6565344203804122,1
15,2.0979840624087114,-0.6565344203804122,1
15,2.195384431461549,-0.6565344203804122,1
15,2.2927848005143865,-0.6565344203804122,1
15,2.390185169567225,-0.6565344203804122,1
15,2.4875855386200625,-0.6565344203804122,1
15,2.5849859076729,-0.6565344203804122,1
15,2.6823862767257385,-0.6565344203804122,1
15,2.779786645778576,-0.6565344203804122,1
15,2.8771870148314136,-0.6565344203804122,1
15,2.974587383884252,-0.6565344203804122,1
15,3.0719877529370896,-0.6565344203804122,1
15,3.169388121989927,-0.6565344203804122,1
15,3.2667884910427656,-0.6565344203804122,1
15,3.364188860095603,-0.6565344203804122,1
15,3.4615892291484407,-0.6565344203804122,1
15,3.5589895982012782,-0.6565344203804122,1
15,3.6563899672541167,-0.6565344203804122,1
15,3.7537903363069542,-0.6565344203804122,1
15,3.851190705359792,-0.6565344203804122,1
15,3.9485910744126302,-0.6565344203804122,1
15,4.045991443465468,-0.6565344203804122,1
15,4.143391812518305,-0.6565344203804122,1
15,4.240792181571144,-0.6565344203804122,1
15,4.338192550623981,-0.6565344203804122,1
15,4.435592919676819,-0.6565344203804122,1
15,4.532993288729657,-0.6565344203804122,1
15,-2.1876321759161534,-0.5788688824288513,0
15,-2.0902318068633154,-0.5788688824288513,0
15,-1.992831437810478,-0.5788688824288513,0
15,-1.89543106875764,-0.5788688824288513,0
15,-1.7980306997048021,-0.5788688824288513,0
15,-1.7006303306519643,-0.5788688824288513,0
15,-1.6032299615991263,-0.5788688824288513,0
15,-1.5058295925462886,-0.5788688824288513,0
15,-1.4084292234934508,-0.5788688824288513,0
15,-1.311028854440613,-0.5788688824288513,0
15,-1.2136284853877752,-0.5788688824288513,0
15,-1.1162281163349372,-0.5788688824288513,0
15,-1.0188277472820995,-0.5788688824288513,0
15,-0.9214273782292617,-0.5788688824288513,0
15,-0.8240270091764237,-0.5788688824288513,0
15,-0.7266266401235859,-0.5788688824288513,0
15,-0.6292262710707481,-0.5788688824288513,0
15,-0.5318259020179104,-0.5788688824288513,0
15,-0.4344255329650726,-0.5788688824288513,0
15,-0.3370251639122346,-0.5788688824288513,0
15,-0.2396247948593968,-0.5788688824288513,0
15,-0.14222442580655903,-0.5788688824288513,0
15,-0.04482405675372103,-0.5788688824288513,0
15,0.05257631229911652,-0.5788688824288513,0
15,0.14997668135195452,-0.5788688824288513,0
15,0.24737705040479252,-0.5788688824288513,0
15,0.3447774194576301,-0.5788688824288513,0
15,0.4421777885104681,-0.5788688824288513,0
15,0.5395781575633061,-0.5788688824288513,0
15,0.6369785266161436,-0.5788688824288513,0
15,0.7343788956689816,-0.5788688824288513,1
15,0.8317792647218192,-0.5788688824288513,1
15,0.9291796337746572,-0.5788688824288513,1
15,1.0265800028274952,-0.5788688824288513,1
15,1.1239803718803327,-0.5788688824288513,1
15,1.2213807409331707,-0.5788688824288513,1
15,1.3187811099860083,-0.5788688824288513,1
15,1.4161814790388463,-0.5788688824288513,1
15,1.5135818480916843,-0.5788688824288513,1
15,1.6109822171445218,-0.5788688824288513,1
15,1.7083825861973598,-0.5788688824288513,1
15,1.8057829552501978,-0.5788688824288513,1
15,1.9031833243030354,-0.5788688824288513,1
15,2.000583693355873,-0.5788688824288513,1
15,2.0979840624087114,-0.5788688824288513,1
15,2.195384431461549,-0.5788688824288513,1
15,2.2927848005143865,-0.5788688824288513,1
15,2.390185169567225,-0.5788688824288513,1
15,2.4875855386200625,-0.5788688824288513,1
15,2.5849859076729,-0.5788688824288513,1
15,2.6823862767257385,-0.5788688824288513,1
15,2.779786645778576,-0.5788688824288513,1
15,2.8771870148314136,-0.5788688824288513,1
15,2.974587383884252,-0.5788688824288513,1
15,3.0719877529370896,-0.5788688824288513,1
15,3.169388121989927,-0.5788688824288513,1
15,3.2667884910427656,-0.5788688824288513,1
15,3.364188860095603,-0.5788688824288513,1
15,3.4615892291484407,-0.5788688824288513,1
15,3.5589895982012782,-0.5788688824288513,1
15,3.6563899672541167,-0.5788688824288513,1
15,3.7537903363069542,-0.5788688824288513,1
15,3.851190705359792,-0.5788688824288513,1
15,3.9485910744126302,-0.5788688824288513,1
15,4.045991443465468,-0.5788688824288513,1
15,4.143391812518305,-0.5788688824288513,1
15,4.240792181571144,-0.5788688824288513,1
15,4.338192550623981,-0.5788688824288513,1
15,4.435592919676819,-0.5788688824288513,1
15,4.532993288729657,-0.5788688824288513,1
15,-2.1876321759161534,-0.5012033444772901,0
15,-2.0902318068633154,-0.5012033444772901,0
15,-1.992831437810478,-0.5012033444772901,0
15,-1.89543106875764,-0.5012033444772901,0
15,-1.7980306997048021,-0.5012033444772901,0
15,-1.7006303306519643,-0.5012033444772901,0
15,-1.6032299615991263,-0.5012033444772901,0
15,-1.5058295925462886,-0.5012033444772901,0
15,-1.4084292234934508,-0.5012033444772901,0
15,-1.311028854440613,-0.5012033444772901,0
15,-1.2136284853877752,-0.5012033444772901,0
15,-1.1162281163349372,-0.5012033444772901,0
15,-1.0188277472820995,-0.5012033444772901,0
15,-0.9214273782292617,-0.5012033444772901,0
15,-0.8240270091764237,-0.5012033444772901,0
15,-0.7266266401235859,-0.5012033444772901,0
15,-0.6292262710707481,-0.5012033444772901,0
15,-0.5318259020179104,-0.5012033444772901,0
15,-0.4344255329650726,-0.5012033444772901,0
15,-0.3370251639122346,-0.5012033444772901,0
15,-0.2396247948593968,-0.5012033444772901,0
15,-0.14222442580655903,-0.5012033444772901,0
15,-0.04482405675372103,-0.5012033444772901,0
15,0.05257631229911652,-0.5012033444772901,0
15,0.14997668135195452,-0.5012033444772901,0
15,0.24737705040479252,-0.5012033444772901,0
15,0.3447774194576301,-0.5012033444772901,0
15,0.4421777885104681,-0.5012033444772901,0
15,0.5395781575633061,-0.5012033444772901,1
15,0.6369785266161436,-0.5012033444772901,1
15,0.7343788956689816,-0.5012033444772901,1
15,0.8317792647218192,-0.5012033444772901,1
15,0.9291796337746572,-0.5012033444772901,1
15,1.0265800028274952,-0.5012033444772901,1
15,1.1239803718803327,-0.5012033444772901,1
15,1.2213807409331707,-0.5012033444772901,1
15,1.3187811099860083,-0.5012033444772901,1
15,1.4161814790388463,-0.5012033444772901,1
15,1.5135818480916843,-0.5012033444772901,1
15,1.6109822171445218,-0.5012033444772901,1
15,1.7083825861973598,-0.5012033444772901,1
15,1.8057829552501978,-0.5012033444772901,1
15,1.9031833243030354,-0.5012033444772901,1
15,2.000583693355873,-0.5012033444772901,1
15,2.0979840624087114,-0.5012033444772901,1
15,2.195384431461549,-0.5012033444772901,1
15,2.2927848005143865,-0.5012033444772901,1
15,2.390185169567225,-0.5012033444772901,1
15,2.4875855386200625,-0.5012033444772901,1
15,2.5849859076729,-0.5012033444772901,1
15,2.6823862767257385,-0.5012033444772901,1
15,2.779786645778576,-0.5012033444772901,1
15,2.8771870148314136,-0.5012033444772901,1
15,2.974587383884252,-0.5012033444772901,1
15,3.0719877529370896,-0.5012033444772901,1
15,3.169388121989927,-0.5012033444772901,1
15,3.2667884910427656,-0.5012033444772901,1
15,3.364188860095603,-0.5012033444772901,1
15,3.4615892291484407,-0.5012033444772901,1
15,3.5589895982012782,-0.5012033444772901,1
15,3.6563899672541167,-0.5012033444772901,1
15,3.7537903363069542,-0.5012033444772901,1
15,3.851190705359792,-0.5012033444772901,1
15,3.9485910744126302,-0.5012033444772901,1
15,4.045991443465468,-0.5012033444772901,1
15,4.143391812518305,-0.5012033444772901,1
15,4.240792181571144,-0.5012033444772901,1
15,4.338192550623981,-0.5012033444772901,1
15,4.435592919676819,-0.5012033444772901,1
15,4.532993288729657,-0.5012033444772901,1
15,-2.1876321759161534,-0.42353780652572914,0
15,-2.0902318068633154,-0.42353780652572914,0
15,-1.992831437810478,-0.42353780652572914,0
15,-1.89543106875764,-0.42353780652572914,0
15,-1.7980306997048021,-0.42353780652572914,0
15,-1.7006303306519643,-0.42353780652572914,0
15,-1.6032299615991263,-0.42353780652572914,0
15,-1.5058295925462886,-0.42353780652572914,0
15,-1.4084292234934508,-0.42353780652572914,0
15,-1.311028854440613,-0.42353780652572914,0
15,-1.2136284853877752,-0.42353780652572914,0
15,-1.1162281163349372,-0.42353780652572914,0
15,-1.0188277472820995,-0.42353780652572914,0
15,-0.9214273782292617,-0.42353780652572914,0
15,-0.8240270091764237,-0.42353780652572914,0
15,-0.7266266401235859,-0.42353780652572914,0
15,-0.6292262710707481,-0.42353780652572914,0
15,-0.5318259020179104,-0.42353780652572914,0
15,-0.4344255329650726,-0.42353780652572914,0
15,-0.3370251639122346,-0.42353780652572914,0
15,-0.2396247948593968,-0.42353780652572914,0
15,-0.14222442580655903,-0.42353780652572914,0
15,-0.04482405675372103,-0.42353780652572914,0
15,0.05257631229911652,-0.42353780652572914,0
15,0.14997668135195452,-0.42353780652572914,0
15,0.24737705040479252,-0.42353780652572914,0
15,0.3447774194576301,-0.42353780652572914,0
15,0.4421777885104681,-0.42353780652572914,0
15,0.5395781575633061,-0.42353780652572914,1
15,0.6369785266161436,-0.42353780652572914,1
15,0.7343788956689816,-0.42353780652572914,1
15,0.8317792647218192,-0.42353780652572914,1
15,0.9291796337746572,-0.42353780652572914,1
15,1.0265800028274952,-0.42353780652572914,1
15,1.1239803718803327,-0.42353780652572914,1
15,1.2213807409331707,-0.42353780652572914,1
15,1.3187811099860083,-0.42353780652572914,1
15,1.4161814790388463,-0.42353780652572914,1
15,1.5135818480916843,-0.42353780652572914,1
15,1.6109822171445218,-0.42353780652572914,1
15,1.7083825861973598,-0.42353780652572914,1
15,1.8057829552501978,-0.42353780652572914,1
15,1.9031833243030354,-0.42353780652572914,1
15,2.000583693355873,-0.42353780652572914,1
15,2.0979840624087114,-0.42353780652572914,1
15,2.195384431461549,-0.42353780652572914,1
15,2.2927848005143865,-0.42353780652572914,1
15,2.390185169567225,-0.42353780652572914,1
15,2.4875855386200625,-0.42353780652572914,1
15,2.5849859076729,-0.42353780652572914,1
15,2.6823862767257385,-0.42353780652572914,1
15,2.779786645778576,-0.42353780652572914,1
15,2.8771870148314136,-0.42353780652572914,1
15,2.974587383884252,-0.42353780652572914,1
15,3.0719877529370896,-0.42353780652572914,1
15,3.169388121989927,-0.42353780652572914,1
15,3.2667884910427656,-0.42353780652572914,1
15,3.364188860095603,-0.42353780652572914,1
15,3.4615892291484407,-0.42353780652572914,1
15,3.5589895982012782,-0.42353780652572914,1
15,3.6563899672541167,-0.42353780652572914,1
15,3.7537903363069542,-0.42353780652572914,1
15,3.851190705359792,-0.42353780652572914,1
15,3.9485910744126302,-0.42353780652572914,1
15,4.045991443465468,-0.42353780652572914,1
15,4.143391812518305,-0.42353780652572914,1
15,4.240792181571144,-0.42353780652572914,1
15,4.338192550623981,-0.42353780652572914,1
15,4.435592919676819,-0.42353780652572914,1
15,4.532993288729657,-0.42353780652572914,1
15,-2.1876321759161534,-0.3458722685741682,0
15,-2.0902318068633154,-0.3458722685741682,0
15,-1.992831437810478,-0.3458722685741682,0
15,-1.89543106875764,-0.3458722685741682,0
15,-1.7980306997048021,-0.3458722685741682,0
15,-1.7006303306519643,-0.3458722685741682,0
15,-1.6032299615991263,-0.3458722685741682,0
15,-1.5058295925462886,-0.3458722685741682,0
15,-1.4084292234934508,-0.3458722685741682,0
15,-1.311028854440613,-0.3458722685741682,0
15,-1.2136284853877752,-0.3458722685741682,0
15,-1.1162281163349372,-0.3458722685741682,0
15,-1.0188277472820995,-0.3458722685741682,0
15,-0.9214273782292617,-0.3458722685741682,0
15,-0.8240270091764237,-0.3458722685741682,0
15,-0.7266266401235859,-0.3458722685741682,0
15,-0.6292262710707481,-0.3458722685741682,0
15,-0.5318259020179104,-0.3458722685741682,0
15,-0.4344255329650726,-0.3458722685741682,0
15,-0.3370251639122346,-0.3458722685741682,0
15,-0.2396247948593968,-0.3458722685741682,0
15,-0.14222442580655903,-0.3458722685741682,0
15,-0.04482405675372103,-0.3458722685741682,0
15,0.05257631229911652,-0.3458722685741682,0
15,0.14997668135195452,-0.3458722685741682,0
15,0.24737705040479252,-0.3458722685741682,0
15,0.3447774194576301,-0.3458722685741682,0
15,0.4421777885104681,-0.3458722685741682,1
15,0.5395781575633061,-0.3458722685741682,1
15,0.6369785266161436,-0.3458722685741682,1
15,0.7343788956689816,-0.3458722685741682,1
15,0.8317792647218192,-0.3458722685741682,1
15,0.9291796337746572,-0.3458722685741682,1
15,1.0265800028274952,-0.3458722685741682,1
15,1.1239803718803327,-0.3458722685741682,1
15,1.2213807409331707,-0.3458722685741682,1
15,1.3187811099860083,-0.3458722685741682,1
15,1.4161814790388463,-0.3458722685741682,1
15,1.5135818480916843,-0.3458722685741682,1
15,1.6109822171445218,-0.3458722685741682,1
15,1.7083825861973598,-0.3458722685741682,1
15,1.8057829552501978,-0.3458722685741682,1
15,1.9031833243030354,-0.3458722685741682,1
15,2.000583693355873,-0.3458722685741682,1
15,2.0979840624087114,-0.3458722685741682,1
15,2.195384431461549,-0.3458722685741682,1
15,2.2927848005143865,-0.3458722685741682,1
15,2.390185169567225,-0.3458722685741682,1
15,2.4875855386200625,-0.3458722685741682,1
15,2.5849859076729,-0.3458722685741682,1
15,2.6823862767257385,-0.3458722685741682,1
15,2.779786645778576,-0.3458722685741682,1
15,2.8771870148314136,-0.3458722685741682,1
15,2.974587383884252,-0.3458722685741682,1
15,3.0719877529370896,-0.3458722685741682,1
15,3.169388121989927,-0.3458722685741682,1
15,3.2667884910427656,-0.3458722685741682,1
15,3.364188860095603,-0.3458722685741682,1
15,3.4615892291484407,-0.3458722685741682,1
15,3.5589895982012782,-0.3458722685741682,1
15,3.6563899672541167,-0.3458722685741682,1
15,3.7537903363069542,-0.3458722685741682,1
15,3.851190705359792,-0.3458722685741682,1
15,3.9485910744126302,-0.3458722685741682,1
15,4.045991443465468,-0.3458722685741682,1
15,4.143391812518305,-0.3458722685741682,1
15,4.240792181571144,-0.3458722685741682,1
15,4.338192550623981,-0.3458722685741682,1
15,4.435592919676819,-0.3458722685741682,1
15,4.532993288729657,-0.3458722685741682,1
15,-2.1876321759161534,-0.268206730622607,0
15,-2.0902318068633154,-0.268206730622607,0
15,-1.992831437810478,-0.268206730622607,0
15,-1.89543106875764,-0.268206730622607,0
15,-1.7980306997048021,-0.268206730622607,0
15,-1.7006303306519643,-0.268206730622607,0
15,-1.6032299615991263,-0.268206730622607,0
15,-1.5058295925462886,-0.268206730622607,0
15,-1.4084292234934508,-0.268206730622607,0
15,-1.311028854440613,-0.268206730622607,0
15,-1.2136284853877752,-0.268206730622607,0
15,-1.1162281163349372,-0.268206730622607,0
15,-1.0188277472820995,-0.268206730622607,0
15,-0.9214273782292617,-0.268206730622607,0
15,-0.8240270091764237,-0.268206730622607,0
15,-0.7266266401235859,-0.268206730622607,0
15,-0.6292262710707481,-0.268206730622607,0
15,-0.5318259020179104,-0.268206730622607,0
15,-0.4344255329650726,-0.268206730622607,0
15,-0.3370251639122346,-0.268206730622607,0
15,-0.2396247948593968,-0.268206730622607,0
15,-0.14222442580655903,-0.268206730622607,0
15,-0.04482405675372103,-0.268206730622607,0
15,0.05257631229911652,-0.268206730622607,0
15,0.14997668135195452,-0.268206730622607,0
15,0.24737705040479252,-0.268206730622607,0
15,0.3447774194576301,-0.268206730622607,0
15,0.4421777885104681,-0.268206730622607,1
15,0.5395781575633061,-0.268206730622607,1
15,0.6369785266161436,-0.268206730622607,1
15,0.7343788956689816,-0.268206730622607,1
15,0.8317792647218192,-0.268206730622607,1
15,0.9291796337746572,-0.268206730622607,1
15,1.0265800028274952,-0.268206730622607,1
15,1.1239803718803327,-0.268206730622607,1
15,1.2213807409331707,-0.268206730622607,1
15,1.3187811099860083,-0.268206730622607,1
15,1.4161814790388463,-0.268206730622607,1
15,1.5135818480916843,-0.268206730622607,1
15,1.6109822171445218,-0.268206730622607,1
15,1.7083825861973598,-0.268206730622607,1
15,1.8057829552501978,-0.268206730622607,1
15,1.9031833243030354,-0.268206730622607,1
15,2.000583693355873,-0.268206730622607,1
15,2.0979840624087114,-0.268206730622607,1
15,2.195384431461549,-0.268206730622607,1
15,2.2927848005143865,-0.268206730622607,1
15,2.390185169567225,-0.268206730622607,1
15,2.4875855386200625,-0.268206730622607,1
15,2.5849859076729,-0.268206730622607,1
15,2.6823862767257385,-0.268206730622607,1
15,2.779786645778576,-0.268206730622607,1
15,2.8771870148314136,-0.268206730622607,1
15,2.974587383884252,-0.268206730622607,1
15,3.0719877529370896,-0.268206730622607,1
15,3.169388121989927,-0.268206730622607,1
15,3.2667884910427656,-0.268206730622607,1
15,3.364188860095603,-0.268206730622607,1
15,3.4615892291484407,-0.268206730622607,1
15,3.5589895982012782,-0.268206730622607,1
15,3.6563899672541167,-0.268206730622607,1
15,3.7537903363069542,-0.268206730622607,1
15,3.851190705359792,-0.268206730622607,1
15,3.9485910744126302,-0.268206730622607,1
15,4.045991443465468,-0.268206730622607,1
15,4.143391812518305,-0.268206730622607,1
15,4.240792181571144,-0.268206730622607,1
15,4.338192550623981,-0.268206730622607,1
15,4.435592919676819,-0.268206730622607,1
15,4.532993288729657,-0.268206730622607,1
15,-2.1876321759161534,-0.19054119267104586,0
15,-2.0902318068633154,-0.19054119267104586,0
15,-1.992831437810478,-0.19054119267104586,0
15,-1.89543106875764,-0.19054119267104586,0
15,-1.7980306997048021,-0.19054119267104586,0
15,-1.7006303306519643,-0.19054119267104586,0
15,-1.6032299615991263,-0.19054119267104586,0
15,-1.5058295925462886,-0.19054119267104586,0
15,-1.4084292234934508,-0.19054119267104586,0
15,-1.311028854440613,-0.19054119267104586,0
15,-1.2136284853877752,-0.19054119267104586,0
15,-1.1162281163349372,-0.19054119267104586,0
15,-1.0188277472820995,-0.19054119267104586,0
15,-0.9214273782292617,-0.19054119267104586,0
15,-0.8240270091764237,-0.19054119267104586,0
15,-0.7266266401235859,-0.19054119267104586,0
15,-0.6292262710707481,-0.19054119267104586,0
15,-0.5318259020179104,-0.19054119267104586,0
15,-0.4344255329650726,-0.19054119267104586,0
15,-0.3370251639122346,-0.19054119267104586,0
15,-0.2396247948593968,-0.19054119267104586,0
15,-0.14222442580655903,-0.19054119267104586,0
15,-0.04482405675372103,-0.19054119267104586,0
15,0.05257631229911652,-0.19054119267104586,0
15,0.14997668135195452,-0.19054119267104586,0
15,0.24737705040479252,-0.19054119267104586,0
15,0.3447774194576301,-0.19054119267104586,1
15,0.4421777885104681,-0.19054119267104586,1
15,0.5395781575633061,-0.19054119267104586,1
15,0.6369785266161436,-0.19054119267104586,1
15,0.7343788956689816,-0.19054119267104586,1
15,0.8317792647218192,-0.19054119267104586,1
15,0.9291796337746572,-0.19054119267104586,1
15,1.0265800028274952,-0.19054119267104586,1
15,1.1239803718803327,-0.19054119267104586,1
15,1.2213807409331707,-0.19054119267104586,1
15,1.3187811099860083,-0.19054119267104586,1
15,1.4161814790388463,-0.19054119267104586,1
15,1.5135818480916843,-0.19054119267104586,1
15,1.6109822171445218,-0.19054119267104586,1
15,1.7083825861973598,-0.19054119267104586,1
15,1.8057829552501978,-0.19054119267104586,1
15,1.9031833243030354,-0.19054119267104586,1
15,2.000583693355873,-0.19054119267104586,1
15,2.0979840624087114,-0.19054119267104586,1
15,2.195384431461549,-0.19054119267104586,1
15,2.2927848005143865,-0.19054119267104586,1
15,2.390185169567225,-0.19054119267104586,1
15,2.4875855386200625,-0.19054119267104586,1
15,2.5849859076729,-0.19054119267104586,1
15,2.6823862767257385,-0.19054119267104586,1
15,2.779786645778576,-0.19054119267104586,1
15,2.8771870148314136,-0.19054119267104586,1
15,2.974587383884252,-0.19054119267104586,1
15,3.0719877529370896,-0.19054119267104586,1
15,3.169388121989927,-0.19054119267104586,1
15,3.2667884910427656,-0.19054119267104586,1
15,3.364188860095603,-0.19054119267104586,1
15,3.4615892291484407,-0.19054119267104586,1
15,3.5589895982012782,-0.19054119267104586,1
15,3.6563899672541167,-0.19054119267104586,1
15,3.7537903363069542,-0.19054119267104586,1
15,3.851190705359792,-0.19054119267104586,1
15,3.9485910744126302,-0.19054119267104586,1
15,4.045991443465468,-0.19054119267104586,1
15,4.143391812518305,-0.19054119267104586,1
15,4.240792181571144,-0.19054119267104586,1
15,4.338192550623981,-0.19054119267104586,1
15,4.435592919676819,-0.19054119267104586,1
15,4.532993288729657,-0.19054119267104586,1
15,-2.1876321759161534,-0.11287565471948513,0
15,-2.0902318068633154,-0.11287565471948513,0
15,-1.992831437810478,-0.11287565471948513,0
15,-1.89543106875764,-0.11287565471948513,0
15,-1.7980306997048021,-0.11287565471948513,0
15,-1.7006303306519643,-0.11287565471948513,0
15,-1.6032299615991263,-0.11287565471948513,0
15,-1.5058295925462886,-0.11287565471948513,0
15,-1.4084292234934508,-0.11287565471948513,0
15,-1.311028854440613,-0.11287565471948513,0
15,-1.2136284853877752,-0.11287565471948513,0
15,-1.1162281163349372,-0.11287565471948513,0
15,-1.0188277472820995,-0.11287565471948513,0
15,-0.9214273782292617,-0.11287565471948513,0
15,-0.8240270091764237,-0.11287565471948513,0
15,-0.7266266401235859,-0.11287565471948513,0
15,-0.6292262710707481,-0.11287565471948513,0
15,-0.5318259020179104,-0.11287565471948513,0
15,-0.4344255329650726,-0.11287565471948513,0
15,-0.3370251639122346,-0.11287565471948513,0
15,-0.2396247948593968,-0.11287565471948513,0
15,-0.14222442580655903,-0.11287565471948513,0
15,-0.04482405675372103,-0.11287565471948513,0
15,0.05257631229911652,-0.11287565471948513,0
15,0.14997668135195452,-0.11287565471948513,0
15,0.24737705040479252,-0.11287565471948513,0
15,0.3447774194576301,-0.11287565471948513,1
15,0.4421777885104681,-0.11287565471948513,1
15,0.5395781575633061,-0.11287565471948513,1
15,0.6369785266161436,-0.11287565471948513,1
15,0.7343788956689816,-0.11287565471948513,1
15,0.8317792647218192,-0.11287565471948513,1
15,0.9291796337746572,-0.11287565471948513,1
15,1.0265800028274952,-0.11287565471948513,1
15,1.1239803718803327,-0.11287565471948513,1
15,1.2213807409331707,-0.11287565471948513,1
15,1.3187811099860083,-0.11287565471948513,1
15,1.4161814790388463,-0.11287565471948513,1
15,1.5135818480916843,-0.11287565471948513,1
15,1.6109822171445218,-0.11287565471948513,1
15,1.7083825861973598,-0.11287565471948513,1
15,1.8057829552501978,-0.11287565471948513,1
15,1.9031833243030354,-0.11287565471948513,1
15,2.000583693355873,-0.11287565471948513,1
15,2.0979840624087114,-0.11287565471948513,1
15,2.195384431461549,-0.11287565471948513,1
15,2.2927848005143865,-0.11287565471948513,1
15,2.390185169567225,-0.11287565471948513,1
15,2.4875855386200625,-0.11287565471948513,1
15,2.5849859076729,-0.11287565471948513,1
15,2.6823862767257385,-0.11287565471948513,1
15,2.779786645778576,-0.11287565471948513,1
15,2.8771870148314136,-0.11287565471948513,1
15,2.974587383884252,-0.11287565471948513,1
15,3.0719877529370896,-0.11287565471948513,1
15,3.169388121989927,-0.11287565471948513,1
15,3.2667884910427656,-0.11287565471948513,1
15,3.364188860095603,-0.11287565471948513,1
15,3.4615892291484407,-0.11287565471948513,1
15,3.5589895982012782,-0.11287565471948513,1
15,3.6563899672541167,-0.11287565471948513,1
15,3.7537903363069542,-0.11287565471948513,1
15,3.851190705359792,-0.11287565471948513,1
15,3.9485910744126302,-0.11287565471948513,1
15,4.045991443465468,-0.11287565471948513,1
15,4.143391812518305,-0.11287565471948513,1
15,4.240792181571144,-0.11287565471948513,1
15,4.338192550623981,-0.11287565471948513,1
15,4.435592919676819,-0.11287565471948513,1
15,4.532993288729657,-0.11287565471948513,1
15,-2.1876321759161534,-0.03521011676792396,0
15,-2.0902318068633154,-0.03521011676792396,0
15,-1.992831437810478,-0.03521011676792396,0
15,-1.89543106875764,-0.03521011676792396,0
15,-1.7980306997048021,-0.03521011676792396,0
15,-1.7006303306519643,-0.03521011676792396,0
15,-1.6032299615991263,-0.03521011676792396,0
15,-1.5058295925462886,-0.03521011676792396,0
15,-1.4084292234934508,-0.03521011676792396,0
15,-1.311028854440613,-0.03521011676792396,0
15,-1.2136284853877752,-0.03521011676792396,0
15,-1.1162281163349372,-0.03521011676792396,0
15,-1.0188277472820995,-0.03521011676792396,0
15,-0.9214273782292617,-0.03521011676792396,0
15,-0.8240270091764237,-0.03521011676792396,0
15,-0.7266266401235859,-0.03521011676792396,0
15,-0.6292262710707481,-0.03521011676792396,0
15,-0.5318259020179104,-0.03521011676792396,0
15,-0.4344255329650726,-0.03521011676792396,0
15,-0.3370251639122346,-0.03521011676792396,0
15,-0.2396247948593968,-0.03521011676792396,0
15,-0.14222442580655903,-0.03521011676792396,0
15,-0.04482405675372103,-0.03521011676792396,0
15,0.05257631229911652,-0.03521011676792396,0
15,0.14997668135195452,-0.03521011676792396,0
15,0.24737705040479252,-0.03521011676792396,0
15,0.3447774194576301,-0.03521011676792396,1
15,0.4421777885104681,-0.03521011676792396,1
15,0.5395781575633061,-0.03521011676792396,1
15,0.6369785266161436,-0.03521011676792396,1
15,0.7343788956689816,-0.03521011676792396,1
15,0.8317792647218192,-0.03521011676792396,1
15,0.9291796337746572,-0.03521011676792396,1
15,1.0265800028274952,-0.03521011676792396,1
15,1.1239803718803327,-0.03521011676792396,1
15,1.2213807409331707,-0.03521011676792396,1
15,1.3187811099860083,-0.03521011676792396,1
15,1.4161814790388463,-0.03521011676792396,1
15,1.5135818480916843,-0.03521011676792396,1
15,1.6109822171445218,-0.03521011676792396,1
15,1.7083825861973598,-0.03521011676792396,1
15,1.8057829552501978,-0.03521011676792396,1
15,1.9031833243030354,-0.03521011676792396,1
15,2.000583693355873,-0.03521011676792396,1
15,2.0979840624087114,-0.03521011676792396,1
15,2.195384431461549,-0.03521011676792396,1
15,2.2927848005143865,-0.03521011676792396,1
15,2.390185169567225,-0.03521011676792396,1
15,2.4875855386200625,-0.03521011676792396,1
15,2.5849859076729,-0.03521011676792396,1
15,2.6823862767257385,-0.03521011676792396,1
15,2.779786645778576,-0.03521011676792396,1
15,2.8771870148314136,-0.03521011676792396,1
15,2.974587383884252,-0.03521011676792396,1
15,3.0719877529370896,-0.03521011676792396,1
15,3.169388121989927,-0.03521011676792396,1
15,3.2667884910427656,-0.03521011676792396,1
15,3.364188860095603,-0.03521011676792396,1
15,3.4615892291484407,-0.03521011676792396,1
15,3.5589895982012782,-0.03521011676792396,1
15,3.6563899672541167,-0.03521011676792396,1
15,3.7537903363069542,-0.03521011676792396,1
15,3.851190705359792,-0.03521011676792396,1
15,3.9485910744126302,-0.03521011676792396,1
15,4.045991443465468,-0.03521011676792396,1
15,4.143391812518305,-0.03521011676792396,1
15,4.240792181571144,-0.03521011676792396,1
15,4.338192550623981,-0.03521011676792396,1
15,4.435592919676819,-0.03521011676792396,1
15,4.532993288729657,-0.03521011676792396,1
15,-2.1876321759161534,0.04245542118363721,0
15,-2.0902318068633154,0.04245542118363721,0
15,-1.992831437810478,0.04245542118363721,0
15,-1.89543106875764,0.04245542118363721,0
15,-1.7980306997048021,0.04245542118363721,0
15,-1.7006303306519643,0.04245542118363721,0
15,-1.6032299615991263,0.04245542118363721,0
15,-1.5058295925462886,0.04245542118363721,0
15,-1.4084292234934508,0.04245542118363721,0
15,-1.311028854440613,0.04245542118363721,0
15,-1.2136284853877752,0.04245542118363721,0
15,-1.1162281163349372,0.04245542118363721,0
15,-1.0188277472820995,0.04245542118363721,0
15,-0.9214273782292617,0.04245542118363721,0
15,-0.8240270091764237,0.04245542118363721,0
15,-0.7266266401235859,0.04245542118363721,0
15,-0.6292262710707481,0.04245542118363721,0
15,-0.5318259020179104,0.04245542118363721,0
15,-0.4344255329650726,0.04245542118363721,0
15,-0.3370251639122346,0.04245542118363721,0
15,-0.2396247948593968,0.04245542118363721,0
15,-0.14222442580655903,0.04245542118363721,0
15,-0.04482405675372103,0.04245542118363721,0
15,0.05257631229911652,0.04245542118363721,0
15,0.14997668135195452,0.04245542118363721,0
15,0.24737705040479252,0.04245542118363721,1
15,0.3447774194576301,0.04245542118363721,1
15,0.4421777885104681,0.04245542118363721,1
15,0.5395781575633061,0.04245542118363721,1
15,0.6369785266161436,0.04245542118363721,1
15,0.7343788956689816,0.04245542118363721,1
15,0.8317792647218192,0.04245542118363721,1
15,0.9291796337746572,0.04245542118363721,1
15,1.0265800028274952,0.04245542118363721,1
15,1.1239803718803327,0.04245542118363721,1
15,1.2213807409331707,0.04245542118363721,1
15,1.3187811099860083,0.04245542118363721,1
15,1.4161814790388463,0.04245542118363721,1
15,1.5135818480916843,0.04245542118363721,1
15,1.6109822171445218,0.04245542118363721,1
15,1.7083825861973598,0.04245542118363721,1
15,1.8057829552501978,0.04245542118363721,1
15,1.9031833243030354,0.04245542118363721,1
15,2.000583693355873,0.04245542118363721,1
15,2.0979840624087114,0.04245542118363721,1
15,2.195384431461549,0.04245542118363721,1
15,2.2927848005143865,0.04245542118363721,1
15,2.390185169567225,0.04245542118363721,1
15,2.4875855386200625,0.04245542118363721,1
15,2.5849859076729,0.04245542118363721,1
15,2.6823862767257385,0.04245542118363721,1
15,2.779786645778576,0.04245542118363721,1
15,2.8771870148314136,0.04245542118363721,1
15,2.974587383884252,0.04245542118363721,1
15,3.0719877529370896,0.04245542118363721,1
15,3.169388121989927,0.04245542118363721,1
15,3.2667884910427656,0.04245542118363721,1
15,3.364188860095603,0.04245542118363721,1
15,3.4615892291484407,0.04245542118363721,1
15,3.5589895982012782,0.04245542118363721,1
15,3.6563899672541167,0.04245542118363721,1
15,3.7537903363069542,0.04245542118363721,1
15,3.851190705359792,0.04245542118363721,1
15,3.9485910744126302,0.04245542118363721,1
15,4.045991443465468,0.04245542118363721,1
15,4.143391812518305,0.04245542118363721,1
15,4.240792181571144,0.04245542118363721,1
15,4.338192550623981,0.04245542118363721,1
15,4.435592919676819,0.04245542118363721,1
15,4.532993288729657,0.04245542118363721,1
15,-2.1876321759161534,0.12012095913519838,0
15,-2.0902318068633154,0.12012095913519838,0
15,-1.992831437810478,0.12012095913519838,0
15,-1.89543106875764,0.12012095913519838,0
15,-1.7980306997048021,0.12012095913519838,0
15,-1.7006303306519643,0.12012095913519838,0
15,-1.6032299615991263,0.12012095913519838,0
15,-1.5058295925462886,0.12012095913519838,0
15,-1.4084292234934508,0.12012095913519838,0
15,-1.311028854440613,0.12012095913519838,0
15,-1.2136284853877752,0.12012095913519838,0
15,-1.1162281163349372,0.12012095913519838,0
15,-1.0188277472820995,0.12012095913519838,0
15,-0.9214273782292617,0.12012095913519838,0
15,-0.8240270091764237,0.12012095913519838,0
15,-0.7266266401235859,0.12012095913519838,0
15,-0.6292262710707481,0.12012095913519838,0
15,-0.5318259020179104,0.12012095913519838,0
15,-0.4344255329650726,0.12012095913519838,0
15,-0.3370251639122346,0.12012095913519838,0
15,-0.2396247948593968,0.12012095913519838,0
15,-0.14222442580655903,0.12012095913519838,0
15,-0.04482405675372103,0.12012095913519838,0
15,0.05257631229911652,0.12012095913519838,0
15,0.14997668135195452,0.12012095913519838,0
15,0.24737705040479252,0.12012095913519838,1
15,0.3447774194576301,0.12012095913519838,1
15,0.4421777885104681,0.12012095913519838,1
15,0.5395781575633061,0.12012095913519838,1
15,0.6369785266161436,0.12012095913519838,1
15,0.7343788956689816,0.12012095913519838,1
15,0.8317792647218192,0.12012095913519838,1
15,0.9291796337746572,0.12012095913519838,1
15,1.0265800028274952,0.12012095913519838,1
15,1.1239803718803327,0.12012095913519838,1
15,1.2213807409331707,0.12012095913519838,1
15,1.3187811099860083,0.12012095913519838,1
15,1.4161814790388463,0.12012095913519838,1
15,1.5135818480916843,0.12012095913519838,1
15,1.6109822171445218,0.12012095913519838,1
15,1.7083825861973598,0.12012095913519838,1
15,1.8057829552501978,0.12012095913519838,1
15,1.9031833243030354,0.12012095913519838,1
15,2.000583693355873,0.12012095913519838,1
15,2.0979840624087114,0.12012095913519838,1
15,2.195384431461549,0.12012095913519838,1
15,2.2927848005143865,0.12012095913519838,1
15,2.390185169567225,0.12012095913519838,1
15,2.4875855386200625,0.12012095913519838,1
15,2.5849859076729,0.12012095913519838,1
15,2.6823862767257385,0.12012095913519838,1
15,2.779786645778576,0.12012095913519838,1
15,2.8771870148314136,0.12012095913519838,1
15,2.974587383884252,0.12012095913519838,1
15,3.0719877529370896,0.12012095913519838,1
15,3.169388121989927,0.12012095913519838,1
15,3.2667884910427656,0.12012095913519838,1
15,3.364188860095603,0.12012095913519838,1
15,3.4615892291484407,0.12012095913519838,1
15,3.5589895982012782,0.12012095913519838,1
15,3.6563899672541167,0.12012095913519838,1
15,3.7537903363069542,0.12012095913519838,1
15,3.851190705359792,0.12012095913519838,1
15,3.9485910744126302,0.12012095913519838,1
15,4.045991443465468,0.12012095913519838,1
15,4.143391812518305,0.12012095913519838,1
15,4.240792181571144,0.12012095913519838,1
15,4.338192550623981,0.12012095913519838,1
15,4.435592919676819,0.12012095913519838,1
15,4.532993288729657,0.12012095913519838,1
15,-2.1876321759161534,0.1977864970867591,0
15,-2.0902318068633154,0.1977864970867591,0
15,-1.992831437810478,0.1977864970867591,0
15,-1.89543106875764,0.1977864970867591,0
15,-1.7980306997048021,0.1977864970867591,0
15,-1.7006303306519643,0.1977864970867591,0
15,-1.6032299615991263,0.1977864970867591,0
15,-1.5058295925462886,0.1977864970867591,0
15,-1.4084292234934508,0.1977864970867591,0
15,-1.311028854440613,0.1977864970867591,0
15,-1.2136284853877752,0.1977864970867591,0
15,-1.1162281163349372,0.1977864970867591,0
15,-1.0188277472820995,0.1977864970867591,0
15,-0.9214273782292617,0.1977864970867591,0
15,-0.8240270091764237,0.1977864970867591,0
15,-0.7266266401235859,0.1977864970867591,0
15,-0.6292262710707481,0.1977864970867591,0
15,-0.5318259020179104,0.1977864970867591,0
15,-0.4344255329650726,0.1977864970867591,0
15,-0.3370251639122346,0.1977864970867591,0
15,-0.2396247948593968,0.1977864970867591,0
15,-0.14222442580655903,0.1977864970867591,0
15,-0.04482405675372103,0.1977864970867591,0
15,0.05257631229911652,0.1977864970867591,0
15,0.14997668135195452,0.1977864970867591,0
15,0.24737705040479252,0.1977864970867591,1
15,0.3447774194576301,0.1977864970867591,1
15,0.4421777885104681,0.1977864970867591,1
15,0.5395781575633061,0.1977864970867591,1
15,0.6369785266161436,0.1977864970867591,1
15,0.7343788956689816,0.1977864970867591,1
15,0.8317792647218192,0.1977864970867591,1
15,0.9291796337746572,0.1977864970867591,1
15,1.0265800028274952,0.1977864970867591,1
15,1.1239803718803327,0.1977864970867591,1
15,1.2213807409331707,0.1977864970867591,1
15,1.3187811099860083,0.1977864970867591,1
15,1.4161814790388463,0.1977864970867591,1
15,1.5135818480916843,0.1977864970867591,1
15,1.6109822171445218,0.1977864970867591,1
15,1.7083825861973598,0.1977864970867591,1
15,1.8057829552501978,0.1977864970867591,1
15,1.9031833243030354,0.1977864970867591,1
15,2.000583693355873,0.1977864970867591,1
15,2.0979840624087114,0.1977864970867591,1
15,2.195384431461549,0.1977864970867591,1
15,2.2927848005143865,0.1977864970867591,1
15,2.390185169567225,0.1977864970867591,1
15,2.4875855386200625,0.1977864970867591,1
15,2.5849859076729,0.1977864970867591,1
15,2.6823862767257385,0.1977864970867591,1
15,2.779786645778576,0.1977864970867591,1
15,2.8771870148314136,0.1977864970867591,1
15,2.974587383884252,0.1977864970867591,1
15,3.0719877529370896,0.1977864970867591,1
15,3.169388121989927,0.1977864970867591,1
15,3.2667884910427656,0.1977864970867591,1
15,3.364188860095603,0.1977864970867591,1
15,3.4615892291484407,0.1977864970867591,1
15,3.5589895982012782,0.1977864970867591,1
15,3.6563899672541167,0.1977864970867591,1
15,3.7537903363069542,0.1977864970867591,1
15,3.851190705359792,0.1977864970867591,1
15,3.9485910744126302,0.1977864970867591,1
15,4.045991443465468,0.1977864970867591,1
15,4.143391812518305,0.1977864970867591,1
15,4.240792181571144,0.1977864970867591,1
15,4.338192550623981,0.1977864970867591,1
15,4.435592919676819,0.1977864970867591,1
15,4.532993288729657,0.1977864970867591,1
15,-2.1876321759161534,0.2754520350383203,0
15,-2.0902318068633154,0.2754520350383203,0
15,-1.992831437810478,0.2754520350383203,0
15,-1.89543106875764,0.2754520350383203,0
15,-1.7980306997048021,0.2754520350383203,0
15,-1.7006303306519643,0.2754520350383203,0
15,-1.6032299615991263,0.2754520350383203,0
15,-1.5058295925462886,0.2754520350383203,0
15,-1.4084292234934508,0.2754520350383203,0
15,-1.311028854440613,0.2754520350383203,0
15,-1.2136284853877752,0.2754520350383203,0
15,-1.1162281163349372,0.2754520350383203,0
15,-1.0188277472820995,0.2754520350383203,0
15,-0.9214273782292617,0.2754520350383203,0
15,-0.8240270091764237,0.2754520350383203,0
15,-0.7266266401235859,0.2754520350383203,0
15,-0.6292262710707481,0.2754520350383203,0
15,-0.5318259020179104,0.2754520350383203,0
15,-0.4344255329650726,0.2754520350383203,0
15,-0.3370251639122346,0.2754520350383203,0
15,-0.2396247948593968,0.2754520350383203,0
15,-0.14222442580655903,0.2754520350383203,0
15,-0.04482405675372103,0.2754520350383203,0
15,0.05257631229911652,0.2754520350383203,0
15,0.14997668135195452,0.2754520350383203,0
15,0.24737705040479252,0.2754520350383203,0
15,0.3447774194576301,0.2754520350383203,0
15,0.4421777885104681,0.2754520350383203,1
15,0.5395781575633061,0.2754520350383203,1
15,0.6369785266161436,0.2754520350383203,1
15,0.7343788956689816,0.2754520350383203,1
15,0.8317792647218192,0.2754520350383203,1
15,0.9291796337746572,0.2754520350383203,1
15,1.0265800028274952,0.2754520350383203,1
15,1.1239803718803327,0.2754520350383203,1
15,1.2213807409331707,0.2754520350383203,1
15,1.3187811099860083,0.2754520350383203,1
15,1.4161814790388463,0.2754520350383203,1
15,1.5135818480916843,0.2754520350383203,1
15,1.6109822171445218,0.2754520350383203,1
15,1.7083825861973598,0.2754520350383203,1
15,1.8057829552501978,0.2754520350383203,1
15,1.9031833243030354,0.2754520350383203,1
15,2.000583693355873,0.2754520350383203,1
15,2.0979840624087114,0.2754520350383203,1
15,2.195384431461549,0.2754520350383203,1
15,2.2927848005143865,0.2754520350383203,1
15,2.390185169567225,0.2754520350383203,1
15,2.4875855386200625,0.2754520350383203,1
15,2.5849859076729,0.2754520350383203,1
15,2.6823862767257385,0.2754520350383203,1
15,2.779786645778576,0.2754520350383203,1
15,2.8771870148314136,0.2754520350383203,1
15,2.974587383884252,0.2754520350383203,1
15,3.0719877529370896,0.2754520350383203,1
15,3.169388121989927,0.2754520350383203,1
15,3.2667884910427656,0.2754520350383203,1
15,3.364188860095603,0.2754520350383203,1
15,3.4615892291484407,0.2754520350383203,1
15,3.5589895982012782,0.2754520350383203,1
15,3.6563899672541167,0.2754520350383203,1
15,3.7537903363069542,0.2754520350383203,1
15,3.851190705359792,0.2754520350383203,1
15,3.9485910744126302,0.2754520350383203,1
15,4.045991443465468,0.2754520350383203,1
15,4.143391812518305,0.2754520350383203,1
15,4.240792181571144,0.2754520350383203,1
15,4.338192550623981,0.2754520350383203,1
15,4.435592919676819,0.2754520350383203,1
15,4.532993288729657,0.2754520350383203,1
15,-2.1876321759161534,0.35311757298988145,0
15,-2.0902318068633154,0.35311757298988145,0
15,-1.992831437810478,0.35311757298988145,0
15,-1.89543106875764,0.35311757298988145,0
15,-1.7980306997048021,0.35311757298988145,0
15,-1.7006303306519643,0.35311757298988145,0
15,-1.6032299615991263,0.35311757298988145,0
15,-1.5058295925462886,0.35311757298988145,0
15,-1.4084292234934508,0.35311757298988145,0
15,-1.311028854440613,0.35311757298988145,0
15,-1.2136284853877752,0.35311757298988145,0
15,-1.1162281163349372,0.35311757298988145,0
15,-1.0188277472820995,0.35311757298988145,0
15,-0.9214273782292617,0.35311757298988145,0
15,-0.8240270091764237,0.35311757298988145,0
15,-0.7266266401235859,0.35311757298988145,0
15,-0.6292262710707481,0.35311757298988145,0
15,-0.5318259020179104,0.35311757298988145,0
15,-0.4344255329650726,0.35311757298988145,0
15,-0.3370251639122346,0.35311757298988145,0
15,-0.2396247948593968,0.35311757298988145,0
15,-0.14222442580655903,0.35311757298988145,0
15,-0.04482405675372103,0.35311757298988145,0
15,0.05257631229911652,0.35311757298988145,0
15,0.14997668135195452,0.35311757298988145,0
15,0.24737705040479252,0.35311757298988145,0
15,0.3447774194576301,0.35311757298988145,0
15,0.4421777885104681,0.35311757298988145,1
15,0.5395781575633061,0.35311757298988145,1
15,0.6369785266161436,0.35311757298988145,1
15,0.7343788956689816,0.35311757298988145,1
15,0.8317792647218192,0.35311757298988145,1
15,0.9291796337746572,0.35311757298988145,1
15,1.0265800028274952,0.35311757298988145,1
15,1.1239803718803327,0.35311757298988145,1
15,1.2213807409331707,0.35311757298988145,1
15,1.3187811099860083,0.35311757298988145,1
15,1.4161814790388463,0.35311757298988145,1
15,1.5135818480916843,0.35311757298988145,1
15,1.6109822171445218,0.35311757298988145,1
15,1.7083825861973598,0.35311757298988145,1
15,1.8057829552501978,0.35311757298988145,1
15,1.9031833243030354,0.35311757298988145,1
15,2.000583693355873,0.35311757298988145,1
15,2.0979840624087114,0.35311757298988145,1
15,2.195384431461549,0.35311757298988145,1
15,2.2927848005143865,0.35311757298988145,1
15,2.390185169567225,0.35311757298988145,1
15,2.4875855386200625,0.35311757298988145,1
15,2.5849859076729,0.35311757298988145,1
15,2.6823862767257385,0.35311757298988145,1
15,2.779786645778576,0.35311757298988145,1
15,2.8771870148314136,0.35311757298988145,1
15,2.974587383884252,0.35311757298988145,1
15,3.0719877529370896,0.35311757298988145,1
15,3.169388121989927,0.35311757298988145,1
15,3.2667884910427656,0.35311757298988145,1
15,3.364188860095603,0.35311757298988145,1
15,3.4615892291484407,0.35311757298988145,1
15,3.5589895982012782,0.35311757298988145,1
15,3.6563899672541167,0.35311757298988145,1
15,3.7537903363069542,0.35311757298988145,1
15,3.851190705359792,0.35311757298988145,1
15,3.9485910744126302,0.35311757298988145,1
15,4.045991443465468,0.35311757298988145,1
15,4.143391812518305,0.35311757298988145,1
15,4.240792181571144,0.35311757298988145,1
15,4.338192550623981,0.35311757298988145,1
15,4.435592919676819,0.35311757298988145,1
15,4.532993288729657,0.35311757298988145,1
15,-2.1876321759161534,0.43078311094144217,0
15,-2.0902318068633154,0.43078311094144217,0
15,-1.992831437810478,0.43078311094144217,0
15,-1.89543106875764,0.43078311094144217,0
15,-1.7980306997048021,0.43078311094144217,0
15,-1.7006303306519643,0.43078311094144217,0
15,-1.6032299615991263,0.43078311094144217,0
15,-1.5058295925462886,0.43078311094144217,0
15,-1.4084292234934508,0.43078311094144217,0
15,-1.311028854440613,0.43078311094144217,0
15,-1.2136284853877752,0.43078311094144217,0
15,-1.1162281163349372,0.43078311094144217,0
15,-1.0188277472820995,0.43078311094144217,0
15,-0.9214273782292617,0.43078311094144217,0
15,-0.8240270091764237,0.43078311094144217,0
15,-0.7266266401235859,0.43078311094144217,0
15,-0.6292262710707481,0.43078311094144217,0
15,-0.5318259020179104,0.43078311094144217,0
15,-0.4344255329650726,0.43078311094144217,0
15,-0.3370251639122346,0.43078311094144217,0
15,-0.2396247948593968,0.43078311094144217,0
15,-0.14222442580655903,0.43078311094144217,0
15,-0.04482405675372103,0.43078311094144217,1
15,0.05257631229911652,0.43078311094144217,1
15,0.14997668135195452,0.43078311094144217,0
15,0.24737705040479252,0.43078311094144217,1
15,0.3447774194576301,0.43078311094144217,1
15,0.4421777885104681,0.43078311094144217,1
15,0.5395781575633061,0.43078311094144217,1
15,0.6369785266161436,0.43078311094144217,1
15,0.7343788956689816,0.43078311094144217,1
15,0.8317792647218192,0.43078311094144217,1
15,0.9291796337746572,0.43078311094144217,1
15,1.0265800028274952,0.43078311094144217,1
15,1.1239803718803327,0.43078311094144217,1
15,1.2213807409331707,0.43078311094144217,1
15,1.3187811099860083,0.43078311094144217,1
15,1.4161814790388463,0.43078311094144217,1
15,1.5135818480916843,0.43078311094144217,1
15,1.6109822171445218,0.43078311094144217,1
15,1.7083825861973598,0.43078311094144217,1
15,1.8057829552501978,0.43078311094144217,1
15,1.9031833243030354,0.43078311094144217,1
15,2.000583693355873,0.43078311094144217,1
15,2.0979840624087114,0.43078311094144217,1
15,2.195384431461549,0.43078311094144217,1
15,2.2927848005143865,0.43078311094144217,1
15,2.390185169567225,0.43078311094144217,1
15,2.4875855386200625,0.43078311094144217,1
15,2.5849859076729,0.43078311094144217,1
15,2.6823862767257385,0.43078311094144217,1
15,2.779786645778576,0.43078311094144217,1
15,2.8771870148314136,0.43078311094144217,1
15,2.974587383884252,0.43078311094144217,1
15,3.0719877529370896,0.43078311094144217,1
15,3.169388121989927,0.43078311094144217,1
15,3.2667884910427656,0.43078311094144217,1
15,3.364188860095603,0.43078311094144217,1
15,3.4615892291484407,0.43078311094144217,1
15,3.5589895982012782,0.43078311094144217,1
15,3.6563899672541167,0.43078311094144217,1
15,3.7537903363069542,0.43078311094144217,1
15,3.851190705359792,0.43078311094144217,1
15,3.9485910744126302,0.43078311094144217,1
15,4.045991443465468,0.43078311094144217,1
15,4.143391812518305,0.43078311094144217,1
15,4.240792181571144,0.43078311094144217,1
15,4.338192550623981,0.43078311094144217,1
15,4.435592919676819,0.43078311094144217,1
15,4.532993288729657,0.43078311094144217,1
15,-2.1876321759161534,0.5084486488930033,0
15,-2.0902318068633154,0.5084486488930033,0
15,-1.992831437810478,0.5084486488930033,0
15,-1.89543106875764,0.5084486488930033,0
15,-1.7980306997048021,0.5084486488930033,0
15,-1.7006303306519643,0.5084486488930033,0
15,-1.6032299615991263,0.5084486488930033,0
15,-1.5058295925462886,0.5084486488930033,0
15,-1.4084292234934508,0.5084486488930033,0
15,-1.311028854440613,0.5084486488930033,0
15,-1.2136284853877752,0.5084486488930033,0
15,-1.1162281163349372,0.5084486488930033,0
15,-1.0188277472820995,0.5084486488930033,0
15,-0.9214273782292617,0.5084486488930033,0
15,-0.8240270091764237,0.5084486488930033,0
15,-0.7266266401235859,0.5084486488930033,0
15,-0.6292262710707481,0.5084486488930033,0
15,-0.5318259020179104,0.5084486488930033,0
15,-0.4344255329650726,0.5084486488930033,0
15,-0.3370251639122346,0.5084486488930033,0
15,-0.2396247948593968,0.5084486488930033,0
15,-0.14222442580655903,0.5084486488930033,1
15,-0.04482405675372103,0.5084486488930033,1
15,0.05257631229911652,0.5084486488930033,1
15,0.14997668135195452,0.5084486488930033,1
15,0.24737705040479252,0.5084486488930033,1
15,0.3447774194576301,0.5084486488930033,1
15,0.4421777885104681,0.5084486488930033,1
15,0.5395781575633061,0.5084486488930033,1
15,0.6369785266161436,0.5084486488930033,1
15,0.7343788956689816,0.5084486488930033,1
15,0.8317792647218192,0.5084486488930033,1
15,0.9291796337746572,0.5084486488930033,1
15,1.0265800028274952,0.5084486488930033,1
15,1.1239803718803327,0.5084486488930033,1
15,1.2213807409331707,0.5084486488930033,1
15,1.3187811099860083,0.5084486488930033,1
15,1.4161814790388463,0.5084486488930033,1
15,1.5135818480916843,0.5084486488930033,1
15,1.6109822171445218,0.5084486488930033,1
15,1.7083825861973598,0.5084486488930033,1
15,1.8057829552501978,0.5084486488930033,1
15,1.9031833243030354,0.5084486488930033,1
15,2.000583693355873,0.5084486488930033,1
15,2.0979840624087114,0.5084486488930033,1
15,2.195384431461549,0.5084486488930033,1
15,2.2927848005143865,0.5084486488930033,1
15,2.390185169567225,0.5084486488930033,1
15,2.4875855386200625,0.5084486488930033,1
15,2.5849859076729,0.5084486488930033,1
15,2.6823862767257385,0.5084486488930033,1
15,2.779786645778576,0.5084486488930033,1
15,2.8771870148314136,0.5084486488930033,1
15,2.974587383884252,0.5084486488930033,1
15,3.0719877529370896,0.5084486488930033,1
15,3.169388121989927,0.5084486488930033,1
15,3.2667884910427656,0.5084486488930033,1
15,3.364188860095603,0.5084486488930033,1
15,3.4615892291484407,0.5084486488930033,1
15,3.5589895982012782,0.5084486488930033,1
15,3.6563899672541167,0.5084486488930033,1
15,3.7537903363069542,0.5084486488930033,1
15,3.851190705359792,0.5084486488930033,1
15,3.9485910744126302,0.5084486488930033,1
15,4.045991443465468,0.5084486488930033,1
15,4.143391812518305,0.5084486488930033,1
15,4.240792181571144,0.5084486488930033,1
15,4.338192550623981,0.5084486488930033,1
15,4.435592919676819,0.5084486488930033,1
15,4.532993288729657,0.5084486488930033,1
15,-2.1876321759161534,0.5861141868445645,0
15,-2.0902318068633154,0.5861141868445645,0
15,-1.992831437810478,0.5861141868445645,0
15,-1.89543106875764,0.5861141868445645,0
15,-1.7980306997048021,0.5861141868445645,0
15,-1.7006303306519643,0.5861141868445645,0
15,-1.6032299615991263,0.5861141868445645,0
15,-1.5058295925462886,0.5861141868445645,0
15,-1.4084292234934508,0.5861141868445645,0
15,-1.311028854440613,0.5861141868445645,0
15,-1.2136284853877752,0.5861141868445645,0
15,-1.1162281163349372,0.5861141868445645,0
15,-1.0188277472820995,0.5861141868445645,0
15,-0.9214273782292617,0.5861141868445645,0
15,-0.8240270091764237,0.5861141868445645,0
15,-0.7266266401235859,0.5861141868445645,0
15,-0.6292262710707481,0.5861141868445645,0
15,-0.5318259020179104,0.5861141868445645,0
15,-0.4344255329650726,0.5861141868445645,0
15,-0.3370251639122346,0.5861141868445645,0
15,-0.2396247948593968,0.5861141868445645,1
15,-0.14222442580655903,0.5861141868445645,1
15,-0.04482405675372103,0.5861141868445645,1
15,0.05257631229911652,0.5861141868445645,1
15,0.14997668135195452,0.5861141868445645,1
15,0.24737705040479252,0.5861141868445645,1
15,0.3447774194576301,0.5861141868445645,1
15,0.4421777885104681,0.5861141868445645,1
15,0.5395781575633061,0.5861141868445645,1
15,0.6369785266161436,0.5861141868445645,1
15,0.7343788956689816,0.5861141868445645,1
15,0.8317792647218192,0.5861141868445645,1
15,0.9291796337746572,0.5861141868445645,1
15,1.0265800028274952,0.5861141868445645,1
15,1.1239803718803327,0.5861141868445645,1
15,1.2213807409331707,0.5861141868445645,1
15,1.3187811099860083,0.5861141868445645,1
15,1.4161814790388463,0.5861141868445645,1
15,1.5135818480916843,0.5861141868445645,1
15,1.6109822171445218,0.5861141868445645,1
15,1.7083825861973598,0.5861141868445645,1
15,1.8057829552501978,0.5861141868445645,1
15,1.9031833243030354,0.5861141868445645,1
15,2.000583693355873,0.5861141868445645,1
15,2.0979840624087114,0.5861141868445645,1
15,2.195384431461549,0.5861141868445645,1
15,2.2927848005143865,0.5861141868445645,1
15,2.390185169567225,0.5861141868445645,1
15,2.4875855386200625,0.5861141868445645,1
15,2.5849859076729,0.5861141868445645,1
15,2.6823862767257385,0.5861141868445645,1
15,2.779786645778576,0.5861141868445645,1
15,2.8771870148314136,0.5861141868445645,1
15,2.974587383884252,0.5861141868445645,1
15,3.0719877529370896,0.5861141868445645,1
15,3.169388121989927,0.5861141868445645,1
15,3.2667884910427656,0.5861141868445645,1
15,3.364188860095603,0.5861141868445645,1
15,3.4615892291484407,0.5861141868445645,1
15,3.5589895982012782,0.5861141868445645,1
15,3.6563899672541167,0.5861141868445645,1
15,3.7537903363069542,0.5861141868445645,1
15,3.851190705359792,0.5861141868445645,1
15,3.9485910744126302,0.5861141868445645,1
15,4.045991443465468,0.5861141868445645,1
15,4.143391812518305,0.5861141868445645,1
15,4.240792181571144,0.5861141868445645,1
15,4.338192550623981,0.5861141868445645,1
15,4.435592919676819,0.5861141868445645,1
15,4.532993288729657,0.5861141868445645,1
15,-2.1876321759161534,0.6637797247961257,0
15,-2.0902318068633154,0.6637797247961257,0
15,-1.992831437810478,0.6637797247961257,0
15,-1.89543106875764,0.6637797247961257,0
15,-1.7980306997048021,0.6637797247961257,0
15,-1.7006303306519643,0.6637797247961257,0
15,-1.6032299615991263,0.6637797247961257,0
15,-1.5058295925462886,0.6637797247961257,0
15,-1.4084292234934508,0.6637797247961257,0
15,-1.311028854440613,0.6637797247961257,0
15,-1.2136284853877752,0.6637797247961257,0
15,-1.1162281163349372,0.6637797247961257,0
15,-1.0188277472820995,0.6637797247961257,0
15,-0.9214273782292617,0.6637797247961257,0
15,-0.8240270091764237,0.6637797247961257,0
15,-0.7266266401235859,0.6637797247961257,0
15,-0.6292262710707481,0.6637797247961257,0
15,-0.5318259020179104,0.6637797247961257,0
15,-0.4344255329650726,0.6637797247961257,0
15,-0.3370251639122346,0.6637797247961257,1
15,-0.2396247948593968,0.6637797247961257,1
15,-0.14222442580655903,0.6637797247961257,1
15,-0.04482405675372103,0.6637797247961257,1
15,0.05257631229911652,0.6637797247961257,1
15,0.14997668135195452,0.6637797247961257,1
15,0.24737705040479252,0.6637797247961257,1
15,0.3447774194576301,0.6637797247961257,1
15,0.4421777885104681,0.6637797247961257,1
15,0.5395781575633061,0.6637797247961257,1
15,0.6369785266161436,0.6637797247961257,1
15,0.7343788956689816,0.6637797247961257,1
15,0.8317792647218192,0.6637797247961257,1
15,0.9291796337746572,0.6637797247961257,1
15,1.0265800028274952,0.6637797247961257,1
15,1.1239803718803327,0.6637797247961257,1
15,1.2213807409331707,0.6637797247961257,1
15,1.3187811099860083,0.6637797247961257,1
15,1.4161814790388463,0.6637797247961257,1
15,1.5135818480916843,0.6637797247961257,1
15,1.6109822171445218,0.6637797247961257,1
15,1.7083825861973598,0.6637797247961257,1
15,1.8057829552501978,0.6637797247961257,1
15,1.9031833243030354,0.6637797247961257,1
15,2.000583693355873,0.6637797247961257,1
15,2.0979840624087114,0.6637797247961257,1
15,2.195384431461549,0.6637797247961257,1
15,2.2927848005143865,0.6637797247961257,1
15,2.390185169567225,0.6637797247961257,1
15,2.4875855386200625,0.6637797247961257,1
15,2.5849859076729,0.6637797247961257,1
15,2.6823862767257385,0.6637797247961257,1
15,2.779786645778576,0.6637797247961257,1
15,2.8771870148314136,0.6637797247961257,1
15,2.974587383884252,0.6637797247961257,1
15,3.0719877529370896,0.6637797247961257,1
15,3.169388121989927,0.6637797247961257,1
15,3.2667884910427656,0.6637797247961257,1
15,3.364188860095603,0.6637797247961257,1
15,3.4615892291484407,0.6637797247961257,1
15,3.5589895982012782,0.6637797247961257,1
15,3.6563899672541167,0.6637797247961257,1
15,3.7537903363069542,0.6637797247961257,1
15,3.851190705359792,0.6637797247961257,1
15,3.9485910744126302,0.6637797247961257,1
15,4.045991443465468,0.6637797247961257,1
15,4.143391812518305,0.6637797247961257,1
15,4.240792181571144,0.6637797247961257,1
15,4.338192550623981,0.6637797247961257,1
15,4.435592919676819,0.6637797247961257,1
15,4.532993288729657,0.6637797247961257,1
15,-2.1876321759161534,0.7414452627476864,0
15,-2.0902318068633154,0.7414452627476864,0
15,-1.992831437810478,0.7414452627476864,0
15,-1.89543106875764,0.7414452627476864,0
15,-1.7980306997048021,0.7414452627476864,0
15,-1.7006303306519643,0.7414452627476864,0
15,-1.6032299615991263,0.7414452627476864,0
15,-1.5058295925462886,0.7414452627476864,0
15,-1.4084292234934508,0.7414452627476864,0
15,-1.311028854440613,0.7414452627476864,0
15,-1.2136284853877752,0.7414452627476864,0
15,-1.1162281163349372,0.7414452627476864,0
15,-1.0188277472820995,0.7414452627476864,0
15,-0.9214273782292617,0.7414452627476864,0
15,-0.8240270091764237,0.7414452627476864,0
15,-0.7266266401235859,0.7414452627476864,0
15,-0.6292262710707481,0.7414452627476864,0
15,-0.5318259020179104,0.7414452627476864,0
15,-0.4344255329650726,0.7414452627476864,1
15,-0.3370251639122346,0.7414452627476864,1
15,-0.2396247948593968,0.7414452627476864,1
15,-0.14222442580655903,0.7414452627476864,1
15,-0.04482405675372103,0.7414452627476864,1
15,0.05257631229911652,0.7414452627476864,1
15,0.14997668135195452,0.7414452627476864,1
15,0.24737705040479252,0.7414452627476864,1
15,0.3447774194576301,0.7414452627476864,1
15,0.4421777885104681,0.7414452627476864,1
15,0.5395781575633061,0.7414452627476864,1
15,0.6369785266161436,0.7414452627476864,1
15,0.7343788956689816,0.7414452627476864,1
15,0.8317792647218192,0.7414452627476864,1
15,0.9291796337746572,0.7414452627476864,1
15,1.0265800028274952,0.7414452627476864,1
15,1.1239803718803327,0.7414452627476864,1
15,1.2213807409331707,0.7414452627476864,1
15,1.3187811099860083,0.7414452627476864,1
15,1.4161814790388463,0.7414452627476864,1
15,1.5135818480916843,0.7414452627476864,1
15,1.6109822171445218,0.7414452627476864,1
15,1.7083825861973598,0.7414452627476864,1
15,1.8057829552501978,0.7414452627476864,1
15,1.9031833243030354,0.7414452627476864,1
15,2.000583693355873,0.7414452627476864,1
15,2.0979840624087114,0.7414452627476864,1
15,2.195384431461549,0.7414452627476864,1
15,2.2927848005143865,0.7414452627476864,1
15,2.390185169567225,0.7414452627476864,1
15,2.4875855386200625,0.7414452627476864,1
15,2.5849859076729,0.7414452627476864,1
15,2.6823862767257385,0.7414452627476864,1
15,2.779786645778576,0.7414452627476864,1
15,2.8771870148314136,0.7414452627476864,1
15,2.974587383884252,0.7414452627476864,1
15,3.0719877529370896,0.7414452627476864,1
15,3.169388121989927,0.7414452627476864,1
15,3.2667884910427656,0.7414452627476864,1
15,3.364188860095603,0.7414452627476864,1
15,3.4615892291484407,0.7414452627476864,1
15,3.5589895982012782,0.7414452627476864,1
15,3.6563899672541167,0.7414452627476864,1
15,3.7537903363069542,0.7414452627476864,1
15,3.851190705359792,0.7414452627476864,1
15,3.9485910744126302,0.7414452627476864,1
15,4.045991443465468,0.7414452627476864,1
15,4.143391812518305,0.7414452627476864,1
15,4.240792181571144,0.7414452627476864,1
15,4.338192550623981,0.7414452627476864,1
15,4.435592919676819,0.7414452627476864,1
15,4.532993288729657,0.7414452627476864,1
15,-2.1876321759161534,0.8191108006992476,0
15,-2.0902318068633154,0.8191108006992476,0
15,-1.992831437810478,0.8191108006992476,0
15,-1.89543106875764,0.8191108006992476,0
15,-1.7980306997048021,0.8191108006992476,0
15,-1.7006303306519643,0.8191108006992476,0
15,-1.6032299615991263,0.8191108006992476,0
15,-1.5058295925462886,0.8191108006992476,0
15,-1.4084292234934508,0.8191108006992476,0
15,-1.311028854440613,0.8191108006992476,0
15,-1.2136284853877752,0.8191108006992476,0
15,-1.1162281163349372,0.8191108006992476,0
15,-1.0188277472820995,0.8191108006992476,0
15,-0.9214273782292617,0.8191108006992476,0
15,-0.8240270091764237,0.8191108006992476,0
15,-0.7266266401235859,0.8191108006992476,0
15,-0.6292262710707481,0.8191108006992476,0
15,-0.5318259020179104,0.8191108006992476,1
15,-0.4344255329650726,0.8191108006992476,1
15,-0.3370251639122346,0.8191108006992476,1
15,-0.2396247948593968,0.8191108006992476,1
15,-0.14222442580655903,0.8191108006992476,1
15,-0.04482405675372103,0.8191108006992476,1
15,0.05257631229911652,0.8191108006992476,1
15,0.14997668135195452,0.8191108006992476,1
15,0.24737705040479252,0.8191108006992476,1
15,0.3447774194576301,0.8191108006992476,1
15,0.4421777885104681,0.8191108006992476,1
15,0.5395781575633061,0.8191108006992476,1
15,0.6369785266161436,0.8191108006992476,1
15,0.7343788956689816,0.8191108006992476,1
15,0.8317792647218192,0.8191108006992476,1
15,0.9291796337746572,0.8191108006992476,1
15,1.0265800028274952,0.8191108006992476,1
15,1.1239803718803327,0.8191108006992476,1
15,1.2213807409331707,0.8191108006992476,1
15,1.3187811099860083,0.8191108006992476,1
15,1.4161814790388463,0.8191108006992476,1
15,1.5135818480916843,0.8191108006992476,1
15,1.6109822171445218,0.8191108006992476,1
15,1.7083825861973598,0.8191108006992476,1
15,1.8057829552501978,0.8191108006992476,1
15,1.9031833243030354,0.8191108006992476,1
15,2.000583693355873,0.8191108006992476,1
15,2.0979840624087114,0.8191108006992476,1
15,2.195384431461549,0.8191108006992476,1
15,2.2927848005143865,0.8191108006992476,1
15,2.390185169567225,0.8191108006992476,1
15,2.4875855386200625,0.8191108006992476,1
15,2.5849859076729,0.8191108006992476,1
15,2.6823862767257385,0.8191108006992476,1
15,2.779786645778576,0.8191108006992476,1
15,2.8771870148314136,0.8191108006992476,1
15,2.974587383884252,0.8191108006992476,1
15,3.0719877529370896,0.8191108006992476,1
15,3.169388121989927,0.8191108006992476,1
15,3.2667884910427656,0.8191108006992476,1
15,3.364188860095603,0.8191108006992476,1
15,3.4615892291484407,0.8191108006992476,1
15,3.5589895982012782,0.8191108006992476,1
15,3.6563899672541167,0.8191108006992476,1
15,3.7537903363069542,0.8191108006992476,1
15,3.851190705359792,0.8191108006992476,1
15,3.9485910744126302,0.8191108006992476,1
15,4.045991443465468,0.8191108006992476,1
15,4.143391812518305,0.8191108006992476,1
15,4.240792181571144,0.8191108006992476,1
15,4.338192550623981,0.8191108006992476,1
15,4.435592919676819,0.8191108006992476,1
15,4.532993288729657,0.8191108006992476,1
15,-2.1876321759161534,0.8967763386508087,0
15,-2.0902318068633154,0.8967763386508087,0
15,-1.992831437810478,0.8967763386508087,0
15,-1.89543106875764,0.8967763386508087,0
15,-1.7980306997048021,0.8967763386508087,0
15,-1.7006303306519643,0.8967763386508087,0
15,-1.6032299615991263,0.8967763386508087,0
15,-1.5058295925462886,0.8967763386508087,0
15,-1.4084292234934508,0.8967763386508087,0
15,-1.311028854440613,0.8967763386508087,0
15,-1.2136284853877752,0.8967763386508087,0
15,-1.1162281163349372,0.8967763386508087,0
15,-1.0188277472820995,0.8967763386508087,0
15,-0.9214273782292617,0.8967763386508087,0
15,-0.8240270091764237,0.8967763386508087,0
15,-0.7266266401235859,0.8967763386508087,0
15,-0.6292262710707481,0.8967763386508087,0
15,-0.5318259020179104,0.8967763386508087,1
15,-0.4344255329650726,0.8967763386508087,1
15,-0.3370251639122346,0.8967763386508087,1
15,-0.2396247948593968,0.8967763386508087,1
15,-0.14222442580655903,0.8967763386508087,1
15,-0.04482405675372103,0.8967763386508087,1
15,0.05257631229911652,0.8967763386508087,1
15,0.14997668135195452,0.8967763386508087,1
15,0.24737705040479252,0.8967763386508087,1
15,0.3447774194576301,0.8967763386508087,1
15,0.4421777885104681,0.8967763386508087,1
15,0.5395781575633061,0.8967763386508087,1
15,0.6369785266161436,0.8967763386508087,1
15,0.7343788956689816,0.8967763386508087,1
15,0.8317792647218192,0.8967763386508087,1
15,0.9291796337746572,0.8967763386508087,1
15,1.0265800028274952,0.8967763386508087,1
15,1.1239803718803327,0.8967763386508087,1
15,1.2213807409331707,0.8967763386508087,1
15,1.3187811099860083,0.8967763386508087,1
15,1.4161814790388463,0.8967763386508087,1
15,1.5135818480916843,0.8967763386508087,1
15,1.6109822171445218,0.8967763386508087,1
15,1.7083825861973598,0.8967763386508087,1
15,1.8057829552501978,0.8967763386508087,1
15,1.9031833243030354,0.8967763386508087,1
15,2.000583693355873,0.8967763386508087,1
15,2.0979840624087114,0.8967763386508087,1
15,2.195384431461549,0.8967763386508087,1
15,2.2927848005143865,0.8967763386508087,1
15,2.390185169567225,0.8967763386508087,1
15,2.4875855386200625,0.8967763386508087,1
15,2.5849859076729,0.8967763386508087,1
15,2.6823862767257385,0.8967763386508087,1
15,2.779786645778576,0.8967763386508087,1
15,2.8771870148314136,0.8967763386508087,1
15,2.974587383884252,0.8967763386508087,1
15,3.0719877529370896,0.8967763386508087,1
15,3.169388121989927,0.8967763386508087,1
15,3.2667884910427656,0.8967763386508087,1
15,3.364188860095603,0.8967763386508087,1
15,3.4615892291484407,0.8967763386508087,1
15,3.5589895982012782,0.8967763386508087,1
15,3.6563899672541167,0.8967763386508087,1
15,3.7537903363069542,0.8967763386508087,1
15,3.851190705359792,0.8967763386508087,1
15,3.9485910744126302,0.8967763386508087,1
15,4.045991443465468,0.8967763386508087,1
15,4.143391812518305,0.8967763386508087,1
15,4.240792181571144,0.8967763386508087,1
15,4.338192550623981,0.8967763386508087,1
15,4.435592919676819,0.8967763386508087,1
15,4.532993288729657,0.8967763386508087,1
15,-2.1876321759161534,0.9744418766023695,0
15,-2.0902318068633154,0.9744418766023695,0
15,-1.992831437810478,0.9744418766023695,0
15,-1.89543106875764,0.9744418766023695,0
15,-1.7980306997048021,0.9744418766023695,0
15,-1.7006303306519643,0.9744418766023695,0
15,-1.6032299615991263,0.9744418766023695,0
15,-1.5058295925462886,0.9744418766023695,0
15,-1.4084292234934508,0.9744418766023695,0
15,-1.311028854440613,0.9744418766023695,0
15,-1.2136284853877752,0.9744418766023695,0
15,-1.1162281163349372,0.9744418766023695,0
15,-1.0188277472820995,0.9744418766023695,0
15,-0.9214273782292617,0.9744418766023695,0
15,-0.8240270091764237,0.9744418766023695,0
15,-0.7266266401235859,0.9744418766023695,0
15,-0.6292262710707481,0.9744418766023695,1
15,-0.5318259020179104,0.9744418766023695,1
15,-0.4344255329650726,0.9744418766023695,1
15,-0.3370251639122346,0.9744418766023695,1
15,-0.2396247948593968,0.9744418766023695,1
15,-0.14222442580655903,0.9744418766023695,1
15,-0.04482405675372103,0.9744418766023695,1
15,0.05257631229911652,0.9744418766023695,1
15,0.14997668135195452,0.9744418766023695,1
15,0.24737705040479252,0.9744418766023695,1
15,0.3447774194576301,0.9744418766023695,1
15,0.4421777885104681,0.9744418766023695,1
15,0.5395781575633061,0.9744418766023695,1
15,0.6369785266161436,0.9744418766023695,1
15,0.7343788956689816,0.9744418766023695,1
15,0.8317792647218192,0.9744418766023695,1
15,0.9291796337746572,0.9744418766023695,1
15,1.0265800028274952,0.9744418766023695,1
15,1.1239803718803327,0.9744418766023695,1
15,1.2213807409331707,0.9744418766023695,1
15,1.3187811099860083,0.9744418766023695,1
15,1.4161814790388463,0.9744418766023695,1
15,1.5135818480916843,0.9744418766023695,1
15,1.6109822171445218,0.9744418766023695,1
15,1.7083825861973598,0.9744418766023695,1
15,1.8057829552501978,0.9744418766023695,1
15,1.9031833243030354,0.9744418766023695,1
15,2.000583693355873,0.9744418766023695,1
15,2.0979840624087114,0.9744418766023695,1
15,2.195384431461549,0.9744418766023695,1
15,2.2927848005143865,0.9744418766023695,1
15,2.390185169567225,0.9744418766023695,1
15,2.4875855386200625,0.9744418766023695,1
15,2.5849859076729,0.9744418766023695,1
15,2.6823862767257385,0.9744418766023695,1
15,2.779786645778576,0.9744418766023695,1
15,2.8771870148314136,0.9744418766023695,1
15,2.974587383884252,0.9744418766023695,1
15,3.0719877529370896,0.9744418766023695,1
15,3.169388121989927,0.9744418766023695,1
15,3.2667884910427656,0.9744418766023695,1
15,3.364188860095603,0.9744418766023695,1
15,3.4615892291484407,0.9744418766023695,1
15,3.5589895982012782,0.9744418766023695,1
15,3.6563899672541167,0.9744418766023695,1
15,3.7537903363069542,0.9744418766023695,1
15,3.851190705359792,0.9744418766023695,1
15,3.9485910744126302,0.9744418766023695,1
15,4.045991443465468,0.9744418766023695,1
15,4.143391812518305,0.9744418766023695,1
15,4.240792181571144,0.9744418766023695,1
15,4.338192550623981,0.9744418766023695,1
15,4.435592919676819,0.9744418766023695,1
15,4.532993288729657,0.9744418766023695,1
15,-2.1876321759161534,1.0521074145539306,0
15,-2.0902318068633154,1.0521074145539306,0
15,-1.992831437810478,1.0521074145539306,0
15,-1.89543106875764,1.0521074145539306,0
15,-1.7980306997048021,1.0521074145539306,0
15,-1.7006303306519643,1.0521074145539306,0
15,-1.6032299615991263,1.0521074145539306,0
15,-1.5058295925462886,1.0521074145539306,0
15,-1.4084292234934508,1.0521074145539306,0
15,-1.311028854440613,1.0521074145539306,0
15,-1.2136284853877752,1.0521074145539306,0
15,-1.1162281163349372,1.0521074145539306,0
15,-1.0188277472820995,1.0521074145539306,0
15,-0.9214273782292617,1.0521074145539306,0
15,-0.8240270091764237,1.0521074145539306,1
15,-0.7266266401235859,1.0521074145539306,1
15,-0.6292262710707481,1.0521074145539306,1
15,-0.5318259020179104,1.0521074145539306,1
15,-0.4344255329650726,1.0521074145539306,1
15,-0.3370251639122346,1.0521074145539306,1
15,-0.2396247948593968,1.0521074145539306,1
15,-0.14222442580655903,1.0521074145539306,1
15,-0.04482405675372103,1.0521074145539306,1
15,0.05257631229911652,1.0521074145539306,1
15,0.14997668135195452,1.0521074145539306,1
15,0.24737705040479252,1.0521074145539306,1
15,0.3447774194576301,1.0521074145539306,1
15,0.4421777885104681,1.0521074145539306,1
15,0.5395781575633061,1.0521074145539306,1
15,0.6369785266161436,1.0521074145539306,1
15,0.7343788956689816,1.0521074145539306,1
15,0.8317792647218192,1.0521074145539306,1
15,0.9291796337746572,1.0521074145539306,1
15,1.0265800028274952,1.0521074145539306,1
15,1.1239803718803327,1.0521074145539306,1
15,1.2213807409331707,1.0521074145539306,1
15,1.3187811099860083,1.0521074145539306,1
15,1.4161814790388463,1.0521074145539306,1
15,1.5135818480916843,1.0521074145539306,1
15,1.6109822171445218,1.0521074145539306,1
15,1.7083825861973598,1.0521074145539306,1
15,1.8057829552501978,1.0521074145539306,1
15,1.9031833243030354,1.0521074145539306,1
15,2.000583693355873,1.0521074145539306,1
15,2.0979840624087114,1.0521074145539306,1
15,2.195384431461549,1.0521074145539306,1
15,2.2927848005143865,1.0521074145539306,1
15,2.390185169567225,1.0521074145539306,1
15,2.4875855386200625,1.0521074145539306,1
15,2.5849859076729,1.0521074145539306,1
15,2.6823862767257385,1.0521074145539306,1
15,2.779786645778576,1.0521074145539306,1
15,2.8771870148314136,1.0521074145539306,1
15,2.974587383884252,1.0521074145539306,1
15,3.0719877529370896,1.0521074145539306,1
15,3.169388121989927,1.0521074145539306,1
15,3.2667884910427656,1.0521074145539306,1
15,3.364188860095603,1.0521074145539306,1
15,3.4615892291484407,1.0521074145539306,1
15,3.5589895982012782,1.0521074145539306,1
15,3.6563899672541167,1.0521074145539306,1
15,3.7537903363069542,1.0521074145539306,1
15,3.851190705359792,1.0521074145539306,1
15,3.9485910744126302,1.0521074145539306,1
15,4.045991443465468,1.0521074145539306,1
15,4.143391812518305,1.0521074145539306,1
15,4.240792181571144,1.0521074145539306,1
15,4.338192550623981,1.0521074145539306,1
15,4.435592919676819,1.0521074145539306,1
15,4.532993288729657,1.0521074145539306,1
15,-2.1876321759161534,1.1297729525054918,0
15,-2.0902318068633154,1.1297729525054918,0
15,-1.992831437810478,1.1297729525054918,0
15,-1.89543106875764,1.1297729525054918,0
15,-1.7980306997048021,1.1297729525054918,0
15,-1.7006303306519643,1.1297729525054918,0
15,-1.6032299615991263,1.1297729525054918,0
15,-1.5058295925462886,1.1297729525054918,0
15,-1.4084292234934508,1.1297729525054918,0
15,-1.311028854440613,1.1297729525054918,0
15,-1.2136284853877752,1.1297729525054918,0
15,-1.1162281163349372,1.1297729525054918,1
15,-1.0188277472820995,1.1297729525054918,1
15,-0.9214273782292617,1.1297729525054918,1
15,-0.8240270091764237,1.1297729525054918,1
15,-0.7266266401235859,1.1297729525054918,1
15,-0.6292262710707481,1.1297729525054918,1
15,-0.5318259020179104,1.1297729525054918,1
15,-0.4344255329650726,1.1297729525054918,1
15,-0.3370251639122346,1.1297729525054918,1
15,-0.2396247948593968,1.1297729525054918,1
15,-0.14222442580655903,1.1297729525054918,1
15,-0.04482405675372103,1.1297729525054918,1
15,0.05257631229911652,1.1297729525054918,1
15,0.14997668135195452,1.1297729525054918,1
15,0.24737705040479252,1.1297729525054918,1
15,0.3447774194576301,1.1297729525054918,1
15,0.4421777885104681,1.1297729525054918,1
15,0.5395781575633061,1.1297729525054918,1
15,0.6369785266161436,1.1297729525054918,1
15,0.7343788956689816,1.1297729525054918,1
15,0.8317792647218192,1.1297729525054918,1
15,0.9291796337746572,1.1297729525054918,1
15,1.0265800028274952,1.1297729525054918,1
15,1.1239803718803327,1.1297729525054918,1
15,1.2213807409331707,1.1297729525054918,1
15,1.3187811099860083,1.1297729525054918,1
15,1.4161814790388463,1.1297729525054918,1
15,1.5135818480916843,1.1297729525054918,1
15,1.6109822171445218,1.1297729525054918,1
15,1.7083825861973598,1.1297729525054918,1
15,1.8057829552501978,1.1297729525054918,1
15,1.9031833243030354,1.1297729525054918,1
15,2.000583693355873,1.1297729525054918,1
15,2.0979840624087114,1.1297729525054918,1
15,2.195384431461549,1.1297729525054918,1
15,2.2927848005143865,1.1297729525054918,1
15,2.390185169567225,1.1297729525054918,1
15,2.4875855386200625,1.1297729525054918,1
15,2.5849859076729,1.1297729525054918,1
15,2.6823862767257385,1.1297729525054918,1
15,2.779786645778576,1.1297729525054918,1
15,2.8771870148314136,1.1297729525054918,1
15,2.974587383884252,1.1297729525054918,1
15,3.0719877529370896,1.1297729525054918,1
15,3.169388121989927,1.1297729525054918,1
15,3.2667884910427656,1.1297729525054918,1
15,3.364188860095603,1.1297729525054918,1
15,3.4615892291484407,1.1297729525054918,1
15,3.5589895982012782,1.1297729525054918,1
15,3.6563899672541167,1.1297729525054918,1
15,3.7537903363069542,1.1297729525054918,1
15,3.851190705359792,1.1297729525054918,1
15,3.9485910744126302,1.1297729525054918,1
15,4.045991443465468,1.1297729525054918,1
15,4.143391812518305,1.1297729525054918,1
15,4.240792181571144,1.1297729525054918,1
15,4.338192550623981,1.1297729525054918,1
15,4.435592919676819,1.1297729525054918,1
15,4.532993288729657,1.1297729525054918,1
15,-2.1876321759161534,1.207438490457053,0
15,-2.0902318068633154,1.207438490457053,0
15,-1.992831437810478,1.207438490457053,0
15,-1.89543106875764,1.207438490457053,0
15,-1.7980306997048021,1.207438490457053,0
15,-1.7006303306519643,1.207438490457053,0
15,-1.6032299615991263,1.207438490457053,0
15,-1.5058295925462886,1.207438490457053,0
15,-1.4084292234934508,1.207438490457053,0
15,-1.311028854440613,1.207438490457053,1
15,-1.2136284853877752,1.207438490457053,1
15,-1.1162281163349372,1.207438490457053,1
15,-1.0188277472820995,1.207438490457053,1
15,-0.9214273782292617,1.207438490457053,1
15,-0.8240270091764237,1.207438490457053,1
15,-0.7266266401235859,1.207438490457053,1
15,-0.6292262710707481,1.207438490457053,1
15,-0.5318259020179104,1.207438490457053,1
15,-0.4344255329650726,1.207438490457053,1
15,-0.3370251639122346,1.207438490457053,1
15,-0.2396247948593968,1.207438490457053,1
15,-0.14222442580655903,1.207438490457053,1
15,-0.04482405675372103,1.207438490457053,1
15,0.05257631229911652,1.207438490457053,1
15,0.14997668135195452,1.207438490457053,1
15,0.24737705040479252,1.207438490457053,1
15,0.3447774194576301,1.207438490457053,1
15,0.4421777885104681,1.207438490457053,1
15,0.5395781575633061,1.207438490457053,1
15,0.6369785266161436,1.207438490457053,1
15,0.7343788956689816,1.207438490457053,1
15,0.8317792647218192,1.207438490457053,1
15,0.9291796337746572,1.207438490457053,1
15,1.0265800028274952,1.207438490457053,1
15,1.1239803718803327,1.207438490457053,1
15,1.2213807409331707,1.207438490457053,1
15,1.3187811099860083,1.207438490457053,1
15,1.4161814790388463,1.207438490457053,1
15,1.5135818480916843,1.207438490457053,1
15,1.6109822171445218,1.207438490457053,1
15,1.7083825861973598,1.207438490457053,1
15,1.8057829552501978,1.207438490457053,1
15,1.9031833243030354,1.207438490457053,1
15,2.000583693355873,1.207438490457053,1
15,2.0979840624087114,1.207438490457053,1
15,2.195384431461549,1.207438490457053,1
15,2.2927848005143865,1.207438490457053,1
15,2.390185169567225,1.207438490457053,1
15,2.4875855386200625,1.207438490457053,1
15,2.5849859076729,1.207438490457053,1
15,2.6823862767257385,1.207438490457053,1
15,2.779786645778576,1.207438490457053,1
15,2.8771870148314136,1.207438490457053,1
15,2.974587383884252,1.207438490457053,1
15,3.0719877529370896,1.207438490457053,1
15,3.169388121989927,1.207438490457053,1
15,3.2667884910427656,1.207438490457053,1
15,3.364188860095603,1.207438490457053,1
15,3.4615892291484407,1.207438490457053,1
15,3.5589895982012782,1.207438490457053,1
15,3.6563899672541167,1.207438490457053,1
15,3.7537903363069542,1.207438490457053,1
15,3.851190705359792,1.207438490457053,1
15,3.9485910744126302,1.207438490457053,1
15,4.045991443465468,1.207438490457053,1
15,4.143391812518305,1.207438490457053,1
15,4.240792181571144,1.207438490457053,1
15,4.338192550623981,1.207438490457053,1
15,4.435592919676819,1.207438490457053,1
15,4.532993288729657,1.207438490457053,1
15,-2.1876321759161534,1.2851040284086137,0
15,-2.0902318068633154,1.2851040284086137,0
15,-1.992831437810478,1.2851040284086137,0
15,-1.89543106875764,1.2851040284086137,0
15,-1.7980306997048021,1.2851040284086137,0
15,-1.7006303306519643,1.2851040284086137,0
15,-1.6032299615991263,1.2851040284086137,0
15,-1.5058295925462886,1.2851040284086137,0
15,-1.4084292234934508,1.2851040284086137,1
15,-1.311028854440613,1.2851040284086137,1
15,-1.2136284853877752,1.2851040284086137,1
15,-1.1162281163349372,1.2851040284086137,1
15,-1.0188277472820995,1.2851040284086137,1
15,-0.9214273782292617,1.2851040284086137,1
15,-0.8240270091764237,1.2851040284086137,1
15,-0.7266266401235859,1.2851040284086137,1
15,-0.6292262710707481,1.2851040284086137,1
15,-0.5318259020179104,1.2851040284086137,1
15,-0.4344255329650726,1.2851040284086137,1
15,-0.3370251639122346,1.2851040284086137,1
15,-0.2396247948593968,1.2851040284086137,1
15,-0.14222442580655903,1.2851040284086137,1
15,-0.04482405675372103,1.2851040284086137,1
15,0.05257631229911652,1.2851040284086137,1
15,0.14997668135195452,1.2851040284086137,1
15,0.24737705040479252,1.2851040284086137,1
15,0.3447774194576301,1.2851040284086137,1
15,0.4421777885104681,1.2851040284086137,1
15,0.5395781575633061,1.2851040284086137,1
15,0.6369785266161436,1.2851040284086137,1
15,0.7343788956689816,1.2851040284086137,1
15,0.8317792647218192,1.2851040284086137,1
15,0.9291796337746572,1.2851040284086137,1
15,1.0265800028274952,1.2851040284086137,1
15,1.1239803718803327,1.2851040284086137,1
15,1.2213807409331707,1.2851040284086137,1
15,1.3187811099860083,1.2851040284086137,1
15,1.4161814790388463,1.2851040284086137,1
15,1.5135818480916843,1.2851040284086137,1
15,1.6109822171445218,1.2851040284086137,1
15,1.7083825861973598,1.2851040284086137,1
15,1.8057829552501978,1.2851040284086137,1
15,1.9031833243030354,1.2851040284086137,1
15,2.000583693355873,1.2851040284086137,1
15,2.0979840624087114,1.2851040284086137,1
15,2.195384431461549,1.2851040284086137,1
15,2.2927848005143865,1.2851040284086137,1
15,2.390185169567225,1.2851040284086137,1
15,2.4875855386200625,1.2851040284086137,1
15,2.5849859076729,1.2851040284086137,1
15,2.6823862767257385,1.2851040284086137,1
15,2.779786645778576,1.2851040284086137,1
15,2.8771870148314136,1.2851040284086137,1
15,2.974587383884252,1.2851040284086137,1
15,3.0719877529370896,1.2851040284086137,1
15,3.169388121989927,1.2851040284086137,1
15,3.2667884910427656,1.2851040284086137,1
15,3.364188860095603,1.2851040284086137,1
15,3.4615892291484407,1.2851040284086137,1
15,3.5589895982012782,1.2851040284086137,1
15,3.6563899672541167,1.2851040284086137,1
15,3.7537903363069542,1.2851040284086137,1
15,3.851190705359792,1.2851040284086137,1
15,3.9485910744126302,1.2851040284086137,1
15,4.045991443465468,1.2851040284086137,1
15,4.143391812518305,1.2851040284086137,1
15,4.240792181571144,1.2851040284086137,1
15,4.338192550623981,1.2851040284086137,1
15,4.435592919676819,1.2851040284086137,1
15,4.532993288729657,1.2851040284086137,1
15,-2.1876321759161534,1.3627695663601749,0
15,-2.0902318068633154,1.3627695663601749,0
15,-1.992831437810478,1.3627695663601749,0
15,-1.89543106875764,1.3627695663601749,0
15,-1.7980306997048021,1.3627695663601749,0
15,-1.7006303306519643,1.3627695663601749,0
15,-1.6032299615991263,1.3627695663601749,1
15,-1.5058295925462886,1.3627695663601749,1
15,-1.4084292234934508,1.3627695663601749,1
15,-1.311028854440613,1.3627695663601749,1
15,-1.2136284853877752,1.3627695663601749,1
15,-1.1162281163349372,1.3627695663601749,1
15,-1.0188277472820995,1.3627695663601749,1
15,-0.9214273782292617,1.3627695663601749,1
15,-0.8240270091764237,1.3627695663601749,1
15,-0.7266266401235859,1.3627695663601749,1
15,-0.6292262710707481,1.3627695663601749,1
15,-0.5318259020179104,1.3627695663601749,1
15,-0.4344255329650726,1.3627695663601749,1
15,-0.3370251639122346,1.3627695663601749,1
15,-0.2396247948593968,1.3627695663601749,1
15,-0.14222442580655903,1.3627695663601749,1
15,-0.04482405675372103,1.3627695663601749,1
15,0.05257631229911652,1.3627695663601749,1
15,0.14997668135195452,1.3627695663601749,1
15,0.24737705040479252,1.3627695663601749,1
15,0.3447774194576301,1.3627695663601749,1
15,0.4421777885104681,1.3627695663601749,1
15,0.5395781575633061,1.3627695663601749,1
15,0.6369785266161436,1.3627695663601749,1
15,0.7343788956689816,1.3627695663601749,1
15,0.8317792647218192,1.3627695663601749,1
15,0.9291796337746572,1.3627695663601749,1
15,1.0265800028274952,1.3627695663601749,1
15,1.1239803718803327,1.3627695663601749,1
15,1.2213807409331707,1.3627695663601749,1
15,1.3187811099860083,1.3627695663601749,1
15,1.4161814790388463,1.3627695663601749,1
15,1.5135818480916843,1.3627695663601749,1
15,1.6109822171445218,1.3627695663601749,1
15,1.7083825861973598,1.3627695663601749,1
15,1.8057829552501978,1.3627695663601749,1
15,1.9031833243030354,1.3627695663601749,1
15,2.000583693355873,1.3627695663601749,1
15,2.0979840624087114,1.3627695663601749,1
15,2.195384431461549,1.3627695663601749,1
15,2.2927848005143865,1.3627695663601749,1
15,2.390185169567225,1.3627695663601749,1
15,2.4875855386200625,1.3627695663601749,1
15,2.5849859076729,1.3627695663601749,1
15,2.6823862767257385,1.3627695663601749,1
15,2.779786645778576,1.3627695663601749,1
15,2.8771870148314136,1.3627695663601749,1
15,2.974587383884252,1.3627695663601749,1
15,3.0719877529370896,1.3627695663601749,1
15,3.169388121989927,1.3627695663601749,1
15,3.2667884910427656,1.3627695663601749,1
15,3.364188860095603,1.3627695663601749,1
15,3.4615892291484407,1.3627695663601749,1
15,3.5589895982012782,1.3627695663601749,1
15,3.6563899672541167,1.3627695663601749,1
15,3.7537903363069542,1.3627695663601749,1
15,3.851190705359792,1.3627695663601749,1
15,3.9485910744126302,1.3627695663601749,1
15,4.045991443465468,1.3627695663601749,1
15,4.143391812518305,1.3627695663601749,1
15,4.240792181571144,1.3627695663601749,1
15,4.338192550623981,1.3627695663601749,1
15,4.435592919676819,1.3627695663601749,1
15,4.532993288729657,1.3627695663601749,1
15,-2.1876321759161534,1.440435104311736,0
15,-2.0902318068633154,1.440435104311736,0
15,-1.992831437810478,1.440435104311736,0
15,-1.89543106875764,1.440435104311736,0
15,-1.7980306997048021,1.440435104311736,0
15,-1.7006303306519643,1.440435104311736,1
15,-1.6032299615991263,1.440435104311736,1
15,-1.5058295925462886,1.440435104311736,1
15,-1.4084292234934508,1.440435104311736,1
15,-1.311028854440613,1.440435104311736,1
15,-1.2136284853877752,1.440435104311736,1
15,-1.1162281163349372,1.440435104311736,1
15,-1.0188277472820995,1.440435104311736,1
15,-0.9214273782292617,1.440435104311736,1
15,-0.8240270091764237,1.440435104311736,1
15,-0.7266266401235859,1.440435104311736,1
15,-0.6292262710707481,1.440435104311736,1
15,-0.5318259020179104,1.440435104311736,1
15,-0.4344255329650726,1.440435104311736,1
15,-0.3370251639122346,1.440435104311736,1
15,-0.2396247948593968,1.440435104311736,1
15,-0.14222442580655903,1.440435104311736,1
15,-0.04482405675372103,1.440435104311736,1
15,0.05257631229911652,1.440435104311736,1
15,0.14997668135195452,1.440435104311736,1
15,0.24737705040479252,1.440435104311736,1
15,0.3447774194576301,1.440435104311736,1
15,0.4421777885104681,1.440435104311736,1
15,0.5395781575633061,1.440435104311736,1
15,0.6369785266161436,1.440435104311736,1
15,0.7343788956689816,1.440435104311736,1
15,0.8317792647218192,1.440435104311736,1
15,0.9291796337746572,1.440435104311736,1
15,1.0265800028274952,1.440435104311736,1
15,1.1239803718803327,1.440435104311736,1
15,1.2213807409331707,1.440435104311736,1
15,1.3187811099860083,1.440435104311736,1
15,1.4161814790388463,1.440435104311736,1
15,1.5135818480916843,1.440435104311736,1
15,1.6109822171445218,1.440435104311736,1
15,1.7083825861973598,1.440435104311736,1
15,1.8057829552501978,1.440435104311736,1
15,1.9031833243030354,1.440435104311736,1
15,2.000583693355873,1.440435104311736,1
15,2.0979840624087114,1.440435104311736,1
15,2.195384431461549,1.440435104311736,1
15,2.2927848005143865,1.440435104311736,1
15,2.390185169567225,1.440435104311736,1
15,2.4875855386200625,1.440435104311736,1
15,2.5849859076729,1.440435104311736,1
15,2.6823862767257385,1.440435104311736,1
15,2.779786645778576,1.440435104311736,1
15,2.8771870148314136,1.440435104311736,1
15,2.974587383884252,1.440435104311736,1
15,3.0719877529370896,1.440435104311736,1
15,3.169388121989927,1.440435104311736,1
15,3.2667884910427656,1.440435104311736,1
15,3.364188860095603,1.440435104311736,1
15,3.4615892291484407,1.440435104311736,1
15,3.5589895982012782,1.440435104311736,1
15,3.6563899672541167,1.440435104311736,1
15,3.7537903363069542,1.440435104311736,1
15,3.851190705359792,1.440435104311736,1
15,3.9485910744126302,1.440435104311736,1
15,4.045991443465468,1.440435104311736,1
15,4.143391812518305,1.440435104311736,1
15,4.240792181571144,1.440435104311736,1
15,4.338192550623981,1.440435104311736,1
15,4.435592919676819,1.440435104311736,1
15,4.532993288729657,1.440435104311736,1
15,-2.1876321759161534,1.5181006422632968,0
15,-2.0902318068633154,1.5181006422632968,0
15,-1.992831437810478,1.5181006422632968,0
15,-1.89543106875764,1.5181006422632968,1
15,-1.7980306997048021,1.5181006422632968,1
15,-1.7006303306519643,1.5181006422632968,1
15,-1.6032299615991263,1.5181006422632968,1
15,-1.5058295925462886,1.5181006422632968,1
15,-1.4084292234934508,1.5181006422632968,1
15,-1.311028854440613,1.5181006422632968,1
15,-1.2136284853877752,1.5181006422632968,1
15,-1.1162281163349372,1.5181006422632968,1
15,-1.0188277472820995,1.5181006422632968,1
15,-0.9214273782292617,1.5181006422632968,1
15,-0.8240270091764237,1.5181006422632968,1
15,-0.7266266401235859,1.5181006422632968,1
15,-0.6292262710707481,1.5181006422632968,1
15,-0.5318259020179104,1.5181006422632968,1
15,-0.4344255329650726,1.5181006422632968,1
15,-0.3370251639122346,1.5181006422632968,1
15,-0.2396247948593968,1.5181006422632968,1
15,-0.14222442580655903,1.5181006422632968,1
15,-0.04482405675372103,1.5181006422632968,1
15,0.05257631229911652,1.5181006422632968,1
15,0.14997668135195452,1.5181006422632968,1
15,0.24737705040479252,1.5181006422632968,1
15,0.3447774194576301,1.5181006422632968,1
15,0.4421777885104681,1.5181006422632968,1
15,0.5395781575633061,1.5181006422632968,1
15,0.6369785266161436,1.5181006422632968,1
15,0.7343788956689816,1.5181006422632968,1
15,0.8317792647218192,1.5181006422632968,1
15,0.9291796337746572,1.5181006422632968,1
15,1.0265800028274952,1.5181006422632968,1
15,1.1239803718803327,1.5181006422632968,1
15,1.2213807409331707,1.5181006422632968,1
15,1.3187811099860083,1.5181006422632968,1
15,1.4161814790388463,1.5181006422632968,1
15,1.5135818480916843,1.5181006422632968,1
15,1.6109822171445218,1.5181006422632968,1
15,1.7083825861973598,1.5181006422632968,1
15,1.8057829552501978,1.5181006422632968,1
15,1.9031833243030354,1.5181006422632968,1
15,2.000583693355873,1.5181006422632968,1
15,2.0979840624087114,1.5181006422632968,1
15,2.195384431461549,1.5181006422632968,1
15,2.2927848005143865,1.5181006422632968,1
15,2.390185169567225,1.5181006422632968,1
15,2.4875855386200625,1.5181006422632968,1
15,2.5849859076729,1.5181006422632968,1
15,2.6823862767257385,1.5181006422632968,1
15,2.779786645778576,1.5181006422632968,1
15,2.8771870148314136,1.5181006422632968,1
15,2.974587383884252,1.5181006422632968,1
15,3.0719877529370896,1.5181006422632968,1
15,3.169388121989927,1.5181006422632968,1
15,3.2667884910427656,1.5181006422632968,1
15,3.364188860095603,1.5181006422632968,1
15,3.4615892291484407,1.5181006422632968,1
15,3.5589895982012782,1.5181006422632968,1
15,3.6563899672541167,1.5181006422632968,1
15,3.7537903363069542,1.5181006422632968,1
15,3.851190705359792,1.5181006422632968,1
15,3.9485910744126302,1.5181006422632968,1
15,4.045991443465468,1.5181006422632968,1
15,4.143391812518305,1.5181006422632968,1
15,4.240792181571144,1.5181006422632968,1
15,4.338192550623981,1.5181006422632968,1
15,4.435592919676819,1.5181006422632968,1
15,4.532993288729657,1.5181006422632968,1
15,-2.1876321759161534,1.595766180214858,0
15,-2.0902318068633154,1.595766180214858,1
15,-1.992831437810478,1.595766180214858,1
15,-1.89543106875764,1.595766180214858,1
15,-1.7980306997048021,1.595766180214858,1
15,-1.7006303306519643,1.595766180214858,1
15,-1.6032299615991263,1.595766180214858,1
15,-1.5058295925462886,1.595766180214858,1
15,-1.4084292234934508,1.595766180214858,1
15,-1.311028854440613,1.595766180214858,1
15,-1.2136284853877752,1.595766180214858,1
15,-1.1162281163349372,1.595766180214858,1
15,-1.0188277472820995,1.595766180214858,1
15,-0.9214273782292617,1.595766180214858,1
15,-0.8240270091764237,1.595766180214858,1
15,-0.7266266401235859,1.595766180214858,1
15,-0.6292262710707481,1.595766180214858,1
15,-0.5318259020179104,1.595766180214858,1
15,-0.4344255329650726,1.595766180214858,1
15,-0.3370251639122346,1.595766180214858,1
15,-0.2396247948593968,1.595766180214858,1
15,-0.14222442580655903,1.595766180214858,1
15,-0.04482405675372103,1.595766180214858,1
15,0.05257631229911652,1.595766180214858,1
15,0.14997668135195452,1.595766180214858,1
15,0.24737705040479252,1.595766180214858,1
15,0.3447774194576301,1.595766180214858,1
15,0.4421777885104681,1.595766180214858,1
15,0.5395781575633061,1.595766180214858,1
15,0.6369785266161436,1.595766180214858,1
15,0.7343788956689816,1.595766180214858,1
15,0.8317792647218192,1.595766180214858,1
15,0.9291796337746572,1.595766180214858,1
15,1.0265800028274952,1.595766180214858,1
15,1.1239803718803327,1.595766180214858,1
15,1.2213807409331707,1.595766180214858,1
15,1.3187811099860083,1.595766180214858,1
15,1.4161814790388463,1.595766180214858,1
15,1.5135818480916843,1.595766180214858,1
15,1.6109822171445218,1.595766180214858,1
15,1.7083825861973598,1.595766180214858,1
15,1.8057829552501978,1.595766180214858,1
15,1.9031833243030354,1.595766180214858,1
15,2.000583693355873,1.595766180214858,1
15,2.0979840624087114,1.595766180214858,1
15,2.195384431461549,1.595766180214858,1
15,2.2927848005143865,1.595766180214858,1
15,2.390185169567225,1.595766180214858,1
15,2.4875855386200625,1.595766180214858,1
15,2.5849859076729,1.595766180214858,1
15,2.6823862767257385,1.595766180214858,1
15,2.779786645778576,1.595766180214858,1
15,2.8771870148314136,1.595766180214858,1
15,2.974587383884252,1.595766180214858,1
15,3.0719877529370896,1.595766180214858,1
15,3.169388121989927,1.595766180214858,1
15,3.2667884910427656,1.595766180214858,1
15,3.364188860095603,1.595766180214858,1
15,3.4615892291484407,1.595766180214858,1
15,3.5589895982012782,1.595766180214858,1
15,3.6563899672541167,1.595766180214858,1
15,3.7537903363069542,1.595766180214858,1
15,3.851190705359792,1.595766180214858,1
15,3.9485910744126302,1.595766180214858,1
15,4.045991443465468,1.595766180214858,1
15,4.143391812518305,1.595766180214858,1
15,4.240792181571144,1.595766180214858,1
15,4.338192550623981,1.595766180214858,1
15,4.435592919676819,1.595766180214858,1
15,4.532993288729657,1.595766180214858,1
15,-2.1876321759161534,1.6734317181664191,1
15,-2.0902318068633154,1.6734317181664191,1
15,-1.992831437810478,1.6734317181664191,1
15,-1.89543106875764,1.6734317181664191,1
15,-1.7980306997048021,1.6734317181664191,1
15,-1.7006303306519643,1.6734317181664191,1
15,-1.6032299615991263,1.6734317181664191,1
15,-1.5058295925462886,1.6734317181664191,1
15,-1.4084292234934508,1.6734317181664191,1
15,-1.311028854440613,1.6734317181664191,1
15,-1.2136284853877752,1.6734317181664191,1
15,-1.1162281163349372,1.6734317181664191,1
15,-1.0188277472820995,1.6734317181664191,1
15,-0.9214273782292617,1.6734317181664191,1
15,-0.8240270091764237,1.6734317181664191,1
15,-0.7266266401235859,1.6734317181664191,1
15,-0.6292262710707481,1.6734317181664191,1
15,-0.5318259020179104,1.6734317181664191,1
15,-0.4344255329650726,1.6734317181664191,1
15,-0.3370251639122346,1.6734317181664191,1
15,-0.2396247948593968,1.6734317181664191,1
15,-0.14222442580655903,1.6734317181664191,1
15,-0.04482405675372103,1.6734317181664191,1
15,0.05257631229911652,1.6734317181664191,1
15,0.14997668135195452,1.6734317181664191,1
15,0.24737705040479252,1.6734317181664191,1
15,0.3447774194576301,1.6734317181664191,1
15,0.4421777885104681,1.6734317181664191,1
15,0.5395781575633061,1.6734317181664191,1
15,0.6369785266161436,1.6734317181664191,1
15,0.7343788956689816,1.6734317181664191,1
15,0.8317792647218192,1.6734317181664191,1
15,0.9291796337746572,1.6734317181664191,1
15,1.0265800028274952,1.6734317181664191,1
15,1.1239803718803327,1.6734317181664191,1
15,1.2213807409331707,1.6734317181664191,1
15,1.3187811099860083,1.6734317181664191,1
15,1.4161814790388463,1.6734317181664191,1
15,1.5135818480916843,1.6734317181664191,1
15,1.6109822171445218,1.6734317181664191,1
15,1.7083825861973598,1.6734317181664191,1
15,1.8057829552501978,1.6734317181664191,1
15,1.9031833243030354,1.6734317181664191,1
15,2.000583693355873,1.6734317181664191,1
15,2.0979840624087114,1.6734317181664191,1
15,2.195384431461549,1.6734317181664191,1
15,2.2927848005143865,1.6734317181664191,1
15,2.390185169567225,1.6734317181664191,1
15,2.4875855386200625,1.6734317181664191,1
15,2.5849859076729,1.6734317181664191,1
15,2.6823862767257385,1.6734317181664191,1
15,2.779786645778576,1.6734317181664191,1
15,2.8771870148314136,1.6734317181664191,1
15,2.974587383884252,1.6734317181664191,1
15,3.0719877529370896,1.6734317181664191,1
15,3.169388121989927,1.6734317181664191,1
15,3.2667884910427656,1.6734317181664191,1
15,3.364188860095603,1.6734317181664191,1
15,3.4615892291484407,1.6734317181664191,1
15,3.5589895982012782,1.6734317181664191,1
15,3.6563899672541167,1.6734317181664191,1
15,3.7537903363069542,1.6734317181664191,1
15,3.851190705359792,1.6734317181664191,1
15,3.9485910744126302,1.6734317181664191,1
15,4.045991443465468,1.6734317181664191,1
15,4.143391812518305,1.6734317181664191,1
15,4.240792181571144,1.6734317181664191,1
15,4.338192550623981,1.6734317181664191,1
15,4.435592919676819,1.6734317181664191,1
15,4.532993288729657,1.6734317181664191,1
15,-2.1876321759161534,1.7510972561179803,1
15,-2.0902318068633154,1.7510972561179803,1
15,-1.992831437810478,1.7510972561179803,1
15,-1.89543106875764,1.7510972561179803,1
15,-1.7980306997048021,1.7510972561179803,1
15,-1.7006303306519643,1.7510972561179803,1
15,-1.6032299615991263,1.7510972561179803,1
15,-1.5058295925462886,1.7510972561179803,1
15,-1.4084292234934508,1.7510972561179803,1
15,-1.311028854440613,1.7510972561179803,1
15,-1.2136284853877752,1.7510972561179803,1
15,-1.1162281163349372,1.7510972561179803,1
15,-1.0188277472820995,1.7510972561179803,1
15,-0.9214273782292617,1.7510972561179803,1
15,-0.8240270091764237,1.7510972561179803,1
15,-0.7266266401235859,1.7510972561179803,1
15,-0.6292262710707481,1.7510972561179803,1
15,-0.5318259020179104,1.7510972561179803,1
15,-0.4344255329650726,1.7510972561179803,1
15,-0.3370251639122346,1.7510972561179803,1
15,-0.2396247948593968,1.7510972561179803,1
15,-0.14222442580655903,1.7510972561179803,1
15,-0.04482405675372103,1.7510972561179803,1
15,0.05257631229911652,1.7510972561179803,1
15,0.14997668135195452,1.7510972561179803,1
15,0.24737705040479252,1.7510972561179803,1
15,0.3447774194576301,1.7510972561179803,1
15,0.4421777885104681,1.7510972561179803,1
15,0.5395781575633061,1.7510972561179803,1
15,0.6369785266161436,1.7510972561179803,1
15,0.7343788956689816,1.7510972561179803,1
15,0.8317792647218192,1.7510972561179803,1
15,0.9291796337746572,1.7510972561179803,1
15,1.0265800028274952,1.7510972561179803,1
15,1.1239803718803327,1.7510972561179803,1
15,1.2213807409331707,1.7510972561179803,1
15,1.3187811099860083,1.7510972561179803,1
15,1.4161814790388463,1.7510972561179803,1
15,1.5135818480916843,1.7510972561179803,1
15,1.6109822171445218,1.7510972561179803,1
15,1.7083825861973598,1.7510972561179803,1
15,1.8057829552501978,1.7510972561179803,1
15,1.9031833243030354,1.7510972561179803,1
15,2.000583693355873,1.7510972561179803,1
15,2.0979840624087114,1.7510972561179803,1
15,2.195384431461549,1.7510972561179803,1
15,2.2927848005143865,1.7510972561179803,1
15,2.390185169567225,1.7510972561179803,1
15,2.4875855386200625,1.7510972561179803,1
15,2.5849859076729,1.7510972561179803,1
15,2.6823862767257385,1.7510972561179803,1
15,2.779786645778576,1.7510972561179803,1
15,2.8771870148314136,1.7510972561179803,1
15,2.974587383884252,1.7510972561179803,1
15,3.0719877529370896,1.7510972561179803,1
15,3.169388121989927,1.7510972561179803,1
15,3.2667884910427656,1.7510972561179803,1
15,3.364188860095603,1.7510972561179803,1
15,3.4615892291484407,1.7510972561179803,1
15,3.5589895982012782,1.7510972561179803,1
15,3.6563899672541167,1.7510972561179803,1
15,3.7537903363069542,1.7510972561179803,1
15,3.851190705359792,1.7510972561179803,1
15,3.9485910744126302,1.7510972561179803,1
15,4.045991443465468,1.7510972561179803,1
15,4.143391812518305,1.7510972561179803,1
15,4.240792181571144,1.7510972561179803,1
15,4.338192550623981,1.7510972561179803,1
15,4.435592919676819,1.7510972561179803,1
15,4.532993288729657,1.7510972561179803,1
15,-2.1876321759161534,1.8287627940695415,1
15,-2.0902318068633154,1.8287627940695415,1
15,-1.992831437810478,1.8287627940695415,1
15,-1.89543106875764,1.8287627940695415,1
15,-1.7980306997048021,1.8287627940695415,1
15,-1.7006303306519643,1.8287627940695415,1
15,-1.6032299615991263,1.8287627940695415,1
15,-1.5058295925462886,1.8287627940695415,1
15,-1.4084292234934508,1.8287627940695415,1
15,-1.311028854440613,1.8287627940695415,1
15,-1.2136284853877752,1.8287627940695415,1
15,-1.1162281163349372,1.8287627940695415,1
15,-1.0188277472820995,1.8287627940695415,1
15,-0.9214273782292617,1.8287627940695415,1
15,-0.8240270091764237,1.8287627940695415,1
15,-0.7266266401235859,1.8287627940695415,1
15,-0.6292262710707481,1.8287627940695415,1
15,-0.5318259020179104,1.8287627940695415,1
15,-0.4344255329650726,1.8287627940695415,1
15,-0.3370251639122346,1.8287627940695415,1
15,-0.2396247948593968,1.8287627940695415,1
15,-0.14222442580655903,1.8287627940695415,1
15,-0.04482405675372103,1.8287627940695415,1
15,0.05257631229911652,1.8287627940695415,1
15,0.14997668135195452,1.8287627940695415,1
15,0.24737705040479252,1.8287627940695415,1
15,0.3447774194576301,1.8287627940695415,1
15,0.4421777885104681,1.8287627940695415,1
15,0.5395781575633061,1.8287627940695415,1
15,0.6369785266161436,1.8287627940695415,1
15,0.7343788956689816,1.8287627940695415,1
15,0.8317792647218192,1.8287627940695415,1
15,0.9291796337746572,1.8287627940695415,1
15,1.0265800028274952,1.8287627940695415,1
15,1.1239803718803327,1.8287627940695415,1
15,1.2213807409331707,1.8287627940695415,1
15,1.3187811099860083,1.8287627940695415,1
15,1.4161814790388463,1.8287627940695415,1
15,1.5135818480916843,1.8287627940695415,1
15,1.6109822171445218,1.8287627940695415,1
15,1.7083825861973598,1.8287627940695415,1
15,1.8057829552501978,1.8287627940695415,1
15,1.9031833243030354,1.8287627940695415,1
15,2.000583693355873,1.8287627940695415,1
15,2.0979840624087114,1.8287627940695415,1
15,2.195384431461549,1.8287627940695415,1
15,2.2927848005143865,1.8287627940695415,1
15,2.390185169567225,1.8287627940695415,1
15,2.4875855386200625,1.8287627940695415,1
15,2.5849859076729,1.8287627940695415,1
15,2.6823862767257385,1.8287627940695415,1
15,2.779786645778576,1.8287627940695415,1
15,2.8771870148314136,1.8287627940695415,1
15,2.974587383884252,1.8287627940695415,1
15,3.0719877529370896,1.8287627940695415,1
15,3.169388121989927,1.8287627940695415,1
15,3.2667884910427656,1.8287627940695415,1
15,3.364188860095603,1.8287627940695415,1
15,3.4615892291484407,1.8287627940695415,1
15,3.5589895982012782,1.8287627940695415,1
15,3.6563899672541167,1.8287627940695415,1
15,3.7537903363069542,1.8287627940695415,1
15,3.851190705359792,1.8287627940695415,1
15,3.9485910744126302,1.8287627940695415,1
15,4.045991443465468,1.8287627940695415,1
15,4.143391812518305,1.8287627940695415,1
15,4.240792181571144,1.8287627940695415,1
15,4.338192550623981,1.8287627940695415,1
15,4.435592919676819,1.8287627940695415,1
15,4.532993288729657,1.8287627940695415,1
15,-2.1876321759161534,1.9064283320211026,1
15,-2.0902318068633154,1.9064283320211026,1
15,-1.992831437810478,1.9064283320211026,1
15,-1.89543106875764,1.9064283320211026,1
15,-1.7980306997048021,1.9064283320211026,1
15,-1.7006303306519643,1.9064283320211026,1
15,-1.6032299615991263,1.9064283320211026,1
15,-1.5058295925462886,1.9064283320211026,1
15,-1.4084292234934508,1.9064283320211026,1
15,-1.311028854440613,1.9064283320211026,1
15,-1.2136284853877752,1.9064283320211026,1
15,-1.1162281163349372,1.9064283320211026,1
15,-1.0188277472820995,1.9064283320211026,1
15,-0.9214273782292617,1.9064283320211026,1
15,-0.8240270091764237,1.9064283320211026,1
15,-0.7266266401235859,1.9064283320211026,1
15,-0.6292262710707481,1.9064283320211026,1
15,-0.5318259020179104,1.9064283320211026,1
15,-0.4344255329650726,1.9064283320211026,1
15,-0.3370251639122346,1.9064283320211026,1
15,-0.2396247948593968,1.9064283320211026,1
15,-0.14222442580655903,1.9064283320211026,1
15,-0.04482405675372103,1.9064283320211026,1
15,0.05257631229911652,1.9064283320211026,1
15,0.14997668135195452,1.9064283320211026,1
15,0.24737705040479252,1.9064283320211026,1
15,0.3447774194576301,1.9064283320211026,1
15,0.4421777885104681,1.9064283320211026,1
15,0.5395781575633061,1.9064283320211026,1
15,0.6369785266161436,1.9064283320211026,1
15,0.7343788956689816,1.9064283320211026,1
15,0.8317792647218192,1.9064283320211026,1
15,0.9291796337746572,1.9064283320211026,1
15,1.0265800028274952,1.9064283320211026,1
15,1.1239803718803327,1.9064283320211026,1
15,1.2213807409331707,1.9064283320211026,1
15,1.3187811099860083,1.9064283320211026,1
15,1.4161814790388463,1.9064283320211026,1
15,1.5135818480916843,1.9064283320211026,1
15,1.6109822171445218,1.9064283320211026,1
15,1.7083825861973598,1.9064283320211026,1
15,1.8057829552501978,1.9064283320211026,1
15,1.9031833243030354,1.9064283320211026,1
15,2.000583693355873,1.9064283320211026,1
15,2.0979840624087114,1.9064283320211026,1
15,2.195384431461549,1.9064283320211026,1
15,2.2927848005143865,1.9064283320211026,1
15,2.390185169567225,1.9064283320211026,1
15,2.4875855386200625,1.9064283320211026,1
15,2.5849859076729,1.9064283320211026,1
15,2.6823862767257385,1.9064283320211026,1
15,2.779786645778576,1.9064283320211026,1
15,2.8771870148314136,1.9064283320211026,1
15,2.974587383884252,1.9064283320211026,1
15,3.0719877529370896,1.9064283320211026,1
15,3.169388121989927,1.9064283320211026,1
15,3.2667884910427656,1.9064283320211026,1
15,3.364188860095603,1.9064283320211026,1
15,3.4615892291484407,1.9064283320211026,1
15,3.5589895982012782,1.9064283320211026,1
15,3.6563899672541167,1.9064283320211026,1
15,3.7537903363069542,1.9064283320211026,1
15,3.851190705359792,1.9064283320211026,1
15,3.9485910744126302,1.9064283320211026,1
15,4.045991443465468,1.9064283320211026,1
15,4.143391812518305,1.9064283320211026,1
15,4.240792181571144,1.9064283320211026,1
15,4.338192550623981,1.9064283320211026,1
15,4.435592919676819,1.9064283320211026,1
15,4.532993288729657,1.9064283320211026,1
15,-2.1876321759161534,1.984093869972663,1
15,-2.0902318068633154,1.984093869972663,1
15,-1.992831437810478,1.984093869972663,1
15,-1.89543106875764,1.984093869972663,1
15,-1.7980306997048021,1.984093869972663,1
15,-1.7006303306519643,1.984093869972663,1
15,-1.6032299615991263,1.984093869972663,1
15,-1.5058295925462886,1.984093869972663,1
15,-1.4084292234934508,1.984093869972663,1
15,-1.311028854440613,1.984093869972663,1
15,-1.2136284853877752,1.984093869972663,1
15,-1.1162281163349372,1.984093869972663,1
15,-1.0188277472820995,1.984093869972663,1
15,-0.9214273782292617,1.984093869972663,1
15,-0.8240270091764237,1.984093869972663,1
15,-0.7266266401235859,1.984093869972663,1
15,-0.6292262710707481,1.984093869972663,1
15,-0.5318259020179104,1.984093869972663,1
15,-0.4344255329650726,1.984093869972663,1
15,-0.3370251639122346,1.984093869972663,1
15,-0.2396247948593968,1.984093869972663,1
15,-0.14222442580655903,1.984093869972663,1
15,-0.04482405675372103,1.984093869972663,1
15,0.05257631229911652,1.984093869972663,1
15,0.14997668135195452,1.984093869972663,1
15,0.24737705040479252,1.984093869972663,1
15,0.3447774194576301,1.984093869972663,1
15,0.4421777885104681,1.984093869972663,1
15,0.5395781575633061,1.984093869972663,1
15,0.6369785266161436,1.984093869972663,1
15,0.7343788956689816,1.984093869972663,1
15,0.8317792647218192,1.984093869972663,1
15,0.9291796337746572,1.984093869972663,1
15,1.0265800028274952,1.984093869972663,1
15,1.1239803718803327,1.984093869972663,1
15,1.2213807409331707,1.984093869972663,1
15,1.3187811099860083,1.984093869972663,1
15,1.4161814790388463,1.984093869972663,1
15,1.5135818480916843,1.984093869972663,1
15,1.6109822171445218,1.984093869972663,1
15,1.7083825861973598,1.984093869972663,1
15,1.8057829552501978,1.984093869972663,1
15,1.9031833243030354,1.984093869972663,1
15,2.000583693355873,1.984093869972663,1
15,2.0979840624087114,1.984093869972663,1
15,2.195384431461549,1.984093869972663,1
15,2.2927848005143865,1.984093869972663,1
15,2.390185169567225,1.984093869972663,1
15,2.4875855386200625,1.984093869972663,1
15,2.5849859076729,1.984093869972663,1
15,2.6823862767257385,1.984093869972663,1
15,2.779786645778576,1.984093869972663,1
15,2.8771870148314136,1.984093869972663,1
15,2.974587383884252,1.984093869972663,1
15,3.0719877529370896,1.984093869972663,1
15,3.169388121989927,1.984093869972663,1
15,3.2667884910427656,1.984093869972663,1
15,3.364188860095603,1.984093869972663,1
15,3.4615892291484407,1.984093869972663,1
15,3.5589895982012782,1.984093869972663,1
15,3.6563899672541167,1.984093869972663,1
15,3.7537903363069542,1.984093869972663,1
15,3.851190705359792,1.984093869972663,1
15,3.9485910744126302,1.984093869972663,1
15,4.045991443465468,1.984093869972663,1
15,4.143391812518305,1.984093869972663,1
15,4.240792181571144,1.984093869972663,1
15,4.338192550623981,1.984093869972663,1
15,4.435592919676819,1.984093869972663,1
15,4.532993288729657,1.984093869972663,1
15,-2.1876321759161534,2.061759407924224,1
15,-2.0902318068633154,2.061759407924224,1
15,-1.992831437810478,2.061759407924224,1
15,-1.89543106875764,2.061759407924224,1
15,-1.7980306997048021,2.061759407924224,1
15,-1.7006303306519643,2.061759407924224,1
15,-1.6032299615991263,2.061759407924224,1
15,-1.5058295925462886,2.061759407924224,1
15,-1.4084292234934508,2.061759407924224,1
15,-1.311028854440613,2.061759407924224,1
15,-1.2136284853877752,2.061759407924224,1
15,-1.1162281163349372,2.061759407924224,1
15,-1.0188277472820995,2.061759407924224,1
15,-0.9214273782292617,2.061759407924224,1
15,-0.8240270091764237,2.061759407924224,1
15,-0.7266266401235859,2.061759407924224,1
15,-0.6292262710707481,2.061759407924224,1
15,-0.5318259020179104,2.061759407924224,1
15,-0.4344255329650726,2.061759407924224,1
15,-0.3370251639122346,2.061759407924224,1
15,-0.2396247948593968,2.061759407924224,1
15,-0.14222442580655903,2.061759407924224,1
15,-0.04482405675372103,2.061759407924224,1
15,0.05257631229911652,2.061759407924224,1
15,0.14997668135195452,2.061759407924224,1
15,0.24737705040479252,2.061759407924224,1
15,0.3447774194576301,2.061759407924224,1
15,0.4421777885104681,2.061759407924224,1
15,0.5395781575633061,2.061759407924224,1
15,0.6369785266161436,2.061759407924224,1
15,0.7343788956689816,2.061759407924224,1
15,0.8317792647218192,2.061759407924224,1
15,0.9291796337746572,2.061759407924224,1
15,1.0265800028274952,2.061759407924224,1
15,1.1239803718803327,2.061759407924224,1
15,1.2213807409331707,2.061759407924224,1
15,1.3187811099860083,2.061759407924224,1
15,1.4161814790388463,2.061759407924224,1
15,1.5135818480916843,2.061759407924224,1
15,1.6109822171445218,2.061759407924224,1
15,1.7083825861973598,2.061759407924224,1
15,1.8057829552501978,2.061759407924224,1
15,1.9031833243030354,2.061759407924224,1
15,2.000583693355873,2.061759407924224,1
15,2.0979840624087114,2.061759407924224,1
15,2.195384431461549,2.061759407924224,1
15,2.2927848005143865,2.061759407924224,1
15,2.390185169567225,2.061759407924224,1
15,2.4875855386200625,2.061759407924224,1
15,2.5849859076729,2.061759407924224,1
15,2.6823862767257385,2.061759407924224,1
15,2.779786645778576,2.061759407924224,1
15,2.8771870148314136,2.061759407924224,1
15,2.974587383884252,2.061759407924224,1
15,3.0719877529370896,2.061759407924224,1
15,3.169388121989927,2.061759407924224,1
15,3.2667884910427656,2.061759407924224,1
15,3.364188860095603,2.061759407924224,1
15,3.4615892291484407,2.061759407924224,1
15,3.5589895982012782,2.061759407924224,1
15,3.6563899672541167,2.061759407924224,1
15,3.7537903363069542,2.061759407924224,1
15,3.851190705359792,2.061759407924224,1
15,3.9485910744126302,2.061759407924224,1
15,4.045991443465468,2.061759407924224,1
15,4.143391812518305,2.061759407924224,1
15,4.240792181571144,2.061759407924224,1
15,4.338192550623981,2.061759407924224,1
15,4.435592919676819,2.061759407924224,1
15,4.532993288729657,2.061759407924224,1
15,-2.1876321759161534,2.1394249458757852,1
15,-2.0902318068633154,2.1394249458757852,1
15,-1.992831437810478,2.1394249458757852,1
15,-1.89543106875764,2.1394249458757852,1
15,-1.7980306997048021,2.1394249458757852,1
15,-1.7006303306519643,2.1394249458757852,1
15,-1.6032299615991263,2.1394249458757852,1
15,-1.5058295925462886,2.1394249458757852,1
15,-1.4084292234934508,2.1394249458757852,1
15,-1.311028854440613,2.1394249458757852,1
15,-1.2136284853877752,2.1394249458757852,1
15,-1.1162281163349372,2.1394249458757852,1
15,-1.0188277472820995,2.1394249458757852,1
15,-0.9214273782292617,2.1394249458757852,1
15,-0.8240270091764237,2.1394249458757852,1
15,-0.7266266401235859,2.1394249458757852,1
15,-0.6292262710707481,2.1394249458757852,1
15,-0.5318259020179104,2.1394249458757852,1
15,-0.4344255329650726,2.1394249458757852,1
15,-0.3370251639122346,2.1394249458757852,1
15,-0.2396247948593968,2.1394249458757852,1
15,-0.14222442580655903,2.1394249458757852,1
15,-0.04482405675372103,2.1394249458757852,1
15,0.05257631229911652,2.1394249458757852,1
15,0.14997668135195452,2.1394249458757852,1
15,0.24737705040479252,2.1394249458757852,1
15,0.3447774194576301,2.1394249458757852,1
15,0.4421777885104681,2.1394249458757852,1
15,0.5395781575633061,2.1394249458757852,1
15,0.6369785266161436,2.1394249458757852,1
15,0.7343788956689816,2.1394249458757852,1
15,0.8317792647218192,2.1394249458757852,1
15,0.9291796337746572,2.1394249458757852,1
15,1.0265800028274952,2.1394249458757852,1
15,1.1239803718803327,2.1394249458757852,1
15,1.2213807409331707,2.1394249458757852,1
15,1.3187811099860083,2.1394249458757852,1
15,1.4161814790388463,2.1394249458757852,1
15,1.5135818480916843,2.1394249458757852,1
15,1.6109822171445218,2.1394249458757852,1
15,1.7083825861973598,2.1394249458757852,1
15,1.8057829552501978,2.1394249458757852,1
15,1.9031833243030354,2.1394249458757852,1
15,2.000583693355873,2.1394249458757852,1
15,2.0979840624087114,2.1394249458757852,1
15,2.195384431461549,2.1394249458757852,1
15,2.2927848005143865,2.1394249458757852,1
15,2.390185169567225,2.1394249458757852,1
15,2.4875855386200625,2.1394249458757852,1
15,2.5849859076729,2.1394249458757852,1
15,2.6823862767257385,2.1394249458757852,1
15,2.779786645778576,2.1394249458757852,1
15,2.8771870148314136,2.1394249458757852,1
15,2.974587383884252,2.1394249458757852,1
15,3.0719877529370896,2.1394249458757852,1
15,3.169388121989927,2.1394249458757852,1
15,3.2667884910427656,2.1394249458757852,1
15,3.364188860095603,2.1394249458757852,1
15,3.4615892291484407,2.1394249458757852,1
15,3.5589895982012782,2.1394249458757852,1
15,3.6563899672541167,2.1394249458757852,1
15,3.7537903363069542,2.1394249458757852,1
15,3.851190705359792,2.1394249458757852,1
15,3.9485910744126302,2.1394249458757852,1
15,4.045991443465468,2.1394249458757852,1
15,4.143391812518305,2.1394249458757852,1
15,4.240792181571144,2.1394249458757852,1
15,4.338192550623981,2.1394249458757852,1
15,4.435592919676819,2.1394249458757852,1
15,4.532993288729657,2.1394249458757852,1
15,-2.1876321759161534,2.2170904838273464,1
15,-2.0902318068633154,2.2170904838273464,1
15,-1.992831437810478,2.2170904838273464,1
15,-1.89543106875764,2.2170904838273464,1
15,-1.7980306997048021,2.2170904838273464,1
15,-1.7006303306519643,2.2170904838273464,1
15,-1.6032299615991263,2.2170904838273464,1
15,-1.5058295925462886,2.2170904838273464,1
15,-1.4084292234934508,2.2170904838273464,1
15,-1.311028854440613,2.2170904838273464,1
15,-1.2136284853877752,2.2170904838273464,1
15,-1.1162281163349372,2.2170904838273464,1
15,-1.0188277472820995,2.2170904838273464,1
15,-0.9214273782292617,2.2170904838273464,1
15,-0.8240270091764237,2.2170904838273464,1
15,-0.7266266401235859,2.2170904838273464,1
15,-0.6292262710707481,2.2170904838273464,1
15,-0.5318259020179104,2.2170904838273464,1
15,-0.4344255329650726,2.2170904838273464,1
15,-0.3370251639122346,2.2170904838273464,1
15,-0.2396247948593968,2.2170904838273464,1
15,-0.14222442580655903,2.2170904838273464,1
15,-0.04482405675372103,2.2170904838273464,1
15,0.05257631229911652,2.2170904838273464,1
15,0.14997668135195452,2.2170904838273464,1
15,0.24737705040479252,2.2170904838273464,1
15,0.3447774194576301,2.2170904838273464,1
15,0.4421777885104681,2.2170904838273464,1
15,0.5395781575633061,2.2170904838273464,1
15,0.6369785266161436,2.2170904838273464,1
15,0.7343788956689816,2.2170904838273464,1
15,0.8317792647218192,2.2170904838273464,1
15,0.9291796337746572,2.2170904838273464,1
15,1.0265800028274952,2.2170904838273464,1
15,1.1239803718803327,2.2170904838273464,1
15,1.2213807409331707,2.2170904838273464,1
15,1.3187811099860083,2.2170904838273464,1
15,1.4161814790388463,2.2170904838273464,1
15,1.5135818480916843,2.2170904838273464,1
15,1.6109822171445218,2.2170904838273464,1
15,1.7083825861973598,2.2170904838273464,1
15,1.8057829552501978,2.2170904838273464,1
15,1.9031833243030354,2.2170904838273464,1
15,2.000583693355873,2.2170904838273464,1
15,2.0979840624087114,2.2170904838273464,1
15,2.195384431461549,2.2170904838273464,1
15,2.2927848005143865,2.2170904838273464,1
15,2.390185169567225,2.2170904838273464,1
15,2.4875855386200625,2.2170904838273464,1
15,2.5849859076729,2.2170904838273464,1
15,2.6823862767257385,2.2170904838273464,1
15,2.779786645778576,2.2170904838273464,1
15,2.8771870148314136,2.2170904838273464,1
15,2.974587383884252,2.2170904838273464,1
15,3.0719877529370896,2.2170904838273464,1
15,3.169388121989927,2.2170904838273464,1
15,3.2667884910427656,2.2170904838273464,1
15,3.364188860095603,2.2170904838273464,1
15,3.4615892291484407,2.2170904838273464,1
15,3.5589895982012782,2.2170904838273464,1
15,3.6563899672541167,2.2170904838273464,1
15,3.7537903363069542,2.2170904838273464,1
15,3.851190705359792,2.2170904838273464,1
15,3.9485910744126302,2.2170904838273464,1
15,4.045991443465468,2.2170904838273464,1
15,4.143391812518305,2.2170904838273464,1
15,4.240792181571144,2.2170904838273464,1
15,4.338192550623981,2.2170904838273464,1
15,4.435592919676819,2.2170904838273464,1
15,4.532993288729657,2.2170904838273464,1
15,-2.1876321759161534,2.2947560217789076,1
15,-2.0902318068633154,2.2947560217789076,1
15,-1.992831437810478,2.2947560217789076,1
15,-1.89543106875764,2.2947560217789076,1
15,-1.7980306997048021,2.2947560217789076,1
15,-1.7006303306519643,2.2947560217789076,1
15,-1.6032299615991263,2.2947560217789076,1
15,-1.5058295925462886,2.2947560217789076,1
15,-1.4084292234934508,2.2947560217789076,1
15,-1.311028854440613,2.2947560217789076,1
15,-1.2136284853877752,2.2947560217789076,1
15,-1.1162281163349372,2.2947560217789076,1
15,-1.0188277472820995,2.2947560217789076,1
15,-0.9214273782292617,2.2947560217789076,1
15,-0.8240270091764237,2.2947560217789076,1
15,-0.7266266401235859,2.2947560217789076,1
15,-0.6292262710707481,2.2947560217789076,1
15,-0.5318259020179104,2.2947560217789076,1
15,-0.4344255329650726,2.2947560217789076,1
15,-0.3370251639122346,2.2947560217789076,1
15,-0.2396247948593968,2.2947560217789076,1
15,-0.14222442580655903,2.2947560217789076,1
15,-0.04482405675372103,2.2947560217789076,1
15,0.05257631229911652,2.2947560217789076,1
15,0.14997668135195452,2.2947560217789076,1
15,0.24737705040479252,2.2947560217789076,1
15,0.3447774194576301,2.2947560217789076,1
15,0.4421777885104681,2.2947560217789076,1
15,0.5395781575633061,2.2947560217789076,1
15,0.6369785266161436,2.2947560217789076,1
15,0.7343788956689816,2.2947560217789076,1
15,0.8317792647218192,2.2947560217789076,1
15,0.9291796337746572,2.2947560217789076,1
15,1.0265800028274952,2.2947560217789076,1
15,1.1239803718803327,2.2947560217789076,1
15,1.2213807409331707,2.2947560217789076,1
15,1.3187811099860083,2.2947560217789076,1
15,1.4161814790388463,2.2947560217789076,1
15,1.5135818480916843,2.2947560217789076,1
15,1.6109822171445218,2.2947560217789076,1
15,1.7083825861973598,2.2947560217789076,1
15,1.8057829552501978,2.2947560217789076,1
15,1.9031833243030354,2.2947560217789076,1
15,2.000583693355873,2.2947560217789076,1
15,2.0979840624087114,2.2947560217789076,1
15,2.195384431461549,2.2947560217789076,1
15,2.2927848005143865,2.2947560217789076,1
15,2.390185169567225,2.2947560217789076,1
15,2.4875855386200625,2.2947560217789076,1
15,2.5849859076729,2.2947560217789076,1
15,2.6823862767257385,2.2947560217789076,1
15,2.779786645778576,2.2947560217789076,1
15,2.8771870148314136,2.2947560217789076,1
15,2.974587383884252,2.2947560217789076,1
15,3.0719877529370896,2.2947560217789076,1
15,3.169388121989927,2.2947560217789076,1
15,3.2667884910427656,2.2947560217789076,1
15,3.364188860095603,2.2947560217789076,1
15,3.4615892291484407,2.2947560217789076,1
15,3.5589895982012782,2.2947560217789076,1
15,3.6563899672541167,2.2947560217789076,1
15,3.7537903363069542,2.2947560217789076,1
15,3.851190705359792,2.2947560217789076,1
15,3.9485910744126302,2.2947560217789076,1
15,4.045991443465468,2.2947560217789076,1
15,4.143391812518305,2.2947560217789076,1
15,4.240792181571144,2.2947560217789076,1
15,4.338192550623981,2.2947560217789076,1
15,4.435592919676819,2.2947560217789076,1
15,4.532993288729657,2.2947560217789076,1
15,-2.1876321759161534,2.3724215597304688,1
15,-2.0902318068633154,2.3724215597304688,1
15,-1.992831437810478,2.3724215597304688,1
15,-1.89543106875764,2.3724215597304688,1
15,-1.7980306997048021,2.3724215597304688,1
15,-1.7006303306519643,2.3724215597304688,1
15,-1.6032299615991263,2.3724215597304688,1
15,-1.5058295925462886,2.3724215597304688,1
15,-1.4084292234934508,2.3724215597304688,1
15,-1.311028854440613,2.3724215597304688,1
15,-1.2136284853877752,2.3724215597304688,1
15,-1.1162281163349372,2.3724215597304688,1
15,-1.0188277472820995,2.3724215597304688,1
15,-0.9214273782292617,2.3724215597304688,1
15,-0.8240270091764237,2.3724215597304688,1
15,-0.7266266401235859,2.3724215597304688,1
15,-0.6292262710707481,2.3724215597304688,1
15,-0.5318259020179104,2.3724215597304688,1
15,-0.4344255329650726,2.3724215597304688,1
15,-0.3370251639122346,2.3724215597304688,1
15,-0.2396247948593968,2.3724215597304688,1
15,-0.14222442580655903,2.3724215597304688,1
15,-0.04482405675372103,2.3724215597304688,1
15,0.05257631229911652,2.3724215597304688,1
15,0.14997668135195452,2.3724215597304688,1
15,0.24737705040479252,2.3724215597304688,1
15,0.3447774194576301,2.3724215597304688,1
15,0.4421777885104681,2.3724215597304688,1
15,0.5395781575633061,2.3724215597304688,1
15,0.6369785266161436,2.3724215597304688,1
15,0.7343788956689816,2.3724215597304688,1
15,0.8317792647218192,2.3724215597304688,1
15,0.9291796337746572,2.3724215597304688,1
15,1.0265800028274952,2.3724215597304688,1
15,1.1239803718803327,2.3724215597304688,1
15,1.2213807409331707,2.3724215597304688,1
15,1.3187811099860083,2.3724215597304688,1
15,1.4161814790388463,2.3724215597304688,1
15,1.5135818480916843,2.3724215597304688,1
15,1.6109822171445218,2.3724215597304688,1
15,1.7083825861973598,2.3724215597304688,1
15,1.8057829552501978,2.3724215597304688,1
15,1.9031833243030354,2.3724215597304688,1
15,2.000583693355873,2.3724215597304688,1
15,2.0979840624087114,2.3724215597304688,1
15,2.195384431461549,2.3724215597304688,1
15,2.2927848005143865,2.3724215597304688,1
15,2.390185169567225,2.3724215597304688,1
15,2.4875855386200625,2.3724215597304688,1
15,2.5849859076729,2.3724215597304688,1
15,2.6823862767257385,2.3724215597304688,1
15,2.779786645778576,2.3724215597304688,1
15,2.8771870148314136,2.3724215597304688,1
15,2.974587383884252,2.3724215597304688,1
15,3.0719877529370896,2.3724215597304688,1
15,3.169388121989927,2.3724215597304688,1
15,3.2667884910427656,2.3724215597304688,1
15,3.364188860095603,2.3724215597304688,1
15,3.4615892291484407,2.3724215597304688,1
15,3.5589895982012782,2.3724215597304688,1
15,3.6563899672541167,2.3724215597304688,1
15,3.7537903363069542,2.3724215597304688,1
15,3.851190705359792,2.3724215597304688,1
15,3.9485910744126302,2.3724215597304688,1
15,4.045991443465468,2.3724215597304688,1
15,4.143391812518305,2.3724215597304688,1
15,4.240792181571144,2.3724215597304688,1
15,4.338192550623981,2.3724215597304688,1
15,4.435592919676819,2.3724215597304688,1
15,4.532993288729657,2.3724215597304688,1
15,-2.1876321759161534,2.45008709768203,1
15,-2.0902318068633154,2.45008709768203,1
15,-1.992831437810478,2.45008709768203,1
15,-1.89543106875764,2.45008709768203,1
15,-1.7980306997048021,2.45008709768203,1
15,-1.7006303306519643,2.45008709768203,1
15,-1.6032299615991263,2.45008709768203,1
15,-1.5058295925462886,2.45008709768203,1
15,-1.4084292234934508,2.45008709768203,1
15,-1.311028854440613,2.45008709768203,1
15,-1.2136284853877752,2.45008709768203,1
15,-1.1162281163349372,2.45008709768203,1
15,-1.0188277472820995,2.45008709768203,1
15,-0.9214273782292617,2.45008709768203,1
15,-0.8240270091764237,2.45008709768203,1
15,-0.7266266401235859,2.45008709768203,1
15,-0.6292262710707481,2.45008709768203,1
15,-0.5318259020179104,2.45008709768203,1
15,-0.4344255329650726,2.45008709768203,1
15,-0.3370251639122346,2.45008709768203,1
15,-0.2396247948593968,2.45008709768203,1
15,-0.14222442580655903,2.45008709768203,1
15,-0.04482405675372103,2.45008709768203,1
15,0.05257631229911652,2.45008709768203,1
15,0.14997668135195452,2.45008709768203,1
15,0.24737705040479252,2.45008709768203,1
15,0.3447774194576301,2.45008709768203,1
15,0.4421777885104681,2.45008709768203,1
15,0.5395781575633061,2.45008709768203,1
15,0.6369785266161436,2.45008709768203,1
15,0.7343788956689816,2.45008709768203,1
15,0.8317792647218192,2.45008709768203,1
15,0.9291796337746572,2.45008709768203,1
15,1.0265800028274952,2.45008709768203,1
15,1.1239803718803327,2.45008709768203,1
15,1.2213807409331707,2.45008709768203,1
15,1.3187811099860083,2.45008709768203,1
15,1.4161814790388463,2.45008709768203,1
15,1.5135818480916843,2.45008709768203,1
15,1.6109822171445218,2.45008709768203,1
15,1.7083825861973598,2.45008709768203,1
15,1.8057829552501978,2.45008709768203,1
15,1.9031833243030354,2.45008709768203,1
15,2.000583693355873,2.45008709768203,1
15,2.0979840624087114,2.45008709768203,1
15,2.195384431461549,2.45008709768203,1
15,2.2927848005143865,2.45008709768203,1
15,2.390185169567225,2.45008709768203,1
15,2.4875855386200625,2.45008709768203,1
15,2.5849859076729,2.45008709768203,1
15,2.6823862767257385,2.45008709768203,1
15,2.779786645778576,2.45008709768203,1
15,2.8771870148314136,2.45008709768203,1
15,2.974587383884252,2.45008709768203,1
15,3.0719877529370896,2.45008709768203,1
15,3.169388121989927,2.45008709768203,1
15,3.2667884910427656,2.45008709768203,1
15,3.364188860095603,2.45008709768203,1
15,3.4615892291484407,2.45008709768203,1
15,3.5589895982012782,2.45008709768203,1
15,3.6563899672541167,2.45008709768203,1
15,3.7537903363069542,2.45008709768203,1
15,3.851190705359792,2.45008709768203,1
15,3.9485910744126302,2.45008709768203,1
15,4.045991443465468,2.45008709768203,1
15,4.143391812518305,2.45008709768203,1
15,4.240792181571144,2.45008709768203,1
15,4.338192550623981,2.45008709768203,1
15,4.435592919676819,2.45008709768203,1
15,4.532993288729657,2.45008709768203,1
15,-2.1876321759161534,2.52775263563359,1
15,-2.0902318068633154,2.52775263563359,1
15,-1.992831437810478,2.52775263563359,1
15,-1.89543106875764,2.52775263563359,1
15,-1.7980306997048021,2.52775263563359,1
15,-1.7006303306519643,2.52775263563359,1
15,-1.6032299615991263,2.52775263563359,1
15,-1.5058295925462886,2.52775263563359,1
15,-1.4084292234934508,2.52775263563359,1
15,-1.311028854440613,2.52775263563359,1
15,-1.2136284853877752,2.52775263563359,1
15,-1.1162281163349372,2.52775263563359,1
15,-1.0188277472820995,2.52775263563359,1
15,-0.9214273782292617,2.52775263563359,1
15,-0.8240270091764237,2.52775263563359,1
15,-0.7266266401235859,2.52775263563359,1
15,-0.6292262710707481,2.52775263563359,1
15,-0.5318259020179104,2.52775263563359,1
15,-0.4344255329650726,2.52775263563359,1
15,-0.3370251639122346,2.52775263563359,1
15,-0.2396247948593968,2.52775263563359,1
15,-0.14222442580655903,2.52775263563359,1
15,-0.04482405675372103,2.52775263563359,1
15,0.05257631229911652,2.52775263563359,1
15,0.14997668135195452,2.52775263563359,1
15,0.24737705040479252,2.52775263563359,1
15,0.3447774194576301,2.52775263563359,1
15,0.4421777885104681,2.52775263563359,1
15,0.5395781575633061,2.52775263563359,1
15,0.6369785266161436,2.52775263563359,1
15,0.7343788956689816,2.52775263563359,1
15,0.8317792647218192,2.52775263563359,1
15,0.9291796337746572,2.52775263563359,1
15,1.0265800028274952,2.52775263563359,1
15,1.1239803718803327,2.52775263563359,1
15,1.2213807409331707,2.52775263563359,1
15,1.3187811099860083,2.52775263563359,1
15,1.4161814790388463,2.52775263563359,1
15,1.5135818480916843,2.52775263563359,1
15,1.6109822171445218,2.52775263563359,1
15,1.7083825861973598,2.52775263563359,1
15,1.8057829552501978,2.52775263563359,1
15,1.9031833243030354,2.52775263563359,1
15,2.000583693355873,2.52775263563359,1
15,2.0979840624087114,2.52775263563359,1
15,2.195384431461549,2.52775263563359,1
15,2.2927848005143865,2.52775263563359,1
15,2.390185169567225,2.52775263563359,1
15,2.4875855386200625,2.52775263563359,1
15,2.5849859076729,2.52775263563359,1
15,2.6823862767257385,2.52775263563359,1
15,2.779786645778576,2.52775263563359,1
15,2.8771870148314136,2.52775263563359,1
15,2.974587383884252,2.52775263563359,1
15,3.0719877529370896,2.52775263563359,1
15,3.169388121989927,2.52775263563359,1
15,3.2667884910427656,2.52775263563359,1
15,3.364188860095603,2.52775263563359,1
15,3.4615892291484407,2.52775263563359,1
15,3.5589895982012782,2.52775263563359,1
15,3.6563899672541167,2.52775263563359,1
15,3.7537903363069542,2.52775263563359,1
15,3.851190705359792,2.52775263563359,1
15,3.9485910744126302,2.52775263563359,1
15,4.045991443465468,2.52775263563359,1
15,4.143391812518305,2.52775263563359,1
15,4.240792181571144,2.52775263563359,1
15,4.338192550623981,2.52775263563359,1
15,4.435592919676819,2.52775263563359,1
15,4.532993288729657,2.52775263563359,1
15,-2.1876321759161534,2.6054181735851514,1
15,-2.0902318068633154,2.6054181735851514,1
15,-1.992831437810478,2.6054181735851514,1
15,-1.89543106875764,2.6054181735851514,1
15,-1.7980306997048021,2.6054181735851514,1
15,-1.7006303306519643,2.6054181735851514,1
15,-1.6032299615991263,2.6054181735851514,1
15,-1.5058295925462886,2.6054181735851514,1
15,-1.4084292234934508,2.6054181735851514,1
15,-1.311028854440613,2.6054181735851514,1
15,-1.2136284853877752,2.6054181735851514,1
15,-1.1162281163349372,2.6054181735851514,1
15,-1.0188277472820995,2.6054181735851514,1
15,-0.9214273782292617,2.6054181735851514,1
15,-0.8240270091764237,2.6054181735851514,1
15,-0.7266266401235859,2.6054181735851514,1
15,-0.6292262710707481,2.6054181735851514,1
15,-0.5318259020179104,2.6054181735851514,1
15,-0.4344255329650726,2.6054181735851514,1
15,-0.3370251639122346,2.6054181735851514,1
15,-0.2396247948593968,2.6054181735851514,1
15,-0.14222442580655903,2.6054181735851514,1
15,-0.04482405675372103,2.6054181735851514,1
15,0.05257631229911652,2.6054181735851514,1
15,0.14997668135195452,2.6054181735851514,1
15,0.24737705040479252,2.6054181735851514,1
15,0.3447774194576301,2.6054181735851514,1
15,0.4421777885104681,2.6054181735851514,1
15,0.5395781575633061,2.6054181735851514,1
15,0.6369785266161436,2.6054181735851514,1
15,0.7343788956689816,2.6054181735851514,1
15,0.8317792647218192,2.6054181735851514,1
15,0.9291796337746572,2.6054181735851514,1
15,1.0265800028274952,2.6054181735851514,1
15,1.1239803718803327,2.6054181735851514,1
15,1.2213807409331707,2.6054181735851514,1
15,1.3187811099860083,2.6054181735851514,1
15,1.4161814790388463,2.6054181735851514,1
15,1.5135818480916843,2.6054181735851514,1
15,1.6109822171445218,2.6054181735851514,1
15,1.7083825861973598,2.6054181735851514,1
15,1.8057829552501978,2.6054181735851514,1
15,1.9031833243030354,2.6054181735851514,1
15,2.000583693355873,2.6054181735851514,1
15,2.0979840624087114,2.6054181735851514,1
15,2.195384431461549,2.6054181735851514,1
15,2.2927848005143865,2.6054181735851514,1
15,2.390185169567225,2.6054181735851514,1
15,2.4875855386200625,2.6054181735851514,1
15,2.5849859076729,2.6054181735851514,1
15,2.6823862767257385,2.6054181735851514,1
15,2.779786645778576,2.6054181735851514,1
15,2.8771870148314136,2.6054181735851514,1
15,2.974587383884252,2.6054181735851514,1
15,3.0719877529370896,2.6054181735851514,1
15,3.169388121989927,2.6054181735851514,1
15,3.2667884910427656,2.6054181735851514,1
15,3.364188860095603,2.6054181735851514,1
15,3.4615892291484407,2.6054181735851514,1
15,3.5589895982012782,2.6054181735851514,1
15,3.6563899672541167,2.6054181735851514,1
15,3.7537903363069542,2.6054181735851514,1
15,3.851190705359792,2.6054181735851514,1
15,3.9485910744126302,2.6054181735851514,1
15,4.045991443465468,2.6054181735851514,1
15,4.143391812518305,2.6054181735851514,1
15,4.240792181571144,2.6054181735851514,1
15,4.338192550623981,2.6054181735851514,1
15,4.435592919676819,2.6054181735851514,1
15,4.532993288729657,2.6054181735851514,1
15,-2.1876321759161534,2.6830837115367125,1
15,-2.0902318068633154,2.6830837115367125,1
15,-1.992831437810478,2.6830837115367125,1
15,-1.89543106875764,2.6830837115367125,1
15,-1.7980306997048021,2.6830837115367125,1
15,-1.7006303306519643,2.6830837115367125,1
15,-1.6032299615991263,2.6830837115367125,1
15,-1.5058295925462886,2.6830837115367125,1
15,-1.4084292234934508,2.6830837115367125,1
15,-1.311028854440613,2.6830837115367125,1
15,-1.2136284853877752,2.6830837115367125,1
15,-1.1162281163349372,2.6830837115367125,1
15,-1.0188277472820995,2.6830837115367125,1
15,-0.9214273782292617,2.6830837115367125,1
15,-0.8240270091764237,2.6830837115367125,1
15,-0.7266266401235859,2.6830837115367125,1
15,-0.6292262710707481,2.6830837115367125,1
15,-0.5318259020179104,2.6830837115367125,1
15,-0.4344255329650726,2.6830837115367125,1
15,-0.3370251639122346,2.6830837115367125,1
15,-0.2396247948593968,2.6830837115367125,1
15,-0.14222442580655903,2.6830837115367125,1
15,-0.04482405675372103,2.6830837115367125,1
15,0.05257631229911652,2.6830837115367125,1
15,0.14997668135195452,2.6830837115367125,1
15,0.24737705040479252,2.6830837115367125,1
15,0.3447774194576301,2.6830837115367125,1
15,0.4421777885104681,2.6830837115367125,1
15,0.5395781575633061,2.6830837115367125,1
15,0.6369785266161436,2.6830837115367125,1
15,0.7343788956689816,2.6830837115367125,1
15,0.8317792647218192,2.6830837115367125,1
15,0.9291796337746572,2.6830837115367125,1
15,1.0265800028274952,2.6830837115367125,1
15,1.1239803718803327,2.6830837115367125,1
15,1.2213807409331707,2.6830837115367125,1
15,1.3187811099860083,2.6830837115367125,1
15,1.4161814790388463,2.6830837115367125,1
15,1.5135818480916843,2.6830837115367125,1
15,1.6109822171445218,2.6830837115367125,1
15,1.7083825861973598,2.6830837115367125,1
15,1.8057829552501978,2.6830837115367125,1
15,1.9031833243030354,2.6830837115367125,1
15,2.000583693355873,2.6830837115367125,1
15,2.0979840624087114,2.6830837115367125,1
15,2.195384431461549,2.6830837115367125,1
15,2.2927848005143865,2.6830837115367125,1
15,2.390185169567225,2.6830837115367125,1
15,2.4875855386200625,2.6830837115367125,1
15,2.5849859076729,2.6830837115367125,1
15,2.6823862767257385,2.6830837115367125,1
15,2.779786645778576,2.6830837115367125,1
15,2.8771870148314136,2.6830837115367125,1
15,2.974587383884252,2.6830837115367125,1
15,3.0719877529370896,2.6830837115367125,1
15,3.169388121989927,2.6830837115367125,1
15,3.2667884910427656,2.6830837115367125,1
15,3.364188860095603,2.6830837115367125,1
15,3.4615892291484407,2.6830837115367125,1
15,3.5589895982012782,2.6830837115367125,1
15,3.6563899672541167,2.6830837115367125,1
15,3.7537903363069542,2.6830837115367125,1
15,3.851190705359792,2.6830837115367125,1
15,3.9485910744126302,2.6830837115367125,1
15,4.045991443465468,2.6830837115367125,1
15,4.143391812518305,2.6830837115367125,1
15,4.240792181571144,2.6830837115367125,1
15,4.338192550623981,2.6830837115367125,1
15,4.435592919676819,2.6830837115367125,1
15,4.532993288729657,2.6830837115367125,1
15,-2.1876321759161534,2.7607492494882737,1
15,-2.0902318068633154,2.7607492494882737,1
15,-1.992831437810478,2.7607492494882737,1
15,-1.89543106875764,2.7607492494882737,1
15,-1.7980306997048021,2.7607492494882737,1
15,-1.7006303306519643,2.7607492494882737,1
15,-1.6032299615991263,2.7607492494882737,1
15,-1.5058295925462886,2.7607492494882737,1
15,-1.4084292234934508,2.7607492494882737,1
15,-1.311028854440613,2.7607492494882737,1
15,-1.2136284853877752,2.7607492494882737,1
15,-1.1162281163349372,2.7607492494882737,1
15,-1.0188277472820995,2.7607492494882737,1
15,-0.9214273782292617,2.7607492494882737,1
15,-0.8240270091764237,2.7607492494882737,1
15,-0.7266266401235859,2.7607492494882737,1
15,-0.6292262710707481,2.7607492494882737,1
15,-0.5318259020179104,2.7607492494882737,1
15,-0.4344255329650726,2.7607492494882737,1
15,-0.3370251639122346,2.7607492494882737,1
15,-0.2396247948593968,2.7607492494882737,1
15,-0.14222442580655903,2.7607492494882737,1
15,-0.04482405675372103,2.7607492494882737,1
15,0.05257631229911652,2.7607492494882737,1
15,0.14997668135195452,2.7607492494882737,1
15,0.24737705040479252,2.7607492494882737,1
15,0.3447774194576301,2.7607492494882737,1
15,0.4421777885104681,2.7607492494882737,1
15,0.5395781575633061,2.7607492494882737,1
15,0.6369785266161436,2.7607492494882737,1
15,0.7343788956689816,2.7607492494882737,1
15,0.8317792647218192,2.7607492494882737,1
15,0.9291796337746572,2.7607492494882737,1
15,1.0265800028274952,2.7607492494882737,1
15,1.1239803718803327,2.7607492494882737,1
15,1.2213807409331707,2.7607492494882737,1
15,1.3187811099860083,2.7607492494882737,1
15,1.4161814790388463,2.7607492494882737,1
15,1.5135818480916843,2.7607492494882737,1
15,1.6109822171445218,2.7607492494882737,1
15,1.7083825861973598,2.7607492494882737,1
15,1.8057829552501978,2.7607492494882737,1
15,1.9031833243030354,2.7607492494882737,1
15,2.000583693355873,2.7607492494882737,1
15,2.0979840624087114,2.7607492494882737,1
15,2.195384431461549,2.7607492494882737,1
15,2.2927848005143865,2.7607492494882737,1
15,2.390185169567225,2.7607492494882737,1
15,2.4875855386200625,2.7607492494882737,1
15,2.5849859076729,2.7607492494882737,1
15,2.6823862767257385,2.7607492494882737,1
15,2.779786645778576,2.7607492494882737,1
15,2.8771870148314136,2.7607492494882737,1
15,2.974587383884252,2.7607492494882737,1
15,3.0719877529370896,2.7607492494882737,1
15,3.169388121989927,2.7607492494882737,1
15,3.2667884910427656,2.7607492494882737,1
15,3.364188860095603,2.7607492494882737,1
15,3.4615892291484407,2.7607492494882737,1
15,3.5589895982012782,2.7607492494882737,1
15,3.6563899672541167,2.7607492494882737,1
15,3.7537903363069542,2.7607492494882737,1
15,3.851190705359792,2.7607492494882737,1
15,3.9485910744126302,2.7607492494882737,1
15,4.045991443465468,2.7607492494882737,1
15,4.143391812518305,2.7607492494882737,1
15,4.240792181571144,2.7607492494882737,1
15,4.338192550623981,2.7607492494882737,1
15,4.435592919676819,2.7607492494882737,1
15,4.532993288729657,2.7607492494882737,1
15,-2.1876321759161534,2.838414787439835,1
15,-2.0902318068633154,2.838414787439835,1
15,-1.992831437810478,2.838414787439835,1
15,-1.89543106875764,2.838414787439835,1
15,-1.7980306997048021,2.838414787439835,1
15,-1.7006303306519643,2.838414787439835,1
15,-1.6032299615991263,2.838414787439835,1
15,-1.5058295925462886,2.838414787439835,1
15,-1.4084292234934508,2.838414787439835,1
15,-1.311028854440613,2.838414787439835,1
15,-1.2136284853877752,2.838414787439835,1
15,-1.1162281163349372,2.838414787439835,1
15,-1.0188277472820995,2.838414787439835,1
15,-0.9214273782292617,2.838414787439835,1
15,-0.8240270091764237,2.838414787439835,1
15,-0.7266266401235859,2.838414787439835,1
15,-0.6292262710707481,2.838414787439835,1
15,-0.5318259020179104,2.838414787439835,1
15,-0.4344255329650726,2.838414787439835,1
15,-0.3370251639122346,2.838414787439835,1
15,-0.2396247948593968,2.838414787439835,1
15,-0.14222442580655903,2.838414787439835,1
15,-0.04482405675372103,2.838414787439835,1
15,0.05257631229911652,2.838414787439835,1
15,0.14997668135195452,2.838414787439835,1
15,0.24737705040479252,2.838414787439835,1
15,0.3447774194576301,2.838414787439835,1
15,0.4421777885104681,2.838414787439835,1
15,0.5395781575633061,2.838414787439835,1
15,0.6369785266161436,2.838414787439835,1
15,0.7343788956689816,2.838414787439835,1
15,0.8317792647218192,2.838414787439835,1
15,0.9291796337746572,2.838414787439835,1
15,1.0265800028274952,2.838414787439835,1
15,1.1239803718803327,2.838414787439835,1
15,1.2213807409331707,2.838414787439835,1
15,1.3187811099860083,2.838414787439835,1
15,1.4161814790388463,2.838414787439835,1
15,1.5135818480916843,2.838414787439835,1
15,1.6109822171445218,2.838414787439835,1
15,1.7083825861973598,2.838414787439835,1
15,1.8057829552501978,2.838414787439835,1
15,1.9031833243030354,2.838414787439835,1
15,2.000583693355873,2.838414787439835,1
15,2.0979840624087114,2.838414787439835,1
15,2.195384431461549,2.838414787439835,1
15,2.2927848005143865,2.838414787439835,1
15,2.390185169567225,2.838414787439835,1
15,2.4875855386200625,2.838414787439835,1
15,2.5849859076729,2.838414787439835,1
15,2.6823862767257385,2.838414787439835,1
15,2.779786645778576,2.838414787439835,1
15,2.8771870148314136,2.838414787439835,1
15,2.974587383884252,2.838414787439835,1
15,3.0719877529370896,2.838414787439835,1
15,3.169388121989927,2.838414787439835,1
15,3.2667884910427656,2.838414787439835,1
15,3.364188860095603,2.838414787439835,1
15,3.4615892291484407,2.838414787439835,1
15,3.5589895982012782,2.838414787439835,1
15,3.6563899672541167,2.838414787439835,1
15,3.7537903363069542,2.838414787439835,1
15,3.851190705359792,2.838414787439835,1
15,3.9485910744126302,2.838414787439835,1
15,4.045991443465468,2.838414787439835,1
15,4.143391812518305,2.838414787439835,1
15,4.240792181571144,2.838414787439835,1
15,4.338192550623981,2.838414787439835,1
15,4.435592919676819,2.838414787439835,1
15,4.532993288729657,2.838414787439835,1
15,-2.1876321759161534,2.916080325391396,1
15,-2.0902318068633154,2.916080325391396,1
15,-1.992831437810478,2.916080325391396,1
15,-1.89543106875764,2.916080325391396,1
15,-1.7980306997048021,2.916080325391396,1
15,-1.7006303306519643,2.916080325391396,1
15,-1.6032299615991263,2.916080325391396,1
15,-1.5058295925462886,2.916080325391396,1
15,-1.4084292234934508,2.916080325391396,1
15,-1.311028854440613,2.916080325391396,1
15,-1.2136284853877752,2.916080325391396,1
15,-1.1162281163349372,2.916080325391396,1
15,-1.0188277472820995,2.916080325391396,1
15,-0.9214273782292617,2.916080325391396,1
15,-0.8240270091764237,2.916080325391396,1
15,-0.7266266401235859,2.916080325391396,1
15,-0.6292262710707481,2.916080325391396,1
15,-0.5318259020179104,2.916080325391396,1
15,-0.4344255329650726,2.916080325391396,1
15,-0.3370251639122346,2.916080325391396,1
15,-0.2396247948593968,2.916080325391396,1
15,-0.14222442580655903,2.916080325391396,1
15,-0.04482405675372103,2.916080325391396,1
15,0.05257631229911652,2.916080325391396,1
15,0.14997668135195452,2.916080325391396,1
15,0.24737705040479252,2.916080325391396,1
15,0.3447774194576301,2.916080325391396,1
15,0.4421777885104681,2.916080325391396,1
15,0.5395781575633061,2.916080325391396,1
15,0.6369785266161436,2.916080325391396,1
15,0.7343788956689816,2.916080325391396,1
15,0.8317792647218192,2.916080325391396,1
15,0.9291796337746572,2.916080325391396,1
15,1.0265800028274952,2.916080325391396,1
15,1.1239803718803327,2.916080325391396,1
15,1.2213807409331707,2.916080325391396,1
15,1.3187811099860083,2.916080325391396,1
15,1.4161814790388463,2.916080325391396,1
15,1.5135818480916843,2.916080325391396,1
15,1.6109822171445218,2.916080325391396,1
15,1.7083825861973598,2.916080325391396,1
15,1.8057829552501978,2.916080325391396,1
15,1.9031833243030354,2.916080325391396,1
15,2.000583693355873,2.916080325391396,1
15,2.0979840624087114,2.916080325391396,1
15,2.195384431461549,2.916080325391396,1
15,2.2927848005143865,2.916080325391396,1
15,2.390185169567225,2.916080325391396,1
15,2.4875855386200625,2.916080325391396,1
15,2.5849859076729,2.916080325391396,1
15,2.6823862767257385,2.916080325391396,1
15,2.779786645778576,2.916080325391396,1
15,2.8771870148314136,2.916080325391396,1
15,2.974587383884252,2.916080325391396,1
15,3.0719877529370896,2.916080325391396,1
15,3.169388121989927,2.916080325391396,1
15,3.2667884910427656,2.916080325391396,1
15,3.364188860095603,2.916080325391396,1
15,3.4615892291484407,2.916080325391396,1
15,3.5589895982012782,2.916080325391396,1
15,3.6563899672541167,2.916080325391396,1
15,3.7537903363069542,2.916080325391396,1
15,3.851190705359792,2.916080325391396,1
15,3.9485910744126302,2.916080325391396,1
15,4.045991443465468,2.916080325391396,1
15,4.143391812518305,2.916080325391396,1
15,4.240792181571144,2.916080325391396,1
15,4.338192550623981,2.916080325391396,1
15,4.435592919676819,2.916080325391396,1
15,4.532993288729657,2.916080325391396,1
15,-2.1876321759161534,2.9937458633429572,1
15,-2.0902318068633154,2.9937458633429572,1
15,-1.992831437810478,2.9937458633429572,1
15,-1.89543106875764,2.9937458633429572,1
15,-1.7980306997048021,2.9937458633429572,1
15,-1.7006303306519643,2.9937458633429572,1
15,-1.6032299615991263,2.9937458633429572,1
15,-1.5058295925462886,2.9937458633429572,1
15,-1.4084292234934508,2.9937458633429572,1
15,-1.311028854440613,2.9937458633429572,1
15,-1.2136284853877752,2.9937458633429572,1
15,-1.1162281163349372,2.9937458633429572,1
15,-1.0188277472820995,2.9937458633429572,1
15,-0.9214273782292617,2.9937458633429572,1
15,-0.8240270091764237,2.9937458633429572,1
15,-0.7266266401235859,2.9937458633429572,1
15,-0.6292262710707481,2.9937458633429572,1
15,-0.5318259020179104,2.9937458633429572,1
15,-0.4344255329650726,2.9937458633429572,1
15,-0.3370251639122346,2.9937458633429572,1
15,-0.2396247948593968,2.9937458633429572,1
15,-0.14222442580655903,2.9937458633429572,1
15,-0.04482405675372103,2.9937458633429572,1
15,0.05257631229911652,2.9937458633429572,1
15,0.14997668135195452,2.9937458633429572,1
15,0.24737705040479252,2.9937458633429572,1
15,0.3447774194576301,2.9937458633429572,1
15,0.4421777885104681,2.9937458633429572,1
15,0.5395781575633061,2.9937458633429572,1
15,0.6369785266161436,2.9937458633429572,1
15,0.7343788956689816,2.9937458633429572,1
15,0.8317792647218192,2.9937458633429572,1
15,0.9291796337746572,2.9937458633429572,1
15,1.0265800028274952,2.9937458633429572,1
15,1.1239803718803327,2.9937458633429572,1
15,1.2213807409331707,2.9937458633429572,1
15,1.3187811099860083,2.9937458633429572,1
15,1.4161814790388463,2.9937458633429572,1
15,1.5135818480916843,2.9937458633429572,1
15,1.6109822171445218,2.9937458633429572,1
15,1.7083825861973598,2.9937458633429572,1
15,1.8057829552501978,2.9937458633429572,1
15,1.9031833243030354,2.9937458633429572,1
15,2.000583693355873,2.9937458633429572,1
15,2.0979840624087114,2.9937458633429572,1
15,2.195384431461549,2.9937458633429572,1
15,2.2927848005143865,2.9937458633429572,1
15,2.390185169567225,2.9937458633429572,1
15,2.4875855386200625,2.9937458633429572,1
15,2.5849859076729,2.9937458633429572,1
15,2.6823862767257385,2.9937458633429572,1
15,2.779786645778576,2.9937458633429572,1
15,2.8771870148314136,2.9937458633429572,1
15,2.974587383884252,2.9937458633429572,1
15,3.0719877529370896,2.9937458633429572,1
15,3.169388121989927,2.9937458633429572,1
15,3.2667884910427656,2.9937458633429572,1
15,3.364188860095603,2.9937458633429572,1
15,3.4615892291484407,2.9937458633429572,1
15,3.5589895982012782,2.9937458633429572,1
15,3.6563899672541167,2.9937458633429572,1
15,3.7537903363069542,2.9937458633429572,1
15,3.851190705359792,2.9937458633429572,1
15,3.9485910744126302,2.9937458633429572,1
15,4.045991443465468,2.9937458633429572,1
15,4.143391812518305,2.9937458633429572,1
15,4.240792181571144,2.9937458633429572,1
15,4.338192550623981,2.9937458633429572,1
15,4.435592919676819,2.9937458633429572,1
15,4.532993288729657,2.9937458633429572,1
15,-2.1876321759161534,3.0714114012945175,1
15,-2.0902318068633154,3.0714114012945175,1
15,-1.992831437810478,3.0714114012945175,1
15,-1.89543106875764,3.0714114012945175,1
15,-1.7980306997048021,3.0714114012945175,1
15,-1.7006303306519643,3.0714114012945175,1
15,-1.6032299615991263,3.0714114012945175,1
15,-1.5058295925462886,3.0714114012945175,1
15,-1.4084292234934508,3.0714114012945175,1
15,-1.311028854440613,3.0714114012945175,1
15,-1.2136284853877752,3.0714114012945175,1
15,-1.1162281163349372,3.0714114012945175,1
15,-1.0188277472820995,3.0714114012945175,1
15,-0.9214273782292617,3.0714114012945175,1
15,-0.8240270091764237,3.0714114012945175,1
15,-0.7266266401235859,3.0714114012945175,1
15,-0.6292262710707481,3.0714114012945175,1
15,-0.5318259020179104,3.0714114012945175,1
15,-0.4344255329650726,3.0714114012945175,1
15,-0.3370251639122346,3.0714114012945175,1
15,-0.2396247948593968,3.0714114012945175,1
15,-0.14222442580655903,3.0714114012945175,1
15,-0.04482405675372103,3.0714114012945175,1
15,0.05257631229911652,3.0714114012945175,1
15,0.14997668135195452,3.0714114012945175,1
15,0.24737705040479252,3.0714114012945175,1
15,0.3447774194576301,3.0714114012945175,1
15,0.4421777885104681,3.0714114012945175,1
15,0.5395781575633061,3.0714114012945175,1
15,0.6369785266161436,3.0714114012945175,1
15,0.7343788956689816,3.0714114012945175,1
15,0.8317792647218192,3.0714114012945175,1
15,0.9291796337746572,3.0714114012945175,1
15,1.0265800028274952,3.0714114012945175,1
15,1.1239803718803327,3.0714114012945175,1
15,1.2213807409331707,3.0714114012945175,1
15,1.3187811099860083,3.0714114012945175,1
15,1.4161814790388463,3.0714114012945175,1
15,1.5135818480916843,3.0714114012945175,1
15,1.6109822171445218,3.0714114012945175,1
15,1.7083825861973598,3.0714114012945175,1
15,1.8057829552501978,3.0714114012945175,1
15,1.9031833243030354,3.0714114012945175,1
15,2.000583693355873,3.0714114012945175,1
15,2.0979840624087114,3.0714114012945175,1
15,2.195384431461549,3.0714114012945175,1
15,2.2927848005143865,3.0714114012945175,1
15,2.390185169567225,3.0714114012945175,1
15,2.4875855386200625,3.0714114012945175,1
15,2.5849859076729,3.0714114012945175,1
15,2.6823862767257385,3.0714114012945175,1
15,2.779786645778576,3.0714114012945175,1
15,2.8771870148314136,3.0714114012945175,1
15,2.974587383884252,3.0714114012945175,1
15,3.0719877529370896,3.0714114012945175,1
15,3.169388121989927,3.0714114012945175,1
15,3.2667884910427656,3.0714114012945175,1
15,3.364188860095603,3.0714114012945175,1
15,3.4615892291484407,3.0714114012945175,1
15,3.5589895982012782,3.0714114012945175,1
15,3.6563899672541167,3.0714114012945175,1
15,3.7537903363069542,3.0714114012945175,1
15,3.851190705359792,3.0714114012945175,1
15,3.9485910744126302,3.0714114012945175,1
15,4.045991443465468,3.0714114012945175,1
15,4.143391812518305,3.0714114012945175,1
15,4.240792181571144,3.0714114012945175,1
15,4.338192550623981,3.0714114012945175,1
15,4.435592919676819,3.0714114012945175,1
15,4.532993288729657,3.0714114012945175,1
15,-2.1876321759161534,3.1490769392460787,1
15,-2.0902318068633154,3.1490769392460787,1
15,-1.992831437810478,3.1490769392460787,1
15,-1.89543106875764,3.1490769392460787,1
15,-1.7980306997048021,3.1490769392460787,1
15,-1.7006303306519643,3.1490769392460787,1
15,-1.6032299615991263,3.1490769392460787,1
15,-1.5058295925462886,3.1490769392460787,1
15,-1.4084292234934508,3.1490769392460787,1
15,-1.311028854440613,3.1490769392460787,1
15,-1.2136284853877752,3.1490769392460787,1
15,-1.1162281163349372,3.1490769392460787,1
15,-1.0188277472820995,3.1490769392460787,1
15,-0.9214273782292617,3.1490769392460787,1
15,-0.8240270091764237,3.1490769392460787,1
15,-0.7266266401235859,3.1490769392460787,1
15,-0.6292262710707481,3.1490769392460787,1
15,-0.5318259020179104,3.1490769392460787,1
15,-0.4344255329650726,3.1490769392460787,1
15,-0.3370251639122346,3.1490769392460787,1
15,-0.2396247948593968,3.1490769392460787,1
15,-0.14222442580655903,3.1490769392460787,1
15,-0.04482405675372103,3.1490769392460787,1
15,0.05257631229911652,3.1490769392460787,1
15,0.14997668135195452,3.1490769392460787,1
15,0.24737705040479252,3.1490769392460787,1
15,0.3447774194576301,3.1490769392460787,1
15,0.4421777885104681,3.1490769392460787,1
15,0.5395781575633061,3.1490769392460787,1
15,0.6369785266161436,3.1490769392460787,1
15,0.7343788956689816,3.1490769392460787,1
15,0.8317792647218192,3.1490769392460787,1
15,0.9291796337746572,3.1490769392460787,1
15,1.0265800028274952,3.1490769392460787,1
15,1.1239803718803327,3.1490769392460787,1
15,1.2213807409331707,3.1490769392460787,1
15,1.3187811099860083,3.1490769392460787,1
15,1.4161814790388463,3.1490769392460787,1
15,1.5135818480916843,3.1490769392460787,1
15,1.6109822171445218,3.1490769392460787,1
15,1.7083825861973598,3.1490769392460787,1
15,1.8057829552501978,3.1490769392460787,1
15,1.9031833243030354,3.1490769392460787,1
15,2.000583693355873,3.1490769392460787,1
15,2.0979840624087114,3.1490769392460787,1
15,2.195384431461549,3.1490769392460787,1
15,2.2927848005143865,3.1490769392460787,1
15,2.390185169567225,3.1490769392460787,1
15,2.4875855386200625,3.1490769392460787,1
15,2.5849859076729,3.1490769392460787,1
15,2.6823862767257385,3.1490769392460787,1
15,2.779786645778576,3.1490769392460787,1
15,2.8771870148314136,3.1490769392460787,1
15,2.974587383884252,3.1490769392460787,1
15,3.0719877529370896,3.1490769392460787,1
15,3.169388121989927,3.1490769392460787,1
15,3.2667884910427656,3.1490769392460787,1
15,3.364188860095603,3.1490769392460787,1
15,3.4615892291484407,3.1490769392460787,1
15,3.5589895982012782,3.1490769392460787,1
15,3.6563899672541167,3.1490769392460787,1
15,3.7537903363069542,3.1490769392460787,1
15,3.851190705359792,3.1490769392460787,1
15,3.9485910744126302,3.1490769392460787,1
15,4.045991443465468,3.1490769392460787,1
15,4.143391812518305,3.1490769392460787,1
15,4.240792181571144,3.1490769392460787,1
15,4.338192550623981,3.1490769392460787,1
15,4.435592919676819,3.1490769392460787,1
15,4.532993288729657,3.1490769392460787,1
